Date,Open,High,Low,Close,Volume,MA_10,MA_50,RSI,BB_Middle,BB_Upper,BB_Lower,Daily_Return,MA_200,MACD,Signal_Line,ADX,ATR,Sentiment_Proxy,RSI_Lag_1,MACD_Lag_1,ADX_Lag_1,RSI_Lag_2,MACD_Lag_2,ADX_Lag_2,RSI_Lag_3,MACD_Lag_3,ADX_Lag_3,Target
2020-12-30 00:00:00+00:00,12.990249633789062,13.213749885559082,12.896750450134276,13.145750045776367,225396000,13.145824909210203,13.286245040893554,57.39340036599043,13.224962520599366,13.671255920318169,12.778669120880563,0.015645247366615322,10.78662626028061,-0.07699925208504865,-0.053900697993010845,16.003585796486234,0.2734642028808599,1.0245797913707406,37.82730724027333,-0.08510907747154306,17.49539270174151,31.245852901564405,-0.07360399669967421,15.634653953435578,34.65195272593384,-0.053445081472117906,12.925143937376145,1
2020-12-31 00:00:00+00:00,13.136500358581545,13.151000022888184,12.914999961853027,13.05500030517578,192424000,13.127074909210204,13.27443504333496,52.752380299846735,13.200487518310547,13.626212103955966,12.774762932665128,-0.006903352055575129,10.826548762321472,-0.077007211478751,-0.05852200069015888,14.833314788953384,0.2746605873107913,1.018273330370285,57.39340036599043,-0.07699925208504865,16.003585796486234,37.82730724027333,-0.08510907747154306,17.49539270174151,31.245852901564405,-0.07360399669967421,15.634653953435578,0
2021-01-04 00:00:00+00:00,13.104249954223633,13.65250015258789,12.962499618530272,13.113499641418455,560640000,13.104299831390382,13.266210041046143,53.296049656940426,13.186362504959106,13.603432039586943,12.769292970331268,0.004480990798558793,10.865495009422302,-0.07146925869401777,-0.061111452290930665,15.829120121954782,0.30987487520490414,1.0532305152835832,52.752380299846735,-0.077007211478751,14.833314788953384,57.39340036599043,-0.07699925208504865,16.003585796486234,37.82730724027333,-0.08510907747154306,17.49539270174151,1
2021-01-05 00:00:00+00:00,13.099749565124512,13.443499565124512,13.086999893188477,13.404749870300291,322760000,13.117574787139892,13.267085037231446,53.16517468313037,13.178687477111817,13.57190966632974,12.785465287893894,0.022209954386389175,10.906800007820129,-0.043082305818607836,-0.0575056229964661,16.876679126425074,0.30851772853306414,1.0272407484408697,53.296049656940426,-0.07146925869401777,15.829120121954782,52.752380299846735,-0.077007211478751,14.833314788953384,57.39340036599043,-0.07699925208504865,16.003585796486234,0
2021-01-06 00:00:00+00:00,13.22249984741211,13.244999885559082,12.586000442504885,12.614500045776367,580424000,13.045799827575683,13.247570037841797,33.458967460028134,13.129075002670287,13.544641808535062,12.713508196805511,-0.0589529705641737,10.943286259174346,-0.0833907212677758,-0.06268264265072804,17.47249202611743,0.3471963065011163,1.0523597187259468,53.16517468313037,-0.043082305818607836,16.876679126425074,53.296049656940426,-0.07146925869401777,15.829120121954782,52.752380299846735,-0.077007211478751,14.833314788953384,1
2021-01-07 00:00:00+00:00,12.967499732971191,13.377750396728516,12.886500358581545,13.343999862670898,461480000,13.052374839782717,13.25162504196167,51.77044470217337,13.128774976730346,13.543678333971243,12.713871619489447,0.05783025995856139,10.978858759403229,-0.055827349445561225,-0.06131158400969468,17.802249850792865,0.38566058022635336,1.038121291621261,33.458967460028134,-0.0833907212677758,17.47249202611743,53.16517468313037,-0.043082305818607836,16.876679126425074,53.296049656940426,-0.07146925869401777,15.829120121954782,1
2021-01-08 00:00:00+00:00,13.362500190734863,13.42099952697754,13.041999816894531,13.27674961090088,292528000,13.07912483215332,13.249225025177005,48.86241923200095,13.146074962615966,13.555023434135087,12.737126491096843,-0.005039737144943102,11.01454000711441,-0.0389605984503163,-0.05684138689781901,18.261745717734378,0.39837482997349366,1.0290599383073182,51.77044470217337,-0.055827349445561225,17.802249850792865,33.458967460028134,-0.0833907212677758,17.47249202611743,53.16517468313037,-0.043082305818607836,16.876679126425074,1
2021-01-11 00:00:00+00:00,13.418749809265137,13.961000442504885,13.362500190734863,13.621500015258787,518344000,13.141899871826173,13.269115028381348,55.61806416799143,13.178537464141844,13.630229517214005,12.726845411069688,0.025966476318484588,11.050492506027222,0.0021995446822042908,-0.04503320058181435,19.414045283753502,0.4233570780072897,1.0447895411208303,48.86241923200095,-0.0389605984503163,18.261745717734378,51.77044470217337,-0.055827349445561225,17.802249850792865,33.458967460028134,-0.0833907212677758,17.47249202611743,0
2021-01-12 00:00:00+00:00,13.7524995803833,13.75450038909912,13.345000267028809,13.484749794006348,291476000,13.20037488937378,13.27833002090454,52.39253434962829,13.202112436294556,13.666519857531554,12.737705015057555,-0.010039292375968345,11.0863250041008,0.023513604476066874,-0.031323839570238106,20.67793809773558,0.42385707582746257,1.0306856585894608,55.61806416799143,0.0021995446822042908,19.414045283753502,48.86241923200095,-0.0389605984503163,18.261745717734378,51.77044470217337,-0.055827349445561225,17.802249850792865,0
2021-01-13 00:00:00+00:00,13.489999771118164,13.625,13.385000228881836,13.531749725341797,210028000,13.259224891662598,13.298285007476808,53.98584843417488,13.21326241493225,13.698682558637785,12.727842271226718,0.003485413674960469,11.120785002708436,0.043693975139316166,-0.016320276628327253,21.22733243900783,0.4207677841186526,1.017930501831468,52.39253434962829,0.023513604476066874,20.67793809773558,55.61806416799143,0.0021995446822042908,19.414045283753502,48.86241923200095,-0.0389605984503163,18.261745717734378,0
2021-01-14 00:00:00+00:00,13.574999809265137,13.599749565124512,13.180500030517578,13.200249671936035,283120000,13.264674854278564,13.310674991607666,52.945257775864064,13.205249881744384,13.685701799050587,12.72479796443818,-0.024497944473872435,11.153836250305176,0.03256242111218022,-0.006543737080225759,21.000390900405943,0.431196349007743,1.0318083178662585,53.98584843417488,0.043693975139316166,21.22733243900783,52.39253434962829,0.023513604476066874,20.67793809773558,55.61806416799143,0.0021995446822042908,19.414045283753502,1
2021-01-15 00:00:00+00:00,13.227999687194824,13.325249671936035,12.84850025177002,12.85949993133545,277780000,13.245124816894531,13.307474994659424,48.11856649070035,13.186099863052368,13.69024743602744,12.681952290077296,-0.025813886030127575,11.187750000953674,-0.003712279112113137,-0.005977445486603236,19.692494191869688,0.45141063417707183,1.0371054528407189,52.945257775864064,0.03256242111218022,21.000390900405943,53.98584843417488,0.043693975139316166,21.22733243900783,52.39253434962829,0.023513604476066874,20.67793809773558,1
2021-01-19 00:00:00+00:00,13.016249656677246,13.093999862670898,12.843999862670898,13.025250434875488,226188000,13.236299896240237,13.292095012664795,51.72059619211567,13.170299863815307,13.673780533318048,12.666819194312566,0.012889342853538599,11.22094250202179,-0.018868060724967606,-0.00855556853427611,17.446318666299934,0.4478928021022253,1.019464341534804,48.11856649070035,-0.003712279112113137,19.692494191869688,52.945257775864064,0.03256242111218022,21.000390900405943,53.98584843417488,0.043693975139316166,21.22733243900783,1
2021-01-20 00:00:00+00:00,13.111749649047852,13.430500030517578,13.056750297546388,13.365750312805176,258572000,13.232399940490724,13.276210021972656,55.36576810866799,13.174987363815308,13.684168165172176,12.66580656245844,0.026141522547465934,11.257282502651215,-0.0033648445386518233,-0.007517423735151253,16.59991616768288,0.46039274760654997,1.0286250195840403,51.72059619211567,-0.018868060724967606,17.446318666299934,48.11856649070035,-0.003712279112113137,19.692494191869688,52.945257775864064,0.03256242111218022,21.000390900405943,1
2021-01-21 00:00:00+00:00,13.418499946594238,13.999250411987305,13.253000259399414,13.86750030517578,337780000,13.357699966430664,13.262320022583008,58.518740305671045,13.201749897003172,13.795050611840653,12.608449182165694,0.037539979472001495,11.293070003986358,0.04884553613305087,0.0037551682384891717,18.750224727710027,0.49105351311819884,1.0563080161459009,55.36576810866799,-0.0033648445386518233,16.59991616768288,51.72059619211567,-0.018868060724967606,17.446318666299934,48.11856649070035,-0.003712279112113137,19.692494191869688,0
2021-01-22 00:00:00+00:00,13.739999771118164,13.841750144958496,13.627249717712402,13.712499618530272,246820000,13.3945499420166,13.26395502090454,57.64445041715066,13.22346239089966,13.858842370161488,12.58808241163783,-0.011177262176634395,11.329253752231597,0.07682973360915213,0.018370081312621765,20.78357632778337,0.491357122148786,1.015740551592541,58.518740305671045,0.04884553613305087,18.750224727710027,55.36576810866799,-0.0033648445386518233,16.59991616768288,51.72059619211567,-0.018868060724967606,17.446318666299934,0
2021-01-25 00:00:00+00:00,13.781749725341797,13.828499794006348,13.236499786376951,13.653249740600586,251112000,13.432199954986572,13.28162000656128,56.27433794903051,13.255662393569946,13.91031456169029,12.6010102254496,-0.0043208663320303264,11.36415125131607,0.09315263614322689,0.033326592278742795,18.65453487803008,0.4843570845467701,1.0447248152595965,57.64445041715066,0.07682973360915213,20.78357632778337,58.518740305671045,0.04884553613305087,18.750224727710027,55.36576810866799,-0.0033648445386518233,16.59991616768288,0
2021-01-26 00:00:00+00:00,13.580499649047852,13.644749641418455,13.387499809265137,13.435250282287598,163980000,13.413574981689454,13.281965007781984,50.36069545132607,13.277737426757811,13.924935811222866,12.63053904229276,-0.01596685495796102,11.398458752632141,0.08748939631284003,0.044159153085562244,17.845799479178385,0.47787496021815684,1.0192156740107128,56.27433794903051,0.09315263614322689,18.65453487803008,57.64445041715066,0.07682973360915213,20.78357632778337,58.518740305671045,0.04884553613305087,18.750224727710027,0
2021-01-27 00:00:00+00:00,13.229999542236328,13.232749938964844,12.793749809265137,12.917750358581545,371272000,13.356875038146972,13.27118501663208,53.83351565723044,13.278624963760375,13.923687407103868,12.633562520416882,-0.03851807095758386,11.42931625366211,0.04077330969638204,0.0434819844077262,16.529312544342265,0.46521432059151785,1.0343136403513056,50.36069545132607,0.08748939631284003,17.845799479178385,56.27433794903051,0.09315263614322689,18.65453487803008,57.64445041715066,0.07682973360915213,20.78357632778337,1
2021-01-28 00:00:00+00:00,12.99625015258789,13.339750289916992,12.96049976348877,13.050999641418455,228316000,13.30880002975464,13.26626501083374,45.63857988562155,13.28401246070862,13.9190023253796,12.649022596037636,0.010315208077108506,11.459077501296997,0.014337306451714937,0.03765304881652395,15.77611820372685,0.4408392906188964,1.0292620295011012,53.83351565723044,0.04077330969638204,16.529312544342265,50.36069545132607,0.08748939631284003,17.845799479178385,56.27433794903051,0.09315263614322689,18.65453487803008,1
2021-01-29 00:00:00+00:00,13.074999809265137,13.334750175476074,12.911499977111816,12.989749908447266,271552000,13.287750053405762,13.255755004882811,45.72025455967576,13.276212453842165,13.922092475494187,12.63033243219014,-0.004693106631986188,11.488921251296997,-0.01142406859467826,0.02783762533428351,15.29521496783712,0.44400003978184266,1.0327808696986835,45.63857988562155,0.014337306451714937,15.77611820372685,53.83351565723044,0.04077330969638204,16.529312544342265,50.36069545132607,0.08748939631284003,17.845799479178385,1
2021-02-01 00:00:00+00:00,13.053250312805176,13.270750045776367,12.902750015258787,13.237000465393066,217204000,13.325500106811525,13.252050018310548,44.094615745836045,13.285312461853028,13.923147834716154,12.647477088989902,0.019034281544174636,11.51826875448227,-0.011753602124299434,0.01991937984256692,15.408136578645882,0.4214106968470981,1.0285210540452525,45.72025455967576,-0.01142406859467826,15.29521496783712,45.63857988562155,0.014337306451714937,15.77611820372685,53.83351565723044,0.04077330969638204,16.529312544342265,1
2021-02-02 00:00:00+00:00,13.39875030517578,13.571999549865724,13.285499572753906,13.556750297546388,220440000,13.378650093078614,13.254610023498536,51.04697564406655,13.307474994659424,13.950951836729237,12.663998152589611,0.024155761948432275,11.549512505531311,0.013629269636796337,0.018661357801412808,14.238376544149645,0.4160891941615515,1.021564862920125,44.094615745836045,-0.011753602124299434,15.408136578645882,45.72025455967576,-0.01142406859467826,15.29521496783712,45.63857988562155,0.014337306451714937,15.77611820372685,1
2021-02-03 00:00:00+00:00,13.63599967956543,13.931750297546388,13.51650047302246,13.530500411987305,245408000,13.395125102996824,13.256415023803712,49.98172315745709,13.313762521743774,13.963666789226345,12.663858254261203,-0.0019362963086982932,11.581283757686615,0.0312668076997582,0.021182447781081887,12.600872935590472,0.42860705511910613,1.0307216964444847,51.04697564406655,0.013629269636796337,14.238376544149645,44.094615745836045,-0.011753602124299434,15.408136578645882,45.72025455967576,-0.01142406859467826,15.29521496783712,1
2021-02-04 00:00:00+00:00,13.531000137329102,13.673500061035156,13.337750434875488,13.664250373840332,201340000,13.374800109863282,13.267945022583008,57.20498137965309,13.366250038146973,13.943914816524424,12.78858525976952,0.009885071341081408,11.615916259288788,0.055398587381811026,0.028025675701227715,11.620136846884266,0.42264277594430144,1.0251728826235758,49.98172315745709,0.0312668076997582,12.600872935590472,51.04697564406655,0.013629269636796337,14.238376544149645,44.094615745836045,-0.011753602124299434,15.408136578645882,1
2021-02-05 00:00:00+00:00,13.725000381469728,13.737250328063965,13.54574966430664,13.590999603271484,169152000,13.362650108337402,13.276965007781982,62.38779994709167,13.378600025177002,13.964760715372012,12.792439334981992,-0.005360760273324883,11.648102507591247,0.0678305631285614,0.03598665318669445,12.47349153927088,0.40226786477225207,1.0141373248807286,57.20498137965309,0.055398587381811026,11.620136846884266,49.98172315745709,0.0312668076997582,12.600872935590472,51.04697564406655,0.013629269636796337,14.238376544149645,1
2021-02-08 00:00:00+00:00,13.727250099182127,14.473750114440918,13.727250099182127,14.438750267028809,434624000,13.441200160980223,13.306585006713869,69.44558586216397,13.436700057983398,14.187567407279506,12.68583270868729,0.062375887609713576,11.684795010089875,0.14442455077257144,0.05767423270386986,13.985365533422485,0.44746432985578305,1.0543808854552208,62.38779994709167,0.0678305631285614,12.47349153927088,57.20498137965309,0.055398587381811026,11.620136846884266,49.98172315745709,0.0312668076997582,12.600872935590472,1
2021-02-09 00:00:00+00:00,14.340749740600586,14.583250045776367,14.22249984741211,14.263250350952148,287560000,13.52400016784668,13.327155017852784,62.934138896409735,13.468787574768069,14.303116883105282,12.634458266430851,-0.012154785755760122,11.719912512302399,0.18878822811976725,0.08389703178704934,14.449387432217817,0.44428580147879504,1.0253647531892853,69.44558586216397,0.14442455077257144,13.985365533422485,62.38779994709167,0.0678305631285614,12.47349153927088,57.20498137965309,0.055398587381811026,11.620136846884266,1
2021-02-10 00:00:00+00:00,14.463250160217283,14.904999732971191,14.341500282287598,14.764249801635742,485352000,13.7086501121521,13.357215023040771,62.926118867891326,13.532762575149537,14.54870001628057,12.516825134018504,0.03512519505416578,11.756598761081696,0.26136043033384304,0.11938971149640809,13.78948397040361,0.43682146072387734,1.0392915273571162,62.934138896409735,0.18878822811976725,14.449387432217817,69.44558586216397,0.14442455077257144,13.985365533422485,62.38779994709167,0.0678305631285614,12.47349153927088,1
2021-02-11 00:00:00+00:00,14.980250358581545,15.272250175476074,14.925000190734863,15.250749588012695,450828000,13.928625106811523,13.394200019836424,70.23880447193747,13.61871256828308,14.892442484667898,12.344982651898263,0.0329512025950045,11.796432509422303,0.3540496266474893,0.16632169452662432,13.683994680367615,0.4559464454650884,1.0232663303385936,62.926118867891326,0.26136043033384304,13.78948397040361,62.934138896409735,0.18878822811976725,14.449387432217817,69.44558586216397,0.14442455077257144,13.985365533422485,0
2021-02-12 00:00:00+00:00,15.050000190734863,15.291250228881836,14.774999618530272,14.96125030517578,374756000,14.125775146484376,13.425625019073486,66.2262876796732,13.706762599945067,15.096846485512536,12.316678714377602,-0.018982626471322206,11.833931260108947,0.3995406538846087,0.21296548639822122,16.26888280774721,0.45053577423095753,1.034940820553667,70.23880447193747,0.3540496266474893,13.683994680367615,62.926118867891326,0.26136043033384304,13.78948397040361,62.934138896409735,0.18878822811976725,14.449387432217817,0
2021-02-16 00:00:00+00:00,15.064249992370604,15.3725004196167,14.949999809265137,15.330249786376951,321960000,14.335100078582764,13.461340007781985,72.65933482475901,13.830300092697144,15.337560354854434,12.323039830539852,0.0246636794167876,11.874047508239746,0.4600644582957294,0.2623852807777229,18.951827382631585,0.46173225130353707,1.0282609107519667,66.2262876796732,0.3995406538846087,16.26888280774721,70.23880447193747,0.3540496266474893,13.683994680367615,62.926118867891326,0.26136043033384304,13.78948397040361,0
2021-02-17 00:00:00+00:00,15.17099952697754,15.22350025177002,14.779999732971191,14.906000137329102,274756000,14.470025062561035,13.49154001235962,74.31664683464903,13.924337577819824,15.454619545454417,12.39405561018523,-0.027674020642824426,11.91323000907898,0.46839721671890544,0.3035876679659594,23.288640188994425,0.45521436418805844,1.0300068015434038,72.65933482475901,0.4600644582957294,18.951827382631585,66.2262876796732,0.3995406538846087,16.26888280774721,70.23880447193747,0.3540496266474893,13.683994680367615,0
2021-02-18 00:00:00+00:00,14.729000091552734,14.873250007629396,14.574999809265137,14.82900047302246,233868000,14.59987506866455,13.516955013275146,72.04862889165835,13.997500085830689,15.555009159689336,12.43999101197204,-0.0051656825169222875,11.950963761806488,0.463445447769935,0.3355592239267545,26.826965228821724,0.44871439252580964,1.0204631356615639,74.31664683464903,0.46839721671890544,23.288640188994425,72.65933482475901,0.4600644582957294,18.951827382631585,66.2262876796732,0.3995406538846087,16.26888280774721,0
2021-02-19 00:00:00+00:00,15.024499893188477,15.177000045776367,14.846750259399414,14.92650032043457,271724000,14.726100063323974,13.5433500289917,73.80324473237334,14.050450086593628,15.660470118393162,12.440430054794094,0.006574943981523695,11.988878762722015,0.4620621927143578,0.3608598176842752,30.864767871770603,0.4433393478393561,1.0222439106610468,72.04862889165835,0.463445447769935,26.826965228821724,74.31664683464903,0.46839721671890544,23.288640188994425,72.65933482475901,0.4600644582957294,18.951827382631585,0
2021-02-22 00:00:00+00:00,14.774749755859377,15.13325023651123,14.324999809265137,14.35575008392334,325884000,14.80257511138916,13.563465023040772,62.73695017808586,14.08261260986328,15.689904572318586,12.475320647407976,-0.03823737810328298,12.023433763980865,0.4101828464651973,0.3707244234404597,31.897492762931456,0.47478580474853566,1.0564223691453967,73.80324473237334,0.4620621927143578,30.864767871770603,72.04862889165835,0.463445447769935,26.826965228821724,74.31664683464903,0.46839721671890544,23.288640188994425,0
2021-02-23 00:00:00+00:00,14.075249671936035,14.238750457763672,13.38949966430664,14.142000198364258,391780000,14.772900104522703,13.587690029144287,56.82786102952581,14.107050132751464,15.701667457668208,12.51243280783472,-0.01488949614680568,12.056035015583038,0.3478109137015686,0.3661417214926815,31.550518855211386,0.5198751858302529,1.0634266264422816,62.73695017808586,0.4101828464651973,31.897492762931456,73.80324473237334,0.4620621927143578,30.864767871770603,72.04862889165835,0.463445447769935,26.826965228821724,0
2021-02-24 00:00:00+00:00,14.122750282287598,14.506750106811523,13.755999565124512,14.49899959564209,448320000,14.7964750289917,13.618225021362305,60.48954407675341,14.16023759841919,15.731295048116571,12.589180148721807,0.025243911205652836,12.08946751356125,0.3234589420747138,0.35760516560908795,31.52999636752136,0.5438395227704731,1.0545762260410638,56.82786102952581,0.3478109137015686,31.550518855211386,62.73695017808586,0.4101828464651973,31.897492762931456,73.80324473237334,0.4620621927143578,30.864767871770603,0
2021-02-25 00:00:00+00:00,14.045499801635742,14.374750137329102,13.2162504196167,13.307499885559082,824436000,14.650800037384034,13.624110012054444,46.85640718804413,14.179725074768069,15.694553118146093,12.664897031390042,-0.08217806354316559,12.115677511692047,0.20564521031400673,0.3272131745500717,31.648532135719616,0.6114823477608818,1.0876572159977278,60.48954407675341,0.3234589420747138,31.52999636752136,56.82786102952581,0.3478109137015686,31.550518855211386,62.73695017808586,0.4101828464651973,31.897492762931456,1
2021-02-26 00:00:00+00:00,13.7524995803833,13.854499816894531,13.361000061035156,13.714500427246094,500932000,14.497175121307372,13.632225017547608,51.02780355443835,14.212900114059448,15.650752694812995,12.775047533305898,0.030584297966342877,12.145237514972687,0.14346474903704554,0.29046348944746647,30.89104504131765,0.6368751525878907,1.036935839653094,46.85640718804413,0.20564521031400673,31.648532135719616,60.48954407675341,0.3234589420747138,31.52999636752136,56.82786102952581,0.3478109137015686,31.550518855211386,0
2021-03-01 00:00:00+00:00,13.875,13.925000190734863,13.553250312805176,13.841750144958496,353184000,14.385225105285643,13.64185001373291,44.354605109136486,14.25550012588501,15.587345372373942,12.92365487939608,0.009278479984557109,12.175546264648437,0.10326391213856922,0.25302357398568703,30.194112017326493,0.6003751073564804,1.0274288358400978,51.02780355443835,0.14346474903704554,30.89104504131765,46.85640718804413,0.20564521031400673,31.648532135719616,60.48954407675341,0.3234589420747138,31.52999636752136,0
2021-03-02 00:00:00+00:00,13.899999618530272,13.920499801635742,13.395999908447266,13.40625,264116000,14.19282512664795,13.645125007629394,42.27579228505828,14.263962602615356,15.570469219149231,12.95745598608148,-0.03146279483430181,12.2024250125885,0.035849980929244296,0.20958885537439848,30.249732624122203,0.6120715141296388,1.039153470944542,44.354605109136486,0.10326391213856922,30.194112017326493,51.02780355443835,0.14346474903704554,30.89104504131765,46.85640718804413,0.20564521031400673,31.648532135719616,0
2021-03-03 00:00:00+00:00,13.426250457763672,13.451499938964844,12.798749923706056,12.804750442504885,377592000,13.982700157165528,13.63439500808716,32.65314771795134,14.226362609863282,15.656042994104276,12.796682225622288,-0.04486709985977555,12.223995013237,-0.06535861911675234,0.15459936047616832,32.05154614870197,0.6128572736467633,1.0510010758198933,42.27579228505828,0.035849980929244296,30.249732624122203,44.354605109136486,0.10326391213856922,30.194112017326493,51.02780355443835,0.14346474903704554,30.89104504131765,0
2021-03-04 00:00:00+00:00,12.80074977874756,12.975000381469728,12.083749771118164,12.37024974822998,573344000,13.73682508468628,13.616359996795657,24.262857694046644,14.168350076675416,15.797205353222775,12.539494800128052,-0.03393277332704547,12.242095012664794,-0.17856930280871808,0.08796562781919104,34.67269562882258,0.6402322905404229,1.0737561292837905,32.65314771795134,-0.06535861911675234,32.05154614870197,42.27579228505828,0.035849980929244296,30.249732624122203,44.354605109136486,0.10326391213856922,30.194112017326493,1
2021-03-05 00:00:00+00:00,12.550000190734863,12.550000190734863,11.67924976348877,12.46150016784668,542840000,13.49032506942749,13.598945007324218,26.844512760713428,14.108212566375732,15.896445736128332,12.319979396623133,0.007376602855553083,12.26037501335144,-0.25795291834942624,0.018781918585467586,36.75316592282116,0.6655537060328892,1.0745553391595581,24.262857694046644,-0.17856930280871808,34.67269562882258,32.65314771795134,-0.06535861911675234,32.05154614870197,42.27579228505828,0.035849980929244296,30.249732624122203,1
2021-03-08 00:00:00+00:00,12.449999809265137,12.4712495803833,11.566499710083008,11.593250274658203,543112000,13.214075088500977,13.56524501800537,18.314397847674726,14.008325099945068,16.113327704780342,11.903322495109792,-0.06967458825132034,12.273491263389587,-0.3864705240747064,-0.062268569946567216,38.98077698600887,0.7000000817435128,1.0782215789545722,26.844512760713428,-0.25795291834942624,36.75316592282116,24.262857694046644,-0.17856930280871808,34.67269562882258,32.65314771795134,-0.06535861911675234,32.05154614870197,1
2021-03-09 00:00:00+00:00,12.130249977111816,12.61674976348877,12.059249877929688,12.52025032043457,521824000,13.051900100708009,13.555465030670169,31.360600742941344,13.912400102615356,16.107729568977874,11.71707063625284,0.07996032379312168,12.292216262817384,-0.40880801181378246,-0.13157645832001028,39.34883777183477,0.7338036128452847,1.0462300633291788,18.314397847674726,-0.3864705240747064,38.98077698600887,26.844512760713428,-0.25795291834942624,36.75316592282116,24.262857694046644,-0.17856930280871808,34.67269562882258,1
2021-03-10 00:00:00+00:00,12.840499877929688,12.979999542236328,12.457500457763672,12.468250274658203,384376000,12.848825168609618,13.544955043792724,31.48358643470404,13.82265009880066,16.102717550622103,11.542582646979216,-0.004153275249736521,12.309426264762878,-0.4257982635594466,-0.19042081936789756,39.631614359158334,0.7474820954459055,1.04194252982323,31.360600742941344,-0.40880801181378246,39.34883777183477,18.314397847674726,-0.3864705240747064,38.98077698600887,26.844512760713428,-0.25795291834942624,36.75316592282116,1
2021-03-11 00:00:00+00:00,12.949999809265137,13.046250343322754,12.73449993133545,12.993499755859377,299916000,12.817425155639649,13.546825046539306,35.791983611802024,13.73411259651184,15.997689808879052,11.470535384144627,0.04212696004897709,12.330805015563964,-0.3923570689787841,-0.2308080692900749,39.98160961662,0.7639107022966657,1.0244807737773973,31.48358643470404,-0.4257982635594466,39.631614359158334,31.360600742941344,-0.40880801181378246,39.34883777183477,18.314397847674726,-0.3864705240747064,38.98077698600887,1
2021-03-12 00:00:00+00:00,12.648249626159668,12.888750076293944,12.59000015258789,12.855999946594238,243964000,12.731575107574464,13.54508005142212,38.2266334982471,13.614375114440918,15.791873258852792,11.436876970029044,-0.01058219970359664,12.35245876312256,-0.3726540429782901,-0.25917726402771796,41.59585994690442,0.7349999291556223,1.0237291437716658,35.791983611802024,-0.3923570689787841,39.98160961662,31.48358643470404,-0.4257982635594466,39.631614359158334,31.360600742941344,-0.40880801181378246,39.34883777183477,1
2021-03-15 00:00:00+00:00,12.864749908447266,13.20674991607666,12.767250061035156,13.19124984741211,221988000,12.666525077819824,13.545990047454834,42.676112584638,13.525875091552734,15.61496622778316,11.436783955322309,0.026077310377298435,12.375980010032654,-0.3262268476935333,-0.27258718076088106,43.91243636881672,0.6973748888288227,1.034424003050025,38.2266334982471,-0.3726540429782901,41.59585994690442,35.791983611802024,-0.3923570689787841,39.98160961662,31.48358643470404,-0.4257982635594466,39.631614359158334,0
2021-03-16 00:00:00+00:00,13.356499671936035,13.512499809265137,13.11674976348877,13.291250228881836,272128000,12.655025100708007,13.550715045928955,40.3128189272616,13.423925113677978,15.333559317316366,11.51429091003959,0.007580811721896508,12.398058762550354,-0.2781573412113847,-0.2737012128509818,46.27662884819655,0.6720177105494909,1.030171349832255,42.676112584638,-0.3262268476935333,43.91243636881672,38.2266334982471,-0.3726540429782901,41.59585994690442,35.791983611802024,-0.3923570689787841,39.98160961662,0
2021-03-17 00:00:00+00:00,13.039750099182127,13.45324993133545,12.989500045776367,13.3412504196167,243864000,12.708675098419189,13.55527006149292,50.33139111980421,13.345687627792358,15.123309037130683,11.568066218454032,0.0037618876985863192,12.420733766555786,-0.23333754352473868,-0.26562847898573316,47.90517351355955,0.6135177612304689,1.0357019041475637,40.3128189272616,-0.2781573412113847,46.27662884819655,42.676112584638,-0.3262268476935333,43.91243636881672,38.2266334982471,-0.3726540429782901,41.59585994690442,0
2021-03-18 00:00:00+00:00,13.136500358581545,13.184000015258787,12.717000007629396,12.72249984741211,293896000,12.743900108337405,13.541625061035155,40.64856315969655,13.24036259651184,14.893174151628964,11.587551041394716,-0.04637875407051739,12.440220017433166,-0.24492222011676645,-0.26148722721193984,49.80093752103284,0.6190356527056012,1.0367224980222711,50.33139111980421,-0.23333754352473868,47.90517351355955,40.3128189272616,-0.2781573412113847,46.27662884819655,42.676112584638,-0.3262268476935333,43.91243636881672,1
2021-03-19 00:00:00+00:00,12.75,12.921500205993652,12.612500190734863,12.845749855041504,299208000,12.782325077056884,13.546250057220458,40.60377287873188,13.136325073242189,14.592503658385692,11.680146488098682,0.009687562122821625,12.460601267814637,-0.24137548783390983,-0.2574648793363339,50.75284754859016,0.61455351965768,1.0244995052991777,40.64856315969655,-0.24492222011676645,49.80093752103284,50.33139111980421,-0.23333754352473868,47.90517351355955,40.3128189272616,-0.2781573412113847,46.27662884819655,0
2021-03-22 00:00:00+00:00,12.912750244140623,13.39449977874756,12.906749725341797,13.186249732971191,297804000,12.941625022888184,13.543095054626464,47.88664524549002,13.07785005569458,14.417078026746369,11.73862208464279,0.026506812118566536,12.48270001411438,-0.20868360774515793,-0.2477086250180987,49.97287497836269,0.61628566469465,1.037790308465352,40.60377287873188,-0.24137548783390983,50.75284754859016,40.64856315969655,-0.24492222011676645,49.80093752103284,50.33139111980421,-0.23333754352473868,47.90517351355955,0
2021-03-23 00:00:00+00:00,13.254249572753906,13.344499588012695,13.021249771118164,13.07075023651123,222048000,12.99667501449585,13.538975067138672,52.81839105732938,13.024287557601928,14.26648687713463,11.782088238069226,-0.008759086078217071,12.503453764915466,-0.1899057856525399,-0.23614805714498696,46.86509772057421,0.5927499362400602,1.02482479198053,47.88664524549002,-0.20868360774515793,49.97287497836269,40.60377287873188,-0.24137548783390983,50.75284754859016,40.64856315969655,-0.24492222011676645,49.80093752103284,0
2021-03-24 00:00:00+00:00,13.151249885559082,13.159250259399414,12.63675022125244,12.642999649047852,245840000,13.014149951934815,13.519405059814453,52.89405124674342,12.931487560272217,13.970505218179696,11.892469902364738,-0.032725786945918434,12.522643761634827,-0.2071522022647745,-0.2303488861689445,42.231652046332826,0.5664106096540181,1.0413476589311892,52.81839105732938,-0.1899057856525399,46.86509772057421,47.88664524549002,-0.20868360774515793,49.97287497836269,40.60377287873188,-0.24137548783390983,50.75284754859016,1
2021-03-25 00:00:00+00:00,12.499500274658203,12.714750289916992,12.272000312805176,12.535249710083008,295144000,12.968324947357178,13.500415058135989,50.779799510089234,12.892875051498413,13.9304531720663,11.855296930930525,-0.008522497979580268,12.540090012550355,-0.22689907990101688,-0.229658924915359,37.52997918540574,0.5358391489301412,1.0360780611005878,52.89405124674342,-0.2071522022647745,42.231652046332826,52.81839105732938,-0.1899057856525399,46.86509772057421,47.88664524549002,-0.20868360774515793,49.97287497836269,1
2021-03-26 00:00:00+00:00,12.554499626159668,12.856249809265137,12.373499870300291,12.83924961090088,363968000,12.966649913787842,13.486565055847167,64.9597702662937,12.849112510681152,13.81191586520779,11.886309156154514,0.024251603107143804,12.557452511787414,-0.21553383148922833,-0.2268339062301329,33.145407447739196,0.5056962966918949,1.0390148255566378,50.779799510089234,-0.22689907990101688,37.52997918540574,52.89405124674342,-0.2071522022647745,42.231652046332826,52.81839105732938,-0.1899057856525399,46.86509772057421,1
2021-03-29 00:00:00+00:00,12.820249557495115,13.0625,12.699999809265137,12.948249816894531,273520000,12.942349910736084,13.481525058746335,56.39473249246237,12.804437494277954,13.648959846137442,11.959915142418463,0.00848960876195659,12.578212509155273,-0.19547803545783005,-0.22056273207567234,29.303015395635562,0.4584820611136304,1.028543322533785,64.9597702662937,-0.21553383148922833,33.145407447739196,50.779799510089234,-0.22689907990101688,37.52997918540574,52.89405124674342,-0.2071522022647745,42.231652046332826,1
2021-03-30 00:00:00+00:00,12.842000007629396,12.975250244140623,12.704999923706056,12.871749877929688,200204000,12.900399875640868,13.481770057678222,55.98486455902115,12.77771248817444,13.574529003959022,11.980895972389856,-0.0059081296736357425,12.597908759117127,-0.18363969426281557,-0.213178124513101,25.639304901303195,0.4404642922537669,1.0212711784382078,56.39473249246237,-0.19547803545783005,29.303015395635562,64.9597702662937,-0.21553383148922833,33.145407447739196,50.779799510089234,-0.22689907990101688,37.52997918540574,1
2021-03-31 00:00:00+00:00,13.01550006866455,13.470499992370604,12.982500076293944,13.34825038909912,314776000,12.90109987258911,13.488230056762696,55.33900959142366,12.80488748550415,13.64165652173796,11.96811844927034,0.037019093416851945,12.618781261444092,-0.1342604437829742,-0.19739458836707566,22.320567725783583,0.4419464383806501,1.037589055513872,55.98486455902115,-0.18363969426281557,25.639304901303195,56.39473249246237,-0.19547803545783005,29.303015395635562,64.9597702662937,-0.21553383148922833,33.145407447739196,1
2021-04-01 00:00:00+00:00,13.572250366210938,13.869999885559082,13.511249542236328,13.811750411987305,308276000,13.010024929046631,13.497150058746335,63.098746846465104,12.876962518692016,13.799981966155622,11.95394307122841,0.034723653615810424,12.642497515678405,-0.05706860247825318,-0.16932939118931117,20.22349464137354,0.45039285932268414,1.0265519737609239,55.33900959142366,-0.1342604437829742,22.320567725783583,55.98486455902115,-0.18363969426281557,25.639304901303195,56.39473249246237,-0.19547803545783005,29.303015395635562,1
2021-04-05 00:00:00+00:00,13.86750030517578,14.013999938964844,13.732999801635742,13.987500190734863,255672000,13.124199962615966,13.49955005645752,61.411680704910935,12.953262519836423,13.978325745557257,11.928199294115592,0.012724656434207171,12.666255016326904,0.018079615680273164,-0.13184758981539432,19.49367566513971,0.43907145091465544,1.0204616719863078,63.098746846465104,-0.05706860247825318,20.22349464137354,55.33900959142366,-0.1342604437829742,22.320567725783583,55.98486455902115,-0.18363969426281557,25.639304901303195,1
2021-04-06 00:00:00+00:00,13.999750137329102,14.05424976348877,13.773500442504885,13.861499786376951,191744000,13.191724967956542,13.502530059814454,58.11223166346672,13.066674995422364,13.950339406880904,12.183010583963824,-0.009008071681126606,12.689472513198853,0.06669907496475425,-0.09213825685936461,18.416505542693205,0.43085711342947813,1.0203832948752443,61.411680704910935,0.018079615680273164,19.49367566513971,63.098746846465104,-0.05706860247825318,20.22349464137354,55.33900959142366,-0.1342604437829742,22.320567725783583,1
2021-04-07 00:00:00+00:00,13.880749702453612,14.243499755859377,13.71150016784668,14.143500328063965,251284000,13.298999977111816,13.51233507156372,60.70593882946095,13.147837495803833,14.114472908986771,12.181202082620892,0.020344157993939627,12.71388376712799,0.12652691020865703,-0.04840522344576027,18.37671981607088,0.4357320921761649,1.0387995173030178,58.11223166346672,0.06669907496475425,18.416505542693205,61.411680704910935,0.018079615680273164,19.49367566513971,63.098746846465104,-0.05706860247825318,20.22349464137354,1
2021-04-08 00:00:00+00:00,14.252750396728516,14.471500396728516,14.24899959564209,14.31700038909912,244416000,13.466400051116944,13.529970073699952,74.14811337786604,13.24027500152588,14.283804774154763,12.196745228896992,0.01226712320223089,12.737835021018983,0.1857991288987506,-0.0015643529768580924,19.101271531519103,0.41457135336739687,1.015615187550042,60.70593882946095,0.12652691020865703,18.37671981607088,58.11223166346672,0.06669907496475425,18.416505542693205,61.411680704910935,0.018079615680273164,19.49367566513971,1
2021-04-09 00:00:00+00:00,14.21399974822998,14.407999992370604,14.175000190734863,14.399999618530272,195172000,13.65287504196167,13.559615058898926,73.82904602755413,13.310599994659423,14.467518261112543,12.1536817282063,0.00579724992494568,12.762585020065307,0.23674112903622202,0.04609674342575793,19.61836608719568,0.4091427666800363,1.016437375555595,74.14811337786604,0.1857991288987506,19.101271531519103,60.70593882946095,0.12652691020865703,18.37671981607088,58.11223166346672,0.06669907496475425,18.416505542693205,1
2021-04-12 00:00:00+00:00,14.289750099182127,15.352499961853027,14.139249801635742,15.208999633789062,869324000,13.889850044250489,13.60277505874634,77.11642278160652,13.428249979019164,14.840833578199712,12.01566637983862,0.056180558103470446,12.792452516555786,0.3384906616541894,0.10457552707144423,21.826223572203507,0.45660706928798117,1.0858072512501282,73.82904602755413,0.23674112903622202,19.61836608719568,74.14811337786604,0.1857991288987506,19.101271531519103,60.70593882946095,0.12652691020865703,18.37671981607088,1
2021-04-13 00:00:00+00:00,15.231499671936035,15.699999809265137,15.125749588012695,15.679499626159668,676212000,14.162975025177,13.656570053100586,81.93278252659478,13.552662467956544,15.280484375232463,11.82484056068062,0.03093563046219816,12.823400015830993,0.451884275926842,0.1740372768425238,25.30531051390525,0.47453566959926047,1.0379650752454306,77.11642278160652,0.3384906616541894,21.826223572203507,73.82904602755413,0.23674112903622202,19.61836608719568,74.14811337786604,0.1857991288987506,19.101271531519103,1
2021-04-14 00:00:00+00:00,15.625,15.720499992370604,15.227499961853027,15.277000427246094,385500000,14.403500080108644,13.697370052337646,82.44243067507318,13.651949977874756,15.53753772246408,11.766362233285433,-0.02567041095125544,12.854010019302368,0.5034675501481871,0.23992333150365647,30.104031732463692,0.47242852619716064,1.0323756382697493,81.93278252659478,0.451884275926842,25.30531051390525,77.11642278160652,0.3384906616541894,21.826223572203507,73.82904602755413,0.23674112903622202,19.61836608719568,1
2021-04-15 00:00:00+00:00,15.662500381469728,16.214250564575195,15.631500244140623,16.137250900268555,598480000,14.682400131225586,13.74898006439209,87.42727540099109,13.79175000190735,15.971931112300666,11.611568891514032,0.05631016881352102,12.888696274757386,0.6067682437519082,0.3132923139533068,36.243574656670994,0.507749966212681,1.0372805112326318,82.44243067507318,0.5034675501481871,30.104031732463692,81.93278252659478,0.451884275926842,25.30531051390525,77.11642278160652,0.3384906616541894,21.826223572203507,0
2021-04-16 00:00:00+00:00,16.05299949645996,16.16575050354004,15.865249633789062,15.912500381469728,335208000,14.892475128173828,13.796620063781738,82.46791179468869,13.951250028610229,16.264740536193116,11.637759521027345,-0.013927435359828655,12.920770025253296,0.6628582814717046,0.3832055074569864,41.79613861521464,0.49473217555454746,1.0189408220284781,87.42727540099109,0.6067682437519082,36.243574656670994,82.44243067507318,0.5034675501481871,30.104031732463692,81.93278252659478,0.451884275926842,25.30531051390525,0
2021-04-19 00:00:00+00:00,15.536499977111816,15.807499885559082,15.232999801635742,15.361749649047852,404420000,15.029900074005129,13.830570049285887,73.32108580799571,14.077050018310548,16.410964636265074,11.74313540035602,-0.03461119995090345,12.94992877483368,0.6553149958285243,0.437627405131294,45.10291497883673,0.5173750604901991,1.0377141791770816,82.46791179468869,0.6628582814717046,41.79613861521464,87.42727540099109,0.6067682437519082,36.243574656670994,82.44243067507318,0.5034675501481871,30.104031732463692,0
2021-04-20 00:00:00+00:00,15.323249816894531,15.496999740600586,14.963000297546388,15.171250343322754,334132000,15.160875129699708,13.862175064086914,71.74057032907484,14.176300048828123,16.519520311191997,11.833079786464252,-0.012400885971794562,12.977723774909974,0.6267405112259876,0.4754500263502327,48.463160791701725,0.5362142835344584,1.0356879925439662,73.32108580799571,0.6553149958285243,45.10291497883673,82.46791179468869,0.6628582814717046,41.79613861521464,87.42727540099109,0.6067682437519082,36.243574656670994,1
2021-04-21 00:00:00+00:00,15.118749618530272,15.362500190734863,15.102250099182127,15.36050033569336,216776000,15.282575130462646,13.880610065460203,70.11746902429755,14.290787553787233,16.630318673987777,11.951256433586687,0.012474251501221723,13.005330028533935,0.6123076179945777,0.5028215446791018,50.49359197568361,0.512035710471017,1.01723253752544,71.74057032907484,0.6267405112259876,48.463160791701725,73.32108580799571,0.6553149958285243,45.10291497883673,82.46791179468869,0.6628582814717046,41.79613861521464,1
2021-04-22 00:00:00+00:00,15.375,15.43850040435791,14.783499717712402,14.850250244140623,277788000,15.335900115966798,13.892350063323974,60.28624963443748,14.40115008354187,16.6184444808104,12.18385568627334,-0.03321832495046162,13.03022253036499,0.5533182200626872,0.5129208797558189,50.34526220600007,0.5215536526271274,1.0443061994218283,70.11746902429755,0.6123076179945777,50.49359197568361,71.74057032907484,0.6267405112259876,48.463160791701725,73.32108580799571,0.6553149958285243,45.10291497883673,1
2021-04-23 00:00:00+00:00,14.934249877929688,15.335000038146973,14.900250434875488,15.265250205993652,227500000,15.422425174713135,13.902370071411132,62.08331259050188,14.537650108337402,16.602152765016474,12.473147451658331,0.027945654452306234,13.0554687833786,0.5339012446221307,0.5171169527290813,50.252594414364,0.5361071995326451,1.0291773353187348,60.28624963443748,0.5533182200626872,50.34526220600007,70.11746902429755,0.6123076179945777,50.49359197568361,71.74057032907484,0.6267405112259876,48.463160791701725,1
2021-04-26 00:00:00+00:00,15.1850004196167,15.479000091552734,15.125,15.477999687194824,197796000,15.44932518005371,13.906915073394776,65.04000765211009,14.6695876121521,16.610659278977494,12.728515945326704,0.013936848615664355,13.080313782691956,0.529575638493899,0.5196086898820449,50.74511797172169,0.54133939743042,1.0234049647307593,62.08331259050188,0.5339012446221307,50.252594414364,60.28624963443748,0.5533182200626872,50.34526220600007,70.11746902429755,0.6123076179945777,50.49359197568361,0
2021-04-27 00:00:00+00:00,15.578499794006348,15.670499801635742,15.354499816894531,15.381750106811523,164572000,15.419550228118895,13.91532506942749,61.933215483855314,14.79126262664795,16.576873635456064,13.005651617839836,-0.006218476697795072,13.104826283454894,0.5124735516278864,0.5181816622312132,50.89081852631987,0.5259108543395996,1.0205802851613255,65.04000765211009,0.529575638493899,50.74511797172169,62.08331259050188,0.5339012446221307,50.252594414364,60.28624963443748,0.5533182200626872,50.34526220600007,0
2021-04-28 00:00:00+00:00,15.364500045776367,15.53225040435791,15.215499877929688,15.27674961090088,209416000,15.419525146484377,13.914255065917969,59.373010364638105,14.911512613296509,16.4611746436011,13.361850582991917,-0.0068263035858413534,13.130948781967163,0.48485821835106613,0.5115169734551839,49.24362685271533,0.5251073156084333,1.0208176220938803,61.933215483855314,0.5124735516278864,50.89081852631987,65.04000765211009,0.529575638493899,50.74511797172169,62.08331259050188,0.5339012446221307,50.252594414364,0
2021-04-29 00:00:00+00:00,15.399999618530272,15.43649959564209,15.071499824523926,15.324749946594238,173196000,15.338275051116945,13.922630062103272,59.09337033433882,15.010337591171265,16.38212457216291,13.63855061017962,0.003142051608878038,13.155687532424928,0.46152591030230283,0.5015187608246077,47.33885125097397,0.5345358848571778,1.0242178797974868,59.373010364638105,0.48485821835106613,49.24362685271533,61.933215483855314,0.5124735516278864,50.89081852631987,65.04000765211009,0.529575638493899,50.74511797172169,0
2021-04-30 00:00:00+00:00,15.174500465393066,15.364999771118164,14.996999740600586,15.009499549865724,201912000,15.247974967956544,13.926240043640137,47.82727009669479,15.070225048065186,16.320926497747756,13.819523598382617,-0.02057132402337014,13.179598779678345,0.41283787764413304,0.4837825841885128,44.50743666086048,0.4741608755929131,1.0245382434408739,59.09337033433882,0.46152591030230283,47.33885125097397,59.373010364638105,0.48485821835106613,49.24362685271533,61.933215483855314,0.5124735516278864,50.89081852631987,0
2021-05-03 00:00:00+00:00,15.125,15.246749877929688,14.787500381469728,14.836750030517578,203912000,15.195475006103516,13.924445037841798,40.18517930276318,15.11268754005432,16.262182921767092,13.96319215834155,-0.01150934571630613,13.203108777999878,0.356206689515016,0.45826740525381343,42.87717324497654,0.4659465381077358,1.0310566008191246,47.82727009669479,0.41283787764413304,44.50743666086048,59.09337033433882,0.46152591030230283,47.33885125097397,59.373010364638105,0.48485821835106613,49.24362685271533,0
2021-05-04 00:00:00+00:00,14.637249946594238,14.637499809265137,14.010250091552734,14.35124969482422,405324000,15.113474941253662,13.924355030059814,39.423016575895566,15.137175035476684,16.191358411445762,14.082991659507607,-0.03272282236303348,13.223857526779176,0.26904881802503944,0.42042368780805867,41.22622050535809,0.48976796013968343,1.0447707723711936,40.18517930276318,0.356206689515016,42.87717324497654,47.82727009669479,0.41283787764413304,44.50743666086048,59.09337033433882,0.46152591030230283,47.33885125097397,1
2021-05-05 00:00:00+00:00,14.708999633789062,14.81350040435791,14.387499809265137,14.458499908447266,292024000,15.023274898529053,13.930685024261477,26.833636287544863,15.15292501449585,16.152602496215245,14.153247532776454,0.00747323166300462,13.24359627723694,0.20625222557376155,0.3775893953611993,39.206103119095076,0.4558394295828683,1.0296090773755173,39.423016575895566,0.26904881802503944,41.22622050535809,40.18517930276318,0.356206689515016,42.87717324497654,47.82727009669479,0.41283787764413304,44.50743666086048,0
2021-05-06 00:00:00+00:00,14.49524974822998,14.571249961853027,14.218000411987305,14.52299976348877,193380000,14.990549850463868,13.931165027618407,29.93790790365439,15.163224983215333,16.13035319284251,14.196096773588156,0.004461033679145299,13.264568777084351,0.15984745097195585,0.3340410064833506,37.34648414321062,0.4596071924482073,1.0248452341841188,26.833636287544863,0.20625222557376155,39.206103119095076,39.423016575895566,0.26904881802503944,41.22622050535809,40.18517930276318,0.356206689515016,42.87717324497654,0
2021-05-07 00:00:00+00:00,14.808250427246094,14.970749855041504,14.67175006866455,14.812250137329102,229328000,14.945249843597413,13.961260032653808,41.41809273473823,15.183837509155271,16.098630955666316,14.26904406264423,0.019916709946351085,13.286436276435852,0.14474291435698383,0.2961813880580773,35.579594684156284,0.4430535861424036,1.0203792857005891,29.93790790365439,0.15984745097195585,37.34648414321062,26.833636287544863,0.20625222557376155,39.206103119095076,39.423016575895566,0.26904881802503944,41.22622050535809,0
2021-05-10 00:00:00+00:00,14.787249565124512,14.805999755859377,14.25,14.26574993133545,268904000,14.824024868011474,13.972285022735596,37.27336333977605,15.136675024032591,16.139071012013915,14.134279036051272,-0.03689515103558705,13.30711627483368,0.08766392576903925,0.2544778956002697,34.73515390220696,0.44507149287632536,1.039017526726974,41.41809273473823,0.14474291435698383,35.579594684156284,29.93790790365439,0.15984745097195585,37.34648414321062,26.833636287544863,0.20625222557376155,39.206103119095076,0
2021-05-11 00:00:00+00:00,13.824999809265137,14.35474967956543,13.75,14.306249618530272,285584000,14.71647481918335,13.981575012207031,34.53611218201769,15.068012523651124,16.10149882388692,14.034526223415329,0.00283894554368036,13.327675023078918,0.04517564564566001,0.21261744560934775,34.919426815860106,0.46967860630580344,1.0439817948774859,37.27336333977605,0.08766392576903925,34.73515390220696,41.41809273473823,0.14474291435698383,35.579594684156284,29.93790790365439,0.15984745097195585,37.34648414321062,0
2021-05-12 00:00:00+00:00,14.009499549865724,14.260250091552734,13.709250450134276,13.758500099182127,303408000,14.564649868011475,13.988620014190674,34.16031690905746,14.992087507247923,16.173460558926603,13.810714455569247,-0.03828742919728367,13.34436002254486,-0.032322833437701703,0.16362938979993788,36.20985868452036,0.4655356407165526,1.0401918137992046,34.53611218201769,0.04517564564566001,34.919426815860106,37.27336333977605,0.08766392576903925,34.73515390220696,41.41809273473823,0.14474291435698383,35.579594684156284,1
2021-05-13 00:00:00+00:00,14.0337495803833,14.080750465393066,13.458999633789062,13.665249824523926,285404000,14.398699855804445,14.005830001831054,24.3958994907633,14.868487453460691,16.062583494560858,13.674391412360528,-0.006777648289128857,13.361608772277831,-0.10011143202631523,0.11088122543468726,37.96263508803727,0.4753214291163851,1.0461959171202506,34.16031690905746,-0.032322833437701703,36.20985868452036,34.53611218201769,0.04517564564566001,34.919426815860106,37.27336333977605,0.08766392576903925,34.73515390220696,1
2021-05-14 00:00:00+00:00,13.890000343322754,14.32800006866455,13.748499870300291,14.243000030517578,258616000,14.32204990386963,14.043285007476806,32.30406500998768,14.785012435913083,15.902789401645686,13.667235470180485,0.04227878841679211,13.380496273040771,-0.10599295087514982,0.06750639017271985,39.275695340094636,0.4973750114440915,1.0421500675587236,24.3958994907633,-0.10011143202631523,37.96263508803727,34.16031690905746,-0.032322833437701703,36.20985868452036,34.53611218201769,0.04517564564566001,34.919426815860106,0
2021-05-17 00:00:00+00:00,14.156999588012695,14.169249534606934,13.853500366210938,14.165499687194824,216980000,14.254924869537351,14.07736499786377,32.47857376611793,14.725199937820436,15.84105598622167,13.6093438894192,-0.005441293488499532,13.398253769874573,-0.11557544515710383,0.030890023106755114,40.99807760285499,0.502624988555908,1.0227920135741373,32.30406500998768,-0.10599295087514982,39.275695340094636,24.3958994907633,-0.10011143202631523,37.96263508803727,34.16031690905746,-0.032322833437701703,36.20985868452036,1
2021-05-18 00:00:00+00:00,14.267000198364258,14.404250144958496,14.003999710083008,14.01574993133545,186256000,14.221374893188475,14.125814990997316,32.06514986693867,14.66742491722107,15.805473959816831,13.529375874625307,-0.010571441824586247,13.415258769989014,-0.1337118477524637,-0.002030351065088646,42.546703507787115,0.5085892677307127,1.0285811513254535,32.47857376611793,-0.11557544515710383,40.99807760285499,32.30406500998768,-0.10599295087514982,39.275695340094636,24.3958994907633,-0.10011143202631523,37.96263508803727,1
2021-05-19 00:00:00+00:00,13.566499710083008,14.079500198364258,13.54325008392334,14.065750122070312,344000000,14.18209991455078,14.15672498703003,32.10377383812403,14.602687406539918,15.721881602432918,13.483493210646918,0.003567428855381971,13.430536270141602,-0.14240887904060706,-0.03010605666019233,44.58679579074455,0.5208214351109094,1.0395953785921357,32.06514986693867,-0.1337118477524637,42.546703507787115,32.47857376611793,-0.11557544515710383,40.99807760285499,32.30406500998768,-0.10599295087514982,39.275695340094636,1
2021-05-20 00:00:00+00:00,14.302499771118164,14.68375015258789,14.270500183105469,14.612500190734863,321592000,14.191049957275393,14.199609985351564,44.70526405759999,14.590799903869629,15.70395681874124,13.477642988998015,0.038871021020532304,13.447460021972656,-0.10398450914165913,-0.04488174715648569,45.679203256187904,0.5386785779680522,1.0289583381227,32.10377383812403,-0.14240887904060706,44.58679579074455,32.06514986693867,-0.1337118477524637,42.546703507787115,32.47857376611793,-0.11557544515710383,40.99807760285499,1
2021-05-21 00:00:00+00:00,15.16374969482422,15.222000122070312,14.869500160217283,14.99174976348877,672992000,14.208999919891358,14.23957498550415,51.959293507179865,14.577124881744384,15.661749431059588,13.492500332429184,0.025953777095200525,13.465985021591187,-0.04244141000807922,-0.0443936797268044,44.03202116936776,0.54941075188773,1.02370624150475,44.70526405759999,-0.10398450914165913,45.679203256187904,32.10377383812403,-0.14240887904060706,44.58679579074455,32.06514986693867,-0.1337118477524637,42.546703507787115,1
2021-05-24 00:00:00+00:00,15.212499618530272,15.744999885559082,15.175999641418455,15.612000465393066,554816000,14.34362497329712,14.294694995880128,65.41165542340426,14.583824920654298,15.69325281587072,13.474397025437874,0.041372802487329885,13.487367525100709,0.055738469066245244,-0.02436724996819447,41.99242363989841,0.5441786221095493,1.0374934276215786,51.959293507179865,-0.04244141000807922,44.03202116936776,44.70526405759999,-0.10398450914165913,45.679203256187904,32.10377383812403,-0.14240887904060706,44.58679579074455,0
2021-05-25 00:00:00+00:00,15.765999794006348,15.818499565124512,15.482500076293944,15.647749900817873,435408000,14.47777500152588,14.343824996948245,64.79626669894031,14.597124910354614,15.752265154830956,13.441984665878271,0.002289868969966413,13.50960877418518,0.13487663733139854,0.007481527491724132,38.75619380425705,0.535160677773612,1.021701888401411,65.41165542340426,0.055738469066245244,41.99242363989841,51.959293507179865,-0.04244141000807922,44.03202116936776,44.70526405759999,-0.10398450914165913,45.679203256187904,1
2021-05-26 00:00:00+00:00,15.73425006866455,15.793749809265137,15.58625030517578,15.699999809265137,370440000,14.67192497253418,14.391999988555908,64.68863065087405,14.618287420272829,15.839472689933809,13.397102150611843,0.003339132385068,13.532283773422241,0.19951050388443115,0.04588732277026554,35.71520761568928,0.5247499602181573,1.013312984202522,64.79626669894031,0.13487663733139854,38.75619380425705,65.41165542340426,0.055738469066245244,41.99242363989841,51.959293507179865,-0.04244141000807922,44.03202116936776,1
2021-05-27 00:00:00+00:00,15.699749946594238,15.75,15.460000038146973,15.48799991607666,581476000,14.854199981689453,14.434934978485108,58.59896697108359,14.626449918746948,15.869504047653454,13.383395789840442,-0.013503178074140365,13.555473771095276,0.23096427675414333,0.0829027135670411,33.884945020006455,0.5134820938110354,1.0187580828678824,64.68863065087405,0.19951050388443115,35.71520761568928,64.79626669894031,0.13487663733139854,38.75619380425705,65.41165542340426,0.055738469066245244,41.99242363989841,1
2021-05-28 00:00:00+00:00,15.50100040435791,16.27750015258789,15.50100040435791,16.24449920654297,644536000,15.054349899291992,14.505374965667723,73.90227487992236,14.688199901580813,16.119777405804513,13.25662239735711,0.04884422098175878,13.579495015144348,0.31332299631314875,0.12898677011626264,33.464849036259054,0.529714243752616,1.0500935248031913,58.59896697108359,0.23096427675414333,33.884945020006455,64.68863065087405,0.19951050388443115,35.71520761568928,64.79626669894031,0.13487663733139854,38.75619380425705,1
2021-06-01 00:00:00+00:00,16.270000457763672,16.38825035095215,15.903249740600586,16.26449966430664,472804000,15.264249897003172,14.573749961853029,73.77238515502607,14.759587383270263,16.355334861358596,13.16383990518193,0.0012312141796047005,13.603602514266967,0.37587390432128664,0.17836419695726746,33.877695407569185,0.5211607388087683,1.0304969498852408,73.90227487992236,0.31332299631314875,33.464849036259054,58.59896697108359,0.23096427675414333,33.884945020006455,64.68863065087405,0.19951050388443115,35.71520761568928,1
2021-06-02 00:00:00+00:00,16.25225067138672,16.918750762939453,16.23550033569336,16.778249740600586,594168000,15.540499877929689,14.645589962005616,86.9637004919953,14.880937385559085,16.699507624982697,13.06236714613547,0.03158720445741103,13.629673762321472,0.46158047475200803,0.23500745251621558,34.8904035380977,0.5273215430123468,1.0420837309056614,73.77238515502607,0.37587390432128664,33.877695407569185,73.90227487992236,0.31332299631314875,33.464849036259054,58.59896697108359,0.23096427675414333,33.884945020006455,1
2021-06-03 00:00:00+00:00,16.70075035095215,17.259000778198242,16.58300018310547,16.969749450683594,580008000,15.830899810791015,14.723569946289064,89.49916248555411,15.006499862670898,17.036721673618704,12.976278051723092,0.011413568938577034,13.652837510108947,0.5387456509678614,0.2957550922065448,36.52584165575945,0.5311965261186875,1.0407646739207947,86.9637004919953,0.46158047475200803,34.8904035380977,73.77238515502607,0.37587390432128664,33.877695407569185,73.90227487992236,0.31332299631314875,33.464849036259054,1
2021-06-04 00:00:00+00:00,17.112499237060547,17.660999298095703,17.095500946044922,17.578250885009766,617120000,16.127474880218507,14.8222749710083,89.57579579027701,15.159262418746948,17.475882273169283,12.842642564324612,0.03585800934153793,13.679425015449524,0.6416045712431355,0.36492498801386297,38.52404565155084,0.5332322120666506,1.0330787821799168,89.49916248555411,0.5387456509678614,36.52584165575945,86.9637004919953,0.46158047475200803,34.8904035380977,73.77238515502607,0.37587390432128664,33.877695407569185,0
2021-06-07 00:00:00+00:00,17.571250915527344,17.8125,17.192750930786133,17.618999481201172,575756000,16.390199851989745,14.923949966430664,91.33948461392164,15.299599885940552,17.855416890386955,12.74378288149415,0.0023181257599500515,13.706827511787415,0.7181309116536418,0.43556617274181875,40.021895798936086,0.5496785981314526,1.036047114956113,89.57579579027701,0.6416045712431355,38.52404565155084,89.49916248555411,0.5387456509678614,36.52584165575945,86.9637004919953,0.46158047475200803,34.8904035380977,0
2021-06-08 00:00:00+00:00,17.527250289916992,17.62150001525879,17.250999450683594,17.457000732421875,323848000,16.574699878692627,15.016304988861084,91.07241599500996,15.459162425994872,18.13868639239841,12.779638459591332,-0.009194548700233729,13.733407516479492,0.7569806409996644,0.4998490663933879,42.25637613005124,0.5475536073957173,1.0214770492361538,91.33948461392164,0.7181309116536418,40.021895798936086,89.57579579027701,0.6416045712431355,38.52404565155084,89.49916248555411,0.5387456509678614,36.52584165575945,1
2021-06-09 00:00:00+00:00,17.515750885009766,17.575000762939453,17.25575065612793,17.35824966430664,381656000,16.745749855041502,15.104504985809326,88.84497815414693,15.611762428283692,18.361532579219897,12.861992277347486,-0.005656817550097837,13.75678126335144,0.7709143250422024,0.5540621181231509,45.6111015520827,0.5320536068507605,1.0185010848367904,91.07241599500996,0.7569806409996644,42.25637613005124,91.33948461392164,0.7181309116536418,40.021895798936086,89.57579579027701,0.6416045712431355,38.52404565155084,1
2021-06-10 00:00:00+00:00,17.350000381469727,17.492000579833984,17.176000595092773,17.424999237060547,287772000,16.918249797821044,15.195569972991944,87.42017288462745,15.795087385177611,18.513328151865032,13.076846618490194,0.0038454091884139174,13.780305008888245,0.7783704328730803,0.5989237810731367,50.032264084428945,0.5104821750095915,1.0183977627965088,88.84497815414693,0.7709143250422024,45.6111015520827,91.07241599500996,0.7569806409996644,42.25637613005124,91.33948461392164,0.7181309116536418,40.021895798936086,1
2021-06-11 00:00:00+00:00,17.47949981689453,17.939250946044922,17.443750381469727,17.82525062561035,416308000,17.151974868774413,15.285109977722168,87.49008534614792,16.003087425231932,18.671303092628506,13.334871757835357,0.022969951568119873,13.805681262016297,0.8072706801705003,0.6405931608926094,55.66430235847164,0.5036787305559434,1.0284056211387638,87.42017288462745,0.7783704328730803,50.032264084428945,88.84497815414693,0.7709143250422024,45.6111015520827,91.07241599500996,0.7569806409996644,42.25637613005124,0
2021-06-14 00:00:00+00:00,17.9060001373291,18.039499282836918,17.662750244140625,18.018749237060547,321376000,17.329399871826173,15.369249954223632,85.89753255040344,16.19187488555908,18.870020407561935,13.513729363556225,0.010855309443570382,13.831910009384154,0.8361494448619915,0.6797044176864859,60.41173959723519,0.4767857960292276,1.0213301458430164,87.49008534614792,0.8072706801705003,55.66430235847164,87.42017288462745,0.7783704328730803,50.032264084428945,88.84497815414693,0.7709143250422024,45.6111015520827,1
2021-06-15 00:00:00+00:00,17.915000915527344,18.01625061035156,17.72800064086914,17.78849983215332,243032000,17.48179988861084,15.445269947052005,80.17905182392744,16.373024892807006,18.96271740041792,13.783332385196095,-0.012778323394037505,13.85771125793457,0.8308790151563201,0.7099393371804528,65.26499634678318,0.47355358941214465,1.0162595870409608,85.89753255040344,0.8361494448619915,60.41173959723519,87.49008534614792,0.8072706801705003,55.66430235847164,87.42017288462745,0.7783704328730803,50.032264084428945,1
2021-06-16 00:00:00+00:00,17.79075050354004,17.954750061035156,17.58449935913086,17.81024932861328,307124000,17.58499984741211,15.524244937896729,80.00712221929004,16.5627498626709,18.975211682384572,14.150288042957222,0.0012226717635090978,13.881023755073548,0.8190160569545917,0.7317546811352806,69.14517375913883,0.4851786749703546,1.0210555156756307,80.17905182392744,0.8308790151563201,65.26499634678318,85.89753255040344,0.8361494448619915,60.41173959723519,87.49008534614792,0.8072706801705003,55.66430235847164,1
2021-06-17 00:00:00+00:00,17.774499893188477,18.834999084472656,17.756250381469727,18.657249450683597,809656000,17.75374984741211,15.61451992034912,88.17225026355999,16.792324829101563,19.074645654622444,14.510004003580685,0.047556893025049174,13.907437500953675,0.8679551614693395,0.7589947772020924,74.68044366306071,0.5415178707667762,1.0607531815460713,80.00712221929004,0.8190160569545917,69.14517375913883,80.17905182392744,0.8308790151563201,65.26499634678318,85.89753255040344,0.8361494448619915,60.41173959723519,1
2021-06-18 00:00:00+00:00,18.78400039672852,19.375,18.583999633789062,18.638750076293945,968856000,17.859799766540526,15.700954914093018,85.07291040918679,16.993637323379517,19.174405464136616,14.81286918262242,-0.0009915381384888455,13.931526250839234,0.894930804240758,0.7861819826098255,78.5947557061552,0.5416250228881838,1.0425635160244384,88.17225026355999,0.8679551614693395,74.68044366306071,80.00712221929004,0.8190160569545917,69.14517375913883,80.17905182392744,0.8308790151563201,65.26499634678318,1
2021-06-21 00:00:00+00:00,18.43524932861328,18.536500930786133,17.822750091552734,18.427249908447266,672384000,17.940624809265138,15.781499919891358,79.99863486718527,17.16541233062744,19.219797585180256,15.111027076074624,-0.011347336435165833,13.951929998397826,0.888995117190813,0.8067446095260231,78.73710935738873,0.5652678353445874,1.0400471776559157,85.07291040918679,0.894930804240758,78.5947557061552,88.17225026355999,0.8679551614693395,74.68044366306071,80.00712221929004,0.8190160569545917,69.14517375913883,1
2021-06-22 00:00:00+00:00,18.47150039672852,18.9637508392334,18.38599967956543,18.886749267578125,580144000,18.083599662780763,15.85505491256714,79.69301895316798,17.329149770736695,19.38423755826758,15.274061983205812,0.024935861911777657,13.981286244392395,0.9108688711741912,0.8275694618556568,78.27529987821113,0.5577321733747213,1.031423429225341,79.99863486718527,0.888995117190813,78.73710935738873,85.07291040918679,0.894930804240758,78.5947557061552,88.17225026355999,0.8679551614693395,74.68044366306071,1
2021-06-23 00:00:00+00:00,19.00774955749512,19.15275001525879,18.90774917602539,19.057249069213867,332356000,18.25349960327149,15.922609901428222,79.5721958655976,17.499624729156494,19.532981821182943,15.466267637130043,0.00902748266629616,14.013459987640381,0.9312272794549159,0.8483010253755087,76.80566331394881,0.528446469988142,1.0129576945913823,79.69301895316798,0.9108688711741912,78.27529987821113,79.99863486718527,0.888995117190813,78.73710935738873,85.07291040918679,0.894930804240758,78.5947557061552,1
2021-06-24 00:00:00+00:00,19.22775077819824,19.420000076293945,19.08824920654297,19.20549964904785,320924000,18.431549644470216,16.001179885864257,76.50893100724659,17.67489972114563,19.658835362410343,15.690964079880914,0.007779222452073409,14.049922485351562,0.9483915797248059,0.8683191362453682,75.15350457681829,0.5049822671072827,1.01737984799765,79.5721958655976,0.9312272794549159,76.80566331394881,79.69301895316798,0.9108688711741912,78.27529987821113,79.99863486718527,0.888995117190813,78.73710935738873,1
2021-06-25 00:00:00+00:00,19.280500411987305,19.34550094604492,18.894500732421875,19.0310001373291,278364000,18.55212459564209,16.05905487060547,72.041865237335,17.85204973220825,19.636475810617277,16.067623653799227,-0.009085913665745293,14.08150248527527,0.9371113231071284,0.8820775736177202,72.78999060398623,0.4929287774222238,1.0238693903591298,76.50893100724659,0.9483915797248059,75.15350457681829,79.5721958655976,0.9312272794549159,76.80566331394881,79.69301895316798,0.9108688711741912,78.27529987821113,1
2021-06-28 00:00:00+00:00,19.36124992370605,20.07875061035156,19.319000244140625,19.98500061035156,495436000,18.74874973297119,16.140504875183105,81.63955636825445,18.03907480239868,19.896664143318237,16.181485461479127,0.05012876181694703,14.11986873626709,0.9936967857348726,0.9044014160411508,71.16670583370437,0.5413037708827425,1.0393265881572398,72.041865237335,0.9371113231071284,72.78999060398623,76.50893100724659,0.9483915797248059,75.15350457681829,79.5721958655976,0.9312272794549159,76.80566331394881,1
2021-06-29 00:00:00+00:00,19.88249969482422,20.0987491607666,19.65699958801269,20.026750564575195,367632000,18.97257480621338,16.23380489349365,83.88144208810715,18.22718734741211,20.090096373108267,16.36427832171595,0.002089064445762956,14.15917998790741,1.0300364261848785,0.9295284180698964,68.10654819820938,0.5500537327357701,1.0224728891495374,81.63955636825445,0.9936967857348726,71.16670583370437,72.041865237335,0.9371113231071284,72.78999060398623,76.50893100724659,0.9483915797248059,75.15350457681829,1
2021-06-30 00:00:00+00:00,19.999250411987305,20.162500381469727,19.863750457763672,20.002500534057617,326568000,19.191799926757813,16.33042989730835,83.08307582932123,18.38839988708496,20.28116004059429,16.49563973357563,-0.0012108819371062784,14.19483124256134,1.0448348722376402,0.9525897089034452,65.67911875312709,0.5488215855189732,1.0150399555381693,83.88144208810715,1.0300364261848785,68.10654819820938,81.63955636825445,0.9936967857348726,71.16670583370437,72.041865237335,0.9371113231071284,72.78999060398623,1
2021-07-01 00:00:00+00:00,20.125,20.45599937438965,20.018999099731445,20.21199989318848,480136000,19.3472749710083,16.42745988845825,82.2120478553343,18.550512409210206,20.48656418477102,16.614460633649394,0.0104736584695575,14.230936241149902,1.0612343458308686,0.9743186362889299,63.165718801012574,0.5444820949009487,1.0218292769024635,83.08307582932123,1.0448348722376402,65.67911875312709,83.88144208810715,1.0300364261848785,68.10654819820938,81.63955636825445,0.9936967857348726,71.16670583370437,1
2021-07-02 00:00:00+00:00,20.44025039672852,20.505250930786133,20.287750244140625,20.48699951171875,342764000,19.53209991455078,16.540194873809813,82.5949430855319,18.69594984054565,20.75742898079117,16.63447070030014,0.013605759943772,14.270798740386963,1.0839263890606823,0.9962401868432804,60.744280409461616,0.5385179519653315,1.010720788851801,82.2120478553343,1.0612343458308686,63.165718801012574,83.08307582932123,1.0448348722376402,65.67911875312709,83.88144208810715,1.0300364261848785,68.10654819820938,0
2021-07-06 00:00:00+00:00,20.737499237060547,20.84199905395508,20.350250244140625,20.69849967956543,446708000,19.7592248916626,16.64885986328125,88.61979269501542,18.849924850463868,21.02936344908941,16.670486251838327,0.010323628295383136,14.31197373867035,1.106224426187925,1.0182370347122094,58.58588977546544,0.5528751100812637,1.024164263530668,82.5949430855319,1.0839263890606823,60.744280409461616,82.2120478553343,1.0612343458308686,63.165718801012574,83.08307582932123,1.0448348722376402,65.67911875312709,0
2021-07-07 00:00:00+00:00,20.853500366210938,20.875,20.332000732421875,20.371749877929688,418428000,19.907724952697755,16.74673486709595,81.44876126495319,18.99566230773926,21.17272941069347,16.818595204785048,-0.015786158740690004,14.352886238098144,1.0850223408871784,1.0315940959472032,57.38030290817551,0.56521429334368,1.0267066323046234,88.61979269501542,1.106224426187925,58.58588977546544,82.5949430855319,1.0839263890606823,60.744280409461616,82.2120478553343,1.0612343458308686,63.165718801012574,1
2021-07-08 00:00:00+00:00,19.85650062561035,20.132999420166016,19.70075035095215,19.90275001525879,503300000,19.992275047302247,16.837154865264893,66.85615398395751,19.122887325286865,21.19176265686177,17.054011993711963,-0.02302207053793659,14.389813737869263,1.018632999075102,1.0290018765727829,53.209760669316175,0.5360893521990092,1.0219407414191701,81.44876126495319,1.0850223408871784,57.38030290817551,88.61979269501542,1.106224426187925,58.58588977546544,82.5949430855319,1.0839263890606823,60.744280409461616,1
2021-07-09 00:00:00+00:00,19.962499618530277,20.080249786376957,19.754249572753903,20.050249099731445,296624000,20.076749992370605,16.932624855041503,68.4582168936264,19.25414981842041,21.198845354708716,17.309454282132105,0.007410990157620034,14.42687623500824,0.966776512951494,1.016556803848525,48.36032602658338,0.502875055585589,1.0165027890541938,66.85615398395751,1.018632999075102,53.209760669316175,81.44876126495319,1.0850223408871784,57.38030290817551,88.61979269501542,1.106224426187925,58.58588977546544,0
2021-07-12 00:00:00+00:00,20.239999771118164,20.53274917602539,20.1877498626709,20.512500762939453,321984000,20.22490005493164,17.036379871368407,75.59061458372346,19.388512325286865,21.28833902061924,17.488685629954492,0.0230546593665113,14.468819990158082,0.9520055922507105,1.0036465615289623,48.32581417842164,0.47905363355364144,1.0170895377494462,68.4582168936264,0.966776512951494,48.36032602658338,66.85615398395751,1.018632999075102,53.209760669316175,81.44876126495319,1.0850223408871784,57.38030290817551,0
2021-07-13 00:00:00+00:00,20.40049934387207,20.46125030517578,20.11400032043457,20.25,290708000,20.251399993896484,17.141189880371094,67.58012117300507,19.50007486343384,21.321662262026077,17.678487464841602,-0.012797111672201433,14.508329992294312,0.908643635202214,0.9846459762636127,47.71273157789695,0.4662500108991353,1.0172640936267872,75.59061458372346,0.9520055922507105,48.32581417842164,68.4582168936264,0.966776512951494,48.36032602658338,66.85615398395751,1.018632999075102,53.209760669316175,0
2021-07-14 00:00:00+00:00,20.357749938964844,20.417749404907227,19.75275039672852,19.84149932861328,380100000,20.232874870300293,17.241284866333007,59.52858229393435,19.60272483825684,21.24029038194915,17.965159294564522,-0.020172872661072483,14.543168740272522,0.8317287305641088,0.954062527123712,45.94807202837793,0.49474988664899555,1.0336661474894577,67.58012117300507,0.908643635202214,47.71273157789695,75.59061458372346,0.9520055922507105,48.32581417842164,68.4582168936264,0.966776512951494,48.36032602658338,0
2021-07-15 00:00:00+00:00,19.811750411987305,19.847000122070312,18.85849952697754,18.966249465942383,550564000,20.12924976348877,17.33358486175537,47.52955607007273,19.66052484512329,21.10150513667083,18.21954455357575,-0.04411208287111179,14.572824988365173,0.6921688734344222,0.901683796385854,42.660061834857906,0.5394462857927594,1.052416715003158,59.52858229393435,0.8317287305641088,45.94807202837793,67.58012117300507,0.908643635202214,47.71273157789695,75.59061458372346,0.9520055922507105,48.32581417842164,0
2021-07-16 00:00:00+00:00,19.030500411987305,19.15699958801269,18.072999954223636,18.160999298095703,688224000,19.92414970397949,17.40763484954834,42.05188558420508,19.635712337493896,21.163884075665,18.1075405993228,-0.042457006024974264,14.59750123500824,0.510702660032404,0.8234875691151642,40.8716817035009,0.5846605300903318,1.0599789540493927,47.52955607007273,0.6921688734344222,42.660061834857906,59.52858229393435,0.8317287305641088,45.94807202837793,67.58012117300507,0.908643635202214,47.71273157789695,1
2021-07-19 00:00:00+00:00,17.915250778198242,19.04199981689453,17.86549949645996,18.77975082397461,749060000,19.75342483520508,17.492769870758057,38.27065162592783,19.64276237487793,21.15276128691763,18.132763462838227,0.034070345784539935,14.623747487068176,0.4120673990606818,0.7412035351042678,40.17898992819831,0.5938569477626255,1.065853200503445,42.05188558420508,0.510702660032404,40.8716817035009,47.52955607007273,0.6921688734344222,42.660061834857906,59.52858229393435,0.8317287305641088,45.94807202837793,1
2021-07-20 00:00:00+00:00,18.729999542236328,18.83799934387207,18.16399955749512,18.61199951171875,434687000,19.54477481842041,17.56876485824585,36.5613867768613,19.651999855041502,21.1326650182591,18.171334691823905,-0.008932563260727888,14.648734984397889,0.31671126485375467,0.6563050810541652,39.51941092825933,0.6104462487356999,1.0371063533801306,38.27065162592783,0.4120673990606818,40.17898992819831,42.05188558420508,0.510702660032404,40.8716817035009,47.52955607007273,0.6921688734344222,42.660061834857906,1
2021-07-21 00:00:00+00:00,18.881999969482425,19.527000427246094,18.742000579833984,19.40999984741211,371017000,19.44859981536865,17.671649856567385,45.093165425693066,19.678162384033204,21.11987337631792,18.23645139174849,0.042875583313384036,14.680473732948304,0.3020509441503201,0.5854542536733962,37.323147504596946,0.6544641767229348,1.0418845279653204,36.5613867768613,0.31671126485375467,39.51941092825933,38.27065162592783,0.4120673990606818,40.17898992819831,42.05188558420508,0.510702660032404,40.8716817035009,0
2021-07-22 00:00:00+00:00,19.642000198364254,19.886999130249023,19.275999069213867,19.5939998626709,323826000,19.417724800109863,17.777404861450194,44.86028333558585,19.70499992370605,21.1177363646396,18.292263482772512,0.009479650525773708,14.710231232643128,0.3018008257947642,0.5287235680976698,35.117031089685035,0.6657142639160151,1.0316974523002025,45.093165425693066,0.3020509441503201,37.323147504596946,36.5613867768613,0.31671126485375467,39.51941092825933,38.27065162592783,0.4120673990606818,40.17898992819831,0
2021-07-23 00:00:00+00:00,19.6560001373291,19.700000762939453,19.25,19.558000564575195,195672000,19.36849994659424,17.89339487075806,41.9539388717214,19.72262496948242,21.11780921592681,18.327440723038038,-0.0018372613222421563,14.739338736534119,0.2952937995906737,0.48203761439627063,33.066666100897244,0.6769106728690009,1.0233766630098418,44.86028333558585,0.3018008257947642,35.117031089685035,45.093165425693066,0.3020509441503201,37.323147504596946,36.5613867768613,0.31671126485375467,39.51941092825933,0
2021-07-26 00:00:00+00:00,19.31100082397461,19.441999435424805,18.91399955749512,19.29400062561035,203943000,19.246649932861327,18.005969886779784,37.945257775906434,19.735774993896484,21.10828526375496,18.36326472403801,-0.01349830920053341,14.76598874092102,0.26577070644109213,0.438784232805235,31.767168868932742,0.687785829816545,1.027915823743395,41.9539388717214,0.2952937995906737,33.066666100897244,44.86028333558585,0.3018008257947642,35.117031089685035,45.093165425693066,0.3020509441503201,37.323147504596946,1
2021-07-27 00:00:00+00:00,19.26499938964844,19.621999740600582,18.74099922180176,19.20800018310547,248863000,19.14244995117188,18.105269889831543,39.5810137908894,19.69692497253418,21.083645636845205,18.31020430822316,-0.004457367042412508,14.792834992408752,0.23275091774583245,0.3975775697933545,30.01351473327367,0.711928776332309,1.0470092607321564,37.945257775906434,0.26577070644109213,31.767168868932742,41.9539388717214,0.2952937995906737,33.066666100897244,44.86028333558585,0.3018008257947642,35.117031089685035,1
2021-07-28 00:00:00+00:00,19.319000244140625,19.645999908447266,18.9950008392334,19.50300025939941,202191000,19.108600044250487,18.212019901275635,46.305970754309264,19.67073745727539,21.050998958663698,18.29047595588708,0.01535818791554422,14.821536245346069,0.22776105043543637,0.3636142659217709,29.703073990311285,0.7105001722063324,1.0342721263728114,39.5810137908894,0.23275091774583245,30.01351473327367,37.945257775906434,0.26577070644109213,31.767168868932742,41.9539388717214,0.2952937995906737,33.066666100897244,1
2021-07-29 00:00:00+00:00,19.518999099731445,19.85300064086914,19.327999114990234,19.66200065612793,190781000,19.17817516326904,18.32494491577149,46.41986278432995,19.653712463378906,21.025115217553942,18.28230970920387,0.008152612142426019,14.848716249465943,0.23393983504027105,0.3376793797454709,29.680404673810504,0.724714551653179,1.0271627457532182,46.305970754309264,0.22776105043543637,29.703073990311285,39.5810137908894,0.23275091774583245,30.01351473327367,37.945257775906434,0.26577070644109213,31.767168868932742,1
2021-07-30 00:00:00+00:00,19.417999267578125,19.6299991607666,19.26300048828125,19.499000549316406,183497000,19.311975288391118,18.433609924316407,40.108342361863485,19.618062496185303,20.965213385331577,18.27091160703903,-0.008290107891982146,14.874970002174377,0.22311192459994444,0.3147658887163656,28.169048840950712,0.7187502724783743,1.0190519993346112,46.41986278432995,0.23393983504027105,29.680404673810504,46.305970754309264,0.22776105043543637,29.703073990311285,39.5810137908894,0.23275091774583245,30.01351473327367,1
2021-08-02 00:00:00+00:00,19.700000762939453,19.961000442504883,19.36100006103516,19.75,217444000,19.409000205993653,18.53635992050171,45.10907123400127,19.581212520599365,20.86721581641581,18.29520922478292,0.012872426463539588,14.90324375152588,0.23210868115165795,0.29823444720342407,26.558612151764436,0.7331431252615772,1.0309901544123874,40.108342361863485,0.22311192459994444,28.169048840950712,46.41986278432995,0.23393983504027105,29.680404673810504,46.305970754309264,0.22776105043543637,29.703073990311285,1
2021-08-03 00:00:00+00:00,19.739999771118164,20.222000122070312,19.21999931335449,19.815000534057617,301811000,19.52930030822754,18.632824935913085,49.72211854755187,19.53703756332397,20.71783737858585,18.3562377480621,0.003291166281398361,14.932468752861023,0.24169753665230687,0.28692706509320065,25.471876965164277,0.7572146824427998,1.0521332385282456,45.10907123400127,0.23210868115165795,26.558612151764436,40.108342361863485,0.22311192459994444,28.169048840950712,46.41986278432995,0.23393983504027105,29.680404673810504,1
2021-08-04 00:00:00+00:00,19.989999771118164,20.31800079345703,19.827999114990234,20.27400016784668,231309000,19.615700340271,18.72606492996216,65.02556132350853,19.532150077819825,20.6991309282198,18.36516922741985,0.023164250386980445,14.964781255722047,0.2830711402482109,0.28615588012420273,25.90611188334828,0.7225360870361313,1.0247126134929243,49.72211854755187,0.24169753665230687,25.471876965164277,45.10907123400127,0.23210868115165795,26.558612151764436,40.108342361863485,0.22311192459994444,28.169048840950712,1
2021-08-05 00:00:00+00:00,20.5,20.732999801635746,20.34199905395508,20.636999130249023,211435000,19.72000026702881,18.82584991455078,81.66643492600154,19.568862533569337,20.82752945381572,18.31019561332296,0.01790465420721654,15.000477499961853,0.3412176569865224,0.29716823549666666,28.012974277240392,0.6778932298932749,1.0192213531543077,65.02556132350853,0.2830711402482109,25.90611188334828,49.72211854755187,0.24169753665230687,25.471876965164277,45.10907123400127,0.23210868115165795,26.558612151764436,0
2021-08-06 00:00:00+00:00,20.52400016784668,20.56999969482422,20.209999084472656,20.36599922180176,178497000,19.800800132751466,18.919169902801517,72.26782079519842,19.58465003967285,20.8762309105233,18.2930691688224,-0.013131749763464318,15.034079995155334,0.3612672981220406,0.30998804802174146,28.610157633559332,0.6243574959891175,1.017812994886682,81.66643492600154,0.3412176569865224,28.012974277240392,65.02556132350853,0.2830711402482109,25.90611188334828,49.72211854755187,0.24169753665230687,25.471876965164277,0
2021-08-09 00:00:00+00:00,20.44599914550781,20.507999420166016,20.14299964904785,20.295000076293945,146443000,19.900900077819824,19.01530990600586,74.28573473143251,19.573775005340572,20.83578554209482,18.311764468586333,-0.0034861606707620174,15.067931246757507,0.3671949506734933,0.32142942855209183,28.955639207711695,0.6022860663277757,1.0181204278150011,72.26782079519842,0.3612672981220406,28.610157633559332,81.66643492600154,0.3412176569865224,28.012974277240392,65.02556132350853,0.2830711402482109,25.90611188334828,0
2021-08-10 00:00:00+00:00,20.32200050354004,20.43000030517578,19.834999084472656,19.93600082397461,179238000,19.97370014190674,19.08913993835449,58.69136599319002,19.558075046539308,20.79216818060298,18.323981912475634,-0.01768904907463753,15.100806250572205,0.3390164480638447,0.3249468324544424,28.73343133656505,0.579428945268903,1.0299975421309149,74.28573473143251,0.3671949506734933,28.955639207711695,72.26782079519842,0.3612672981220406,28.610157633559332,81.66643492600154,0.3412176569865224,28.012974277240392,1
2021-08-11 00:00:00+00:00,20.042999267578125,20.048999786376957,19.43000030517578,19.698999404907227,185925000,19.99330005645752,19.157829933166504,51.70509241879672,19.550950050354004,20.77978757475443,18.322112525953575,-0.011888112423348751,15.131349997520447,0.2941697422410634,0.3187914144117666,27.512060808479053,0.5800003324236186,1.0318579244199129,58.69136599319002,0.3390164480638447,28.73343133656505,74.28573473143251,0.3671949506734933,28.955639207711695,72.26782079519842,0.3612672981220406,28.610157633559332,1
2021-08-12 00:00:00+00:00,19.8700008392334,20.02899932861328,19.6200008392334,19.905000686645508,151652000,20.01760005950928,19.2203649520874,55.34010562330194,19.59788761138916,20.80419666478588,18.39157855799245,0.010457449005605968,15.165168752670288,0.2721142232052891,0.30945597617047116,26.11643826591444,0.577071598597935,1.020845997547667,51.70509241879672,0.2941697422410634,27.512060808479053,58.69136599319002,0.3390164480638447,28.73343133656505,74.28573473143251,0.3671949506734933,28.955639207711695,0
2021-08-13 00:00:00+00:00,19.905000686645508,20.214000701904297,19.85099983215332,20.1879997253418,183063000,20.086499977111817,19.284729957580566,63.67807827017234,19.699237632751466,20.724216197252275,18.674259068250656,0.014217484498061816,15.199124999046326,0.27430866325041237,0.3024265135864594,24.451208036460596,0.5570001602172852,1.0182862764001948,55.34010562330194,0.2721142232052891,26.11643826591444,51.70509241879672,0.2941697422410634,27.512060808479053,58.69136599319002,0.3390164480638447,28.73343133656505,0
2021-08-16 00:00:00+00:00,20.13500022888184,20.28700065612793,19.452999114990234,19.950000762939453,210876000,20.10650005340576,19.33216495513916,60.84796750143887,19.75775012969971,20.69124519595948,18.82425506343994,-0.0117891304557326,15.235740003585816,0.2539162570171989,0.2927244622726073,22.129334149452667,0.5536430903843476,1.0428726458171185,63.67807827017234,0.27430866325041237,24.451208036460596,55.34010562330194,0.2721142232052891,26.11643826591444,51.70509241879672,0.2941697422410634,27.512060808479053,0
2021-08-17 00:00:00+00:00,19.684999465942383,19.770000457763672,19.267000198364254,19.45800018310547,204585000,20.070800018310543,19.36894496917725,49.3779362343113,19.80005016326904,20.57878484939762,19.021315477140465,-0.02466168225657217,15.26791000366211,0.1957977585056483,0.2733391215192155,20.618994289731717,0.5559289114815856,1.026106827955611,60.84796750143887,0.2539162570171989,22.129334149452667,63.67807827017234,0.27430866325041237,24.451208036460596,55.34010562330194,0.2721142232052891,26.11643826591444,1
2021-08-18 00:00:00+00:00,19.5,19.63400077819824,19.0,19.040000915527344,285913000,19.947400093078613,19.40060497283936,41.97626245055087,19.781550216674805,20.614960746544853,18.94813968680476,-0.021482128874736883,15.300440006256103,0.11468733794471575,0.2416087648043156,20.508353316941857,0.5637145723615379,1.0333684620104335,49.3779362343113,0.1957977585056483,20.618994289731717,60.84796750143887,0.2539162570171989,22.129334149452667,63.67807827017234,0.27430866325041237,24.451208036460596,1
2021-08-19 00:00:00+00:00,19.49399948120117,20.4950008392334,18.761999130249023,19.79800033569336,766555000,19.86350021362305,19.44939998626709,53.34377093029704,19.79175024032593,20.62047620482881,18.963024275823045,0.03981089200199861,15.336526255607605,0.11029949965016428,0.21534691177348533,18.255903822859015,0.6590003967285162,1.092367646803178,41.97626245055087,0.11468733794471575,20.508353316941857,49.3779362343113,0.1957977585056483,20.618994289731717,60.84796750143887,0.2539162570171989,22.129334149452667,1
2021-08-20 00:00:00+00:00,19.99099922180176,20.864999771118164,19.933000564575195,20.81599998474121,675741000,19.908500289916997,19.517220001220704,60.17564513245302,19.854650211334228,20.792459241508183,18.916841181160272,0.05141931668788402,15.375508756637574,0.18681270946138184,0.20964007131106463,16.820857993412336,0.6923574720110219,1.0467565935958139,53.34377093029704,0.11029949965016428,18.255903822859015,41.97626245055087,0.11468733794471575,20.508353316941857,49.3779362343113,0.1957977585056483,20.618994289731717,1
2021-08-23 00:00:00+00:00,20.97100067138672,21.996999740600582,20.950000762939453,21.95800018310547,575807000,20.074800300598145,19.599874992370605,66.96754364478052,19.987850189208984,21.280132210308505,18.695568168109464,0.05486165445817548,15.416327509880066,0.3357297676221762,0.23485801057328698,17.51525649397066,0.7051431110927039,1.049976083032573,60.17564513245302,0.18681270946138184,16.820857993412336,53.34377093029704,0.11029949965016428,18.255903822859015,41.97626245055087,0.11468733794471575,20.508353316941857,1
2021-08-24 00:00:00+00:00,21.75300025939941,21.958999633789062,21.53499984741211,21.792999267578125,297299000,20.260500144958492,19.67535999298096,62.614180402105085,20.117100143432616,21.58598816213405,18.648212124731177,-0.007514387200629358,15.454492506980896,0.4354142299839019,0.27496925445541,18.221203615097075,0.6995002201625281,1.01968886878947,66.96754364478052,0.3357297676221762,17.51525649397066,60.17564513245302,0.18681270946138184,16.820857993412336,53.34377093029704,0.11029949965016428,18.255903822859015,1
2021-08-25 00:00:00+00:00,21.73699951171875,22.46999931335449,21.722000122070312,22.21299934387207,347701000,20.51190013885498,19.763849983215334,62.96479469482103,20.25260009765625,21.963076922126884,18.542123273185613,0.01927224752945267,15.492747502326965,0.5420568862966313,0.32838678082365425,16.51094432727512,0.7201430456978931,1.0344350974625114,62.614180402105085,0.4354142299839019,18.221203615097075,66.96754364478052,0.3357297676221762,17.51525649397066,60.17564513245302,0.18681270946138184,16.820857993412336,1
2021-08-26 00:00:00+00:00,22.200000762939453,22.34000015258789,21.790000915527344,22.06800079345703,237940000,20.72820014953613,19.849005012512208,64.29773364468761,20.372900104522703,22.239766448591624,18.50603376045379,-0.006527643933642802,15.534933757781982,0.6078647026191213,0.38428236518274766,14.801644565619338,0.7289287022181917,1.0252409001354663,62.96479469482103,0.5420568862966313,16.51094432727512,62.614180402105085,0.4354142299839019,18.221203615097075,66.96754364478052,0.3357297676221762,17.51525649397066,1
2021-08-27 00:00:00+00:00,22.18400001525879,22.722000122070312,22.16699981689453,22.63599967956543,304722000,20.973000144958498,19.928580017089843,68.15010475781484,20.52975006103516,22.60316744472764,18.45633267734267,0.02573857466403595,15.58426375389099,0.6978067524460236,0.4469872426354029,13.792563507901903,0.7495715277535572,1.0250372314593872,64.29773364468761,0.6078647026191213,14.801644565619338,62.96479469482103,0.5420568862966313,16.51094432727512,62.614180402105085,0.4354142299839019,18.221203615097075,0
2021-08-30 00:00:00+00:00,22.82999992370605,23.042999267578125,22.551000595092773,22.6879997253418,262580000,21.24680004119873,20.0095650100708,72.40312330754591,20.67665004730225,22.926280316794795,18.427019777809697,0.002297227713044858,15.630613751411438,0.7644701084983119,0.5104838158079847,15.498145842705583,0.7422142028808592,1.021817154871275,68.15010475781484,0.6978067524460236,13.792563507901903,64.29773364468761,0.6078647026191213,14.801644565619338,62.96479469482103,0.5420568862966313,16.51094432727512,0
2021-08-31 00:00:00+00:00,22.69499969482422,22.69499969482422,22.1200008392334,22.38500022888184,259850000,21.539500045776368,20.08872001647949,71.63339558028228,20.805150032043457,23.139549456549613,18.4707506075373,-0.01335505554160954,15.675255002975463,0.7838164235396441,0.5651503373543166,18.27255399098979,0.7390713010515481,1.0259945223225746,72.40312330754591,0.7644701084983119,15.498145842705583,68.15010475781484,0.6978067524460236,13.792563507901903,64.29773364468761,0.6078647026191213,14.801644565619338,1
2021-09-01 00:00:00+00:00,22.48500061035156,22.69700050354004,22.35700035095215,22.44099998474121,201767000,21.879599952697752,20.159805030822756,70.93101235653155,20.913500022888183,23.34330784186757,18.48369220390879,0.0025016642969304392,15.720975003242494,0.7945086289706111,0.6110219956775755,21.105005483999694,0.7341428484235486,1.015207771492181,71.63339558028228,0.7838164235396441,18.27255399098979,72.40312330754591,0.7644701084983119,15.498145842705583,68.15010475781484,0.6978067524460236,13.792563507901903,1
2021-09-02 00:00:00+00:00,22.51799964904785,22.593000411987305,22.295000076293945,22.395999908447266,187834000,22.139399909973143,20.22658004760742,68.96908716589422,21.001450061798096,23.51501275276467,18.487887370831523,-0.002005261633819533,15.76537875175476,0.7902417339318752,0.6468659433284355,22.955250404772382,0.7294999531337188,1.0133662406222739,70.93101235653155,0.7945086289706111,21.105005483999694,71.63339558028228,0.7838164235396441,18.27255399098979,72.40312330754591,0.7644701084983119,15.498145842705583,0
2021-09-03 00:00:00+00:00,22.325000762939453,22.98600006103516,22.200000762939453,22.843000411987305,280532000,22.342099952697755,20.29933006286621,73.99237756218025,21.12530012130737,23.748725797951582,18.50187444466316,0.019958943801006157,15.812482504844665,0.8135512810194534,0.6802030108666391,26.443824797860362,0.7260712214878625,1.035405372571331,68.96908716589422,0.7902417339318752,22.955250404772382,70.93101235653155,0.7945086289706111,21.105005483999694,71.63339558028228,0.7838164235396441,18.27255399098979,0
2021-09-07 00:00:00+00:00,22.83300018310547,22.89900016784668,22.52199935913086,22.66200065612793,198107000,22.4125,20.37195007324219,78.01680989580294,21.24365015029907,23.922343335845195,18.564956964752948,-0.007923641929472258,15.85864875793457,0.8081037800534823,0.7057831647040078,30.211205555342396,0.7042140960693354,1.016739224733304,73.99237756218025,0.8135512810194534,26.443824797860362,68.96908716589422,0.7902417339318752,22.955250404772382,70.93101235653155,0.7945086289706111,21.105005483999694,0
2021-09-08 00:00:00+00:00,22.51300048828125,22.61000061035156,21.976999282836918,22.339000701904297,254434000,22.467100143432617,20.41903007507324,79.33488689210229,21.36380014419556,24.01091425365939,18.71668603473173,-0.014252931995052731,15.90314250946045,0.7688602569648282,0.718398583156172,32.384230782796166,0.7078569957188192,1.0288029006766628,78.01680989580294,0.8081037800534823,30.211205555342396,73.99237756218025,0.8135512810194534,26.443824797860362,68.96908716589422,0.7902417339318752,22.955250404772382,0
2021-09-09 00:00:00+00:00,22.312000274658203,22.538000106811523,22.131000518798828,22.177000045776367,196856000,22.46350021362305,20.462035064697265,73.66222807373667,21.487700176239013,24.036878392018423,18.9385219604596,-0.007251920454710348,15.948588757514953,0.7164288374525185,0.7180046340154413,35.58235576591287,0.6131425585065564,1.0183904739266973,79.33488689210229,0.7688602569648282,32.384230782796166,78.01680989580294,0.8081037800534823,30.211205555342396,73.99237756218025,0.8135512810194534,26.443824797860362,1
2021-09-10 00:00:00+00:00,22.347999572753903,22.625999450683597,22.270000457763672,22.47800064086914,248376000,22.50450019836426,20.51154506683349,69.28075246019239,21.616350173950195,24.087732117753077,19.14496823014732,0.01357264708804018,15.995278759002685,0.6911971022585064,0.7126431276640544,38.4469252302693,0.5689996991838725,1.015985585343615,73.66222807373667,0.7164288374525185,35.58235576591287,79.33488689210229,0.7688602569648282,32.384230782796166,78.01680989580294,0.8081037800534823,30.211205555342396,0
2021-09-13 00:00:00+00:00,22.68400001525879,22.964000701904297,21.857999801635746,22.152000427246094,297500000,22.456100273132325,20.55034507751465,52.7761916563584,21.71455020904541,24.101602239642663,19.327498178448156,-0.014503078758273502,16.041250009536743,0.6375460436578386,0.6976237108628112,37.850727647063884,0.5636426380702425,1.050599364548708,69.28075246019239,0.6911971022585064,38.4469252302693,73.66222807373667,0.7164288374525185,35.58235576591287,79.33488689210229,0.7688602569648282,32.384230782796166,1
2021-09-14 00:00:00+00:00,22.274999618530277,22.40999984741211,22.086000442504883,22.242000579833984,199755000,22.41150035858154,20.585445098876956,56.566269093018846,21.829150199890137,24.075433146990346,19.582867252789928,0.004062845379742441,16.08628626346588,0.595425755859118,0.6771841198620726,37.360670322489575,0.5564997536795477,1.0146698994121037,52.7761916563584,0.6375460436578386,37.850727647063884,69.28075246019239,0.6911971022585064,38.4469252302693,73.66222807373667,0.7164288374525185,35.58235576591287,0
2021-09-15 00:00:00+00:00,22.30900001525879,22.367000579833984,21.965999603271484,22.340999603271484,166538000,22.40710029602051,20.618295097351076,52.06585467814853,21.97330017089844,23.93028720790833,20.01631313388854,0.004450994553397258,16.131685013771058,0.5635374096715502,0.6544547778239681,36.10263887765716,0.5317141669137138,1.0182555305383314,56.566269093018846,0.595425755859118,37.360670322489575,52.7761916563584,0.6375460436578386,37.850727647063884,69.28075246019239,0.6911971022585064,38.4469252302693,0
2021-09-16 00:00:00+00:00,22.183000564575195,22.277000427246094,21.927000045776367,22.242000579833984,156033000,22.387200355529785,20.65570011138916,52.850588016193726,22.13340015411377,23.5210795532363,20.74572075499124,-0.004431270990354563,16.175887517929077,0.524234225920793,0.6284106674433332,34.69701423319141,0.5219999040876117,1.0159620732767383,52.06585467814853,0.5635374096715502,36.10263887765716,56.566269093018846,0.595425755859118,37.360670322489575,52.7761916563584,0.6375460436578386,37.850727647063884,0
2021-09-17 00:00:00+00:00,22.299999237060547,22.32099914550781,21.82999992370605,21.899999618530277,294503000,22.337600326538087,20.69564510345459,36.97806076787988,22.23850011825561,23.100116774246978,21.376883462264253,-0.015376357898928772,16.218437514305116,0.46018482605855127,0.5947654991663768,33.86734396649568,0.5103570393153599,1.02249194793943,52.850588016193726,0.524234225920793,34.69701423319141,52.06585467814853,0.5635374096715502,36.10263887765716,56.566269093018846,0.595425755859118,37.360670322489575,1
2021-09-20 00:00:00+00:00,21.145999908447266,21.433000564575195,20.66200065612793,21.113000869750977,349440000,22.164600372314453,20.71690013885498,27.88543478295801,22.253350162506106,23.016329357392404,21.4903709676198,-0.03593601655195444,16.256280016899108,0.341978873830147,0.5442081740991308,34.64934205236932,0.5636427743094311,1.0373148719370795,36.97806076787988,0.46018482605855127,33.86734396649568,52.850588016193726,0.524234225920793,34.69701423319141,52.06585467814853,0.5635374096715502,36.10263887765716,1
2021-09-21 00:00:00+00:00,21.41699981689453,21.424999237060547,20.950000762939453,21.246000289916992,204688000,22.02300033569336,20.73157012939453,33.20553924380998,22.21775016784668,23.096424637149017,21.339075698544345,0.006299408643352322,16.295530018806456,0.25607981800825286,0.4865825028809553,35.07305002860819,0.5564998899187363,1.022672957366253,27.88543478295801,0.341978873830147,34.64934205236932,36.97806076787988,0.46018482605855127,33.86734396649568,52.850588016193726,0.524234225920793,34.69701423319141,1
2021-09-22 00:00:00+00:00,21.36599922180176,21.959999084472656,21.19599914550781,21.94099998474121,268726000,21.98320026397705,20.765390129089354,43.79652417553293,22.225150203704835,23.09116455088436,21.359135856525317,0.03271202510309923,16.337443766593932,0.24130327052114708,0.4375266564089937,34.05245352021222,0.5867855889456618,1.0360445352785723,33.20553924380998,0.25607981800825286,35.07305002860819,27.88543478295801,0.341978873830147,34.64934205236932,36.97806076787988,0.46018482605855127,33.86734396649568,0
2021-09-23 00:00:00+00:00,22.13999938964844,22.53499984741211,21.88999938964844,22.48200035095215,248555000,22.01370029449463,20.81820014953613,50.950071367555765,22.23860025405884,23.112142987973225,21.36505752014445,0.024657051482939396,16.381820020675658,0.2701330329509659,0.4040479317173882,32.03508590455999,0.6115713119506838,1.0294655310985839,43.79652417553293,0.24130327052114708,34.05245352021222,33.20553924380998,0.25607981800825286,35.07305002860819,27.88543478295801,0.341978873830147,34.64934205236932,0
2021-09-24 00:00:00+00:00,22.06999969482422,22.14900016784668,21.86100006103516,22.08099937438965,217655000,21.97400016784668,20.88049514770508,41.49552326497247,22.23925018310547,23.11227767119252,21.36622269501842,-0.01783653457444756,16.42547501564026,0.25765333264511625,0.3747690119029338,29.85769533873685,0.5997856685093469,1.0131741505881449,50.950071367555765,0.2701330329509659,32.03508590455999,43.79652417553293,0.24130327052114708,34.05245352021222,33.20553924380998,0.25607981800825286,35.07305002860819,0
2021-09-27 00:00:00+00:00,21.709999084472656,21.798999786376957,21.325000762939453,21.65999984741211,245215000,21.92480010986328,20.950475158691408,39.38558310929392,22.190450191497803,23.07907215610077,21.30182822689483,-0.019066144599679258,16.469121265411378,0.2113555615053464,0.34208632182341636,27.95341864398066,0.6268569401332308,1.0222273860013764,41.49552326497247,0.25765333264511625,29.85769533873685,50.950071367555765,0.2701330329509659,32.03508590455999,43.79652417553293,0.24130327052114708,34.05245352021222,0
2021-09-28 00:00:00+00:00,21.214000701904297,21.41900062561035,20.650999069213867,20.698999404907227,343069000,21.77049999237061,20.98886013031006,34.69576933824824,22.09100017547608,23.16997595954065,21.012024391411497,-0.04436751843374098,16.507755012512206,0.09601276464040609,0.2928716103868143,26.770241946780136,0.6499997547694615,1.0371895593923786,39.38558310929392,0.2113555615053464,27.95341864398066,41.49552326497247,0.25765333264511625,29.85769533873685,50.950071367555765,0.2701330329509659,32.03508590455999,1
2021-09-29 00:00:00+00:00,20.940000534057617,21.017000198364254,20.46699905395508,20.517000198364254,218394000,21.588100051879884,21.02696014404297,34.56675012945006,21.9976001739502,23.2746415917498,20.720558756150595,-0.008792657218968047,16.545273761749268,-0.009968141284453225,0.2323036600525608,25.919548573176453,0.6602141516549241,1.0268725836630597,34.69576933824824,0.09601276464040609,26.770241946780136,39.38558310929392,0.2113555615053464,27.95341864398066,41.49552326497247,0.25765333264511625,29.85769533873685,0
2021-09-30 00:00:00+00:00,20.76799964904785,21.06599998474121,20.6879997253418,20.715999603271484,221009000,21.435499954223637,21.053080139160155,33.30172492952278,21.911350154876708,23.29117322003552,20.531527089717898,0.00969924467433092,16.582310009002686,-0.07701342113287168,0.17044024381547432,25.418477374645228,0.6673570360456189,1.0182714744981545,34.56675012945006,-0.009968141284453225,25.919548573176453,34.69576933824824,0.09601276464040609,26.770241946780136,39.38558310929392,0.2113555615053464,27.95341864398066,0
2021-10-01 00:00:00+00:00,20.75,20.858999252319336,20.202999114990234,20.742000579833984,240978000,21.319700050354005,21.076040153503417,35.83198919373089,21.828650188446044,23.282450137689708,20.37485023920238,0.0012551157105831212,16.61921751022339,-0.1265899764890932,0.11103419975456083,27.794110821287195,0.6352141244070868,1.0324704334042347,33.30172492952278,-0.07701342113287168,25.418477374645228,34.56675012945006,-0.009968141284453225,25.919548573176453,34.69576933824824,0.09601276464040609,26.770241946780136,0
2021-10-04 00:00:00+00:00,20.503999710083008,20.54199981689453,19.55500030517578,19.73200035095215,345635000,21.18159999847412,21.07952014923096,28.71437347490506,21.673100185394286,23.32249599088609,20.023704379902487,-0.04869348185554434,16.65166501045227,-0.24455920505233308,0.03991551879318205,30.643531227294567,0.6968570436750137,1.0504729990445212,35.83198919373089,-0.1265899764890932,27.794110821287195,33.30172492952278,-0.07701342113287168,25.418477374645228,34.56675012945006,-0.009968141284453225,25.919548573176453,1
2021-10-05 00:00:00+00:00,19.950000762939453,20.64800071716309,19.85400009155273,20.451000213623047,279282000,21.102099990844728,21.10266014099121,35.497239671453585,21.562550163269044,23.229162487541156,19.895937838996936,0.03643826524847005,16.687213759422303,-0.2768421249380779,-0.023436009953069943,33.85284706786929,0.733642714364188,1.0399919724966749,28.71437347490506,-0.24455920505233308,30.643531227294567,35.83198919373089,-0.1265899764890932,27.794110821287195,33.30172492952278,-0.07701342113287168,25.418477374645228,1
2021-10-06 00:00:00+00:00,20.1200008392334,20.71999931335449,20.07999992370605,20.700000762939453,297202000,20.97800006866455,21.13250015258789,38.43384539317818,21.4806001663208,23.14764192226487,19.81355841037673,0.012175470476526673,16.724353761672972,-0.27911682319439635,-0.07457217260133522,36.80490781717903,0.7497855595179966,1.0318724796852647,35.497239671453585,-0.2768421249380779,33.85284706786929,28.71437347490506,-0.24455920505233308,30.643531227294567,35.83198919373089,-0.1265899764890932,27.794110821287195,0
2021-10-07 00:00:00+00:00,21.09199905395508,21.32200050354004,20.972000122070312,21.075000762939453,256919000,20.83730010986328,21.16394016265869,43.8423725266606,21.42550020217896,23.06829640565509,19.78270399870282,0.01811594136128658,16.76306751728058,-0.24780364578046488,-0.10921846723716117,37.58569917924766,0.7591427394321987,1.016688936650415,38.43384539317818,-0.27911682319439635,36.80490781717903,35.497239671453585,-0.2768421249380779,33.85284706786929,28.71437347490506,-0.24455920505233308,30.643531227294567,0
2021-10-08 00:00:00+00:00,21.10099983215332,21.20599937438965,20.774999618530277,20.83099937438965,151258000,20.71230010986328,21.187320137023924,47.70954027212242,21.34315013885498,22.927896201292217,19.758404076417744,-0.011577764162119641,16.800831265449524,-0.23991105463357343,-0.13535698471644364,34.90507316654704,0.7014999389648432,1.020746077678622,43.8423725266606,-0.24780364578046488,37.58569917924766,38.43384539317818,-0.27911682319439635,36.80490781717903,35.497239671453585,-0.2768421249380779,33.85284706786929,1
2021-10-11 00:00:00+00:00,20.575000762939453,21.0629997253418,20.51099967956543,20.69499969482422,163388000,20.61580009460449,21.21124011993408,45.52686808764448,21.27030010223389,22.832280157622563,19.70832004684521,-0.006528716031388937,16.83926001548767,-0.24184234877574795,-0.15665405752830452,32.947135569777785,0.7070000512259345,1.026912391126714,47.70954027212242,-0.23991105463357343,34.90507316654704,43.8423725266606,-0.24780364578046488,37.58569917924766,38.43384539317818,-0.27911682319439635,36.80490781717903,1
2021-10-12 00:00:00+00:00,20.827999114990234,21.05699920654297,20.527999877929688,20.67099952697754,162134000,20.613000106811523,21.22966011047363,38.429301976092816,21.191750049591064,22.705234714005407,19.67826538517672,-0.0011597085383230343,16.877646265029906,-0.24251397610823133,-0.1738260412442899,33.48438323328566,0.6902142933436798,1.0257696478838167,45.52686808764448,-0.24184234877574795,32.947135569777785,47.70954027212242,-0.23991105463357343,34.90507316654704,43.8423725266606,-0.24780364578046488,37.58569917924766,1
2021-10-13 00:00:00+00:00,20.917999267578125,20.989999771118164,20.71299934387207,20.93899917602539,180652000,20.65520000457764,21.252140083312987,35.206130724466675,21.12165002822876,22.537749073031723,19.7055509834258,0.012965006781509913,16.917841262817383,-0.21889759844059853,-0.18284035268355164,36.740407501491674,0.6669285637991766,1.0133732649070955,38.429301976092816,-0.24251397610823133,33.48438323328566,45.52686808764448,-0.24184234877574795,32.947135569777785,47.70954027212242,-0.23991105463357343,34.90507316654704,1
2021-10-14 00:00:00+00:00,21.288000106811523,21.7549991607666,21.121999740600582,21.746000289916992,243589000,20.758200073242183,21.2815800857544,47.02011249314563,21.09685001373291,22.44613251106988,19.747567516395943,0.03854057718363135,16.9618550157547,-0.13352402168467847,-0.17297708648377702,37.427650981437516,0.6808571134294782,1.0299687258753853,35.206130724466675,-0.21889759844059853,36.740407501491674,38.429301976092816,-0.24251397610823133,33.48438323328566,45.52686808764448,-0.24184234877574795,32.947135569777785,1
2021-10-15 00:00:00+00:00,21.809999465942383,21.93099975585937,21.66200065612793,21.86199951171875,226994000,20.870199966430665,21.306080093383787,51.89992092184179,21.09495000839233,22.439569519423767,19.750330497360903,0.0053342784997361115,17.005436263084412,-0.05586075129987833,-0.1495538194469973,36.42567497692803,0.6460714340209959,1.0124180173383637,47.02011249314563,-0.13352402168467847,37.427650981437516,35.206130724466675,-0.21889759844059853,36.740407501491674,38.429301976092816,-0.24251397610823133,33.48438323328566,1
2021-10-18 00:00:00+00:00,21.749000549316406,22.291000366210938,21.643999099731445,22.222000122070312,189494000,21.11919994354248,21.34320011138916,66.15058379405659,21.1503999710083,22.586508008135688,19.714291933880915,0.016466957203918664,17.051271262168886,0.034341127477510724,-0.11277483006209571,34.73934314227558,0.6202143260410852,1.029892870698166,51.89992092184179,-0.05586075129987833,36.42567497692803,47.02011249314563,-0.13352402168467847,37.427650981437516,35.206130724466675,-0.21889759844059853,36.740407501491674,1
2021-10-19 00:00:00+00:00,22.275999069213867,22.378999710083008,22.03700065612793,22.290000915527344,161473000,21.30310001373291,21.38310012817383,69.26754305418466,21.20260000228882,22.726548055305503,19.678651949272133,0.003060066289419794,17.097153768539428,0.11004532796374633,-0.06821079845692732,33.391140022658405,0.6053570338657926,1.0155193104221276,66.15058379405659,0.034341127477510724,34.73934314227558,51.89992092184179,-0.05586075129987833,36.42567497692803,47.02011249314563,-0.13352402168467847,37.427650981437516,1
2021-10-20 00:00:00+00:00,22.30500030517578,22.433000564575195,21.98200035095215,22.10300064086914,146276000,21.44340000152588,21.42644012451172,65.11222131706262,21.21070003509521,22.752787375760064,19.668612694430365,-0.008389424269962142,17.140645022392274,0.15318625711311995,-0.023931387342917863,31.855523905499762,0.5983570643833706,1.0205167958521806,69.26754305418466,0.11004532796374633,33.391140022658405,66.15058379405659,0.034341127477510724,34.73934314227558,51.89992092184179,-0.05586075129987833,36.42567497692803,1
2021-10-21 00:00:00+00:00,22.097000122070312,22.711000442504883,22.08300018310547,22.691999435424805,187590000,21.605099868774413,21.48630012512207,68.9246697589493,21.221199989318848,22.802105587830702,19.64029439080699,0.02664791102917441,17.191032519340514,0.232226076871477,0.027300105499961112,31.060321431719757,0.5963570731026786,1.0284381766151443,65.11222131706262,0.15318625711311995,31.855523905499762,69.26754305418466,0.11004532796374633,33.391140022658405,66.15058379405659,0.034341127477510724,34.73934314227558,1
2021-10-22 00:00:00+00:00,22.822999954223636,23.1299991607666,22.56100082397461,22.72599983215332,249384000,21.79459991455078,21.542720108032228,85.84767345626346,21.253450012207036,22.9315355902318,19.575364434182266,0.0014983429214896482,17.23794251918793,0.2942176929240716,0.08068362298478322,32.16747755950807,0.5522140775408063,1.0252204386335264,68.9246697589493,0.232226076871477,31.060321431719757,65.11222131706262,0.15318625711311995,31.855523905499762,69.26754305418466,0.11004532796374633,33.391140022658405,1
2021-10-25 00:00:00+00:00,22.972999572753903,23.354999542236328,22.770000457763672,23.166000366210938,230235000,22.04169998168945,21.60228012084961,84.83446165532472,21.32875003814697,23.206880544460653,19.45061953183329,0.019361107863562266,17.287388772964476,0.37453347240094104,0.1394535928680148,33.650130854756625,0.5317140306745254,1.0256916588806302,85.84767345626346,0.2942176929240716,32.16747755950807,68.9246697589493,0.232226076871477,31.060321431719757,65.11222131706262,0.15318625711311995,31.855523905499762,1
2021-10-26 00:00:00+00:00,23.98900032043457,25.25900077819824,23.923999786376957,24.71699905395508,485898000,22.44629993438721,21.69762008666992,88.63240312659818,21.52965002059937,23.915196715885934,19.1441033253128,0.06695150924742155,17.34286626815796,0.5569171439775005,0.22294630308991192,36.03122958488867,0.6354998179844442,1.0558017473558694,84.83446165532472,0.37453347240094104,33.650130854756625,85.84767345626346,0.2942176929240716,32.16747755950807,68.9246697589493,0.232226076871477,31.060321431719757,1
2021-10-27 00:00:00+00:00,24.474000930786133,25.09000015258789,24.28199958801269,24.451000213623047,245990000,22.79750003814697,21.797480087280277,83.16305844280915,21.726350021362304,24.39257014888441,19.0601298938402,-0.010761777340015377,17.39769752025604,0.6722444191294805,0.31280592629782566,39.33433375417901,0.6487855911254881,1.0332757012719036,88.63240312659818,0.5569171439775005,36.03122958488867,84.83446165532472,0.37453347240094104,33.650130854756625,85.84767345626346,0.2942176929240716,32.16747755950807,1
2021-10-28 00:00:00+00:00,24.87800025939941,24.950000762939453,24.52300071716309,24.94099998474121,234204000,23.117000007629397,21.91550006866455,88.51201029453817,21.93760004043579,24.917783765201893,18.95741631566969,0.0200400706243975,17.45474377155304,0.7940279421539387,0.4090503294690483,44.19277571020168,0.6536427906581334,1.0174122266153798,83.16305844280915,0.6722444191294805,39.33433375417901,88.63240312659818,0.5569171439775005,36.03122958488867,84.83446165532472,0.37453347240094104,33.650130854756625,1
2021-10-29 00:00:00+00:00,25.000999450683597,25.708999633789062,25.0,25.566999435424805,292503000,23.4875,22.030880050659174,91.81257429609616,22.178849983215333,25.51181618573149,18.84588378069917,0.02509921218341593,17.516577520370483,0.9303309099096424,0.5133064455571672,49.577515364159616,0.6690713337489534,1.0283599853515626,88.51201029453817,0.7940279421539387,44.19277571020168,83.16305844280915,0.6722444191294805,39.33433375417901,88.63240312659818,0.5569171439775005,36.03122958488867,1
2021-11-01 00:00:00+00:00,25.64900016784668,25.893999099731445,25.226999282836918,25.82699966430664,265740000,23.84799995422363,22.131100044250488,92.52723132633764,22.483599948883057,25.984896693625878,18.98230320414024,0.010169368116056177,17.58141501903534,1.0472596817098463,0.6200970927877031,53.91701497016754,0.6789285114833282,1.0264399189700029,91.81257429609616,0.9303309099096424,49.577515364159616,88.51201029453817,0.7940279421539387,44.19277571020168,83.16305844280915,0.6722444191294805,39.33433375417901,1
2021-11-02 00:00:00+00:00,25.82200050354004,26.67799949645996,25.799999237060547,26.400999069213867,294112000,24.25909976959229,22.219960021972657,92.88631833382505,22.7810998916626,26.555670055135643,19.006529728189555,0.02222478074758727,17.648293762207032,1.1727250858569107,0.7306226914015446,56.82447275095142,0.7188570840018131,1.0340310188125201,92.52723132633764,1.0472596817098463,53.91701497016754,91.81257429609616,0.9303309099096424,49.577515364159616,88.51201029453817,0.7940279421539387,44.19277571020168,1
2021-11-03 00:00:00+00:00,26.670000076293945,26.78400039672852,26.23500061035156,26.597999572753903,239910000,24.708599662780763,22.316060028076173,92.1326969318439,23.07599983215332,27.080562616858664,19.07143704744798,0.0074618579025578224,17.714455008506775,1.2733749431108627,0.8391731417434083,61.60149506359189,0.6997856412615094,1.020926234938235,92.88631833382505,1.1727250858569107,56.82447275095142,92.52723132633764,1.0472596817098463,53.91701497016754,91.81257429609616,0.9303309099096424,49.577515364159616,1
2021-11-04 00:00:00+00:00,27.22900009155273,31.364999771118164,27.118000030517575,29.801000595092773,1153631000,25.41949977874756,22.467820053100585,94.87847201631456,23.512299823760987,28.40241808822427,18.622181559297704,0.1204226285355654,17.79412250995636,1.5932303265806027,0.9899845787108472,67.48428752170526,1.0210714340209965,1.156611834789482,92.1326969318439,1.2733749431108627,61.60149506359189,92.88631833382505,1.1727250858569107,56.82447275095142,92.52723132633764,1.0472596817098463,53.91701497016754,1
2021-11-05 00:00:00+00:00,30.187000274658203,31.399999618530277,29.40999984741211,29.75200080871582,851260000,26.12209987640381,22.62150005340576,94.11765889117628,23.95834989547729,29.41349236540731,18.50320742554728,-0.001644232925018696,17.874320015907287,1.8217639879176488,1.1563404605522076,73.93653228075847,1.116999898638045,1.0676640524122027,94.87847201631456,1.5932303265806027,67.48428752170526,92.1326969318439,1.2733749431108627,61.60149506359189,92.88631833382505,1.1727250858569107,56.82447275095142,0
2021-11-08 00:00:00+00:00,30.14900016784668,31.100000381469727,29.90699958801269,30.804000854492188,503101000,26.88589992523193,22.784860076904295,94.72579301875768,24.463799953460693,30.489309572311686,18.4382903346097,0.03535896804184624,17.960073771476747,2.0639739656890335,1.3378671615795728,79.86549584965844,1.1888570785522468,1.0398903537597002,94.11765889117628,1.8217639879176488,73.93653228075847,94.87847201631456,1.5932303265806027,67.48428752170526,92.1326969318439,1.2733749431108627,61.60149506359189,0
2021-11-09 00:00:00+00:00,32.28200149536133,32.310001373291016,29.964000701904297,30.65699958801269,646746000,27.479899978637697,22.944240074157715,95.1255543899311,24.96309995651245,31.31160191109648,18.61459800192842,-0.004772148500250983,18.04618251800537,2.218491950198853,1.513992119303429,85.9874214870787,1.324214254106795,1.0782939733157069,94.72579301875768,2.0639739656890335,79.86549584965844,94.11765889117628,1.8217639879176488,73.93653228075847,94.87847201631456,1.5932303265806027,67.48428752170526,0
2021-11-10 00:00:00+00:00,29.356000900268555,30.850000381469727,28.777999877929688,29.458999633789062,636206000,27.980699920654292,23.08572006225586,83.54317572132553,25.389099979400637,31.744068570097813,19.03413138870345,-0.039077534342012554,18.128888764381408,2.218704141712081,1.6549345237851594,89.08519539049692,1.427357128688268,1.0719994618225392,95.1255543899311,2.218491950198853,85.9874214870787,94.72579301875768,2.0639739656890335,79.86549584965844,94.11765889117628,1.8217639879176488,73.93653228075847,1
2021-11-11 00:00:00+00:00,30.468000411987305,30.59000015258789,29.777000427246094,30.38999938964844,332172000,28.525599861145015,23.244700050354005,84.88710888193486,25.82129993438721,32.307440722554325,19.33515914622009,0.03160323729362258,18.21558376312256,2.2678537977330286,1.7775183785747335,89.75005374893388,1.4675001416887563,1.0273029423271895,83.54317572132553,2.218704141712081,89.08519539049692,95.1255543899311,2.218491950198853,85.9874214870787,94.72579301875768,2.0639739656890335,79.86549584965844,0
2021-11-12 00:00:00+00:00,30.01000022888184,30.68000030517578,29.6299991607666,30.38999938964844,413054000,29.007899856567384,23.40458003997803,84.25644869875538,26.24769992828369,32.7591185920144,19.736281264552986,0.0,18.302585010528563,2.2805168752681553,1.8781180779134181,90.15190305005935,1.4975716727120543,1.0354370966638264,84.88710888193486,2.2678537977330286,89.75005374893388,83.54317572132553,2.218704141712081,89.08519539049692,95.1255543899311,2.218491950198853,85.9874214870787,0
2021-11-15 00:00:00+00:00,30.552000045776367,30.643999099731445,29.246999740600582,30.024999618530277,384909000,29.427699851989747,23.54822002410889,78.36076446404378,26.63784990310669,33.06821562539669,20.207484180816696,-0.012010522489266373,18.38652500629425,2.235332502703418,1.9495609628714181,88.97357806863941,1.4478573117937372,1.0477655613061587,84.25644869875538,2.2805168752681553,90.15190305005935,84.88710888193486,2.2678537977330286,89.75005374893388,83.54317572132553,2.218704141712081,89.08519539049692,1
2021-11-16 00:00:00+00:00,29.75900077819824,30.38999938964844,29.70599937438965,30.202999114990234,264484000,29.80789985656738,23.69903999328613,81.02480376120079,27.033499813079835,33.30937403342176,20.757625592737902,0.005928376310456507,18.46975625038147,2.188657156363714,1.9973802015698774,87.97215539345657,1.4390001296997084,1.023025652382141,78.36076446404378,2.235332502703418,88.97357806863941,84.25644869875538,2.2805168752681553,90.15190305005935,84.88710888193486,2.2678537977330286,89.75005374893388,1
2021-11-17 00:00:00+00:00,30.417999267578125,30.50900077819824,28.799999237060547,29.26099967956543,428508000,30.07419986724853,23.837479972839358,72.21764884068048,27.391399765014647,33.28834675203122,21.49445277799808,-0.031188936960809155,18.54840874671936,2.052000936817368,2.0083043486193755,85.44697236210052,1.5254287719726574,1.0593403328614852,81.02480376120079,2.188657156363714,87.97215539345657,78.36076446404378,2.235332502703418,88.97357806863941,84.25644869875538,2.2805168752681553,90.15190305005935,1
2021-11-18 00:00:00+00:00,32.367000579833984,32.7599983215332,31.32099914550781,31.674999237060547,781711000,30.261599731445312,24.02743995666504,76.53344778529652,27.84054975509644,33.59713078725069,22.08396872294218,0.08249887508733833,18.63846249103546,2.1141192373511224,2.029467326365725,82.52556082447076,1.7205001286097945,1.0459435910502166,72.21764884068048,2.052000936817368,85.44697236210052,81.02480376120079,2.188657156363714,87.97215539345657,78.36076446404378,2.235332502703418,88.97357806863941,1
2021-11-19 00:00:00+00:00,32.24300003051758,33.0880012512207,31.905000686645508,32.98500061035156,533867000,30.584899711608887,24.237579956054688,78.49522358041493,28.353499794006343,34.01873948222051,22.68826010579218,0.04135758184196825,18.73543249607086,2.2431964286603083,2.072213146824642,79.6338576868567,1.7737859998430536,1.0370788446674557,76.53344778529652,2.1141192373511224,82.52556082447076,72.21764884068048,2.052000936817368,85.44697236210052,81.02480376120079,2.188657156363714,87.97215539345657,0
2021-11-22 00:00:00+00:00,33.516998291015625,34.64699935913086,31.899999618530277,31.95599937438965,754335000,30.700099563598634,24.43365993499756,71.34075657899558,28.792999744415283,34.117335477205174,23.4686640116254,-0.031196035074166018,18.823018741607665,2.2366762215049043,2.1051057617606945,76.89782593702299,1.9072859627859944,1.0861128455626967,78.49522358041493,2.2431964286603083,79.6338576868567,76.53344778529652,2.1141192373511224,82.52556082447076,72.21764884068048,2.052000936817368,85.44697236210052,0
2021-11-23 00:00:00+00:00,31.53499984741211,32.36000061035156,30.8799991607666,31.746000289916992,532163000,30.808999633789064,24.623739929199218,69.7574455469462,29.14444980621338,34.259787010775526,24.029112601651235,-0.006571507340839222,18.91043249130249,2.1893265456673277,2.1219499185420214,73.32065881677137,1.9737860815865658,1.0479275093849523,71.34075657899558,2.2366762215049043,76.89782593702299,78.49522358041493,2.2431964286603083,79.6338576868567,76.53344778529652,2.1141192373511224,82.52556082447076,1
2021-11-24 00:00:00+00:00,31.461000442504883,32.85499954223633,30.92799949645996,32.67399978637695,435162000,31.13049964904785,24.83039993286133,63.35905850449893,29.55559978485108,34.397088742173466,24.714110827528685,0.029232013103543952,18.999981241226195,2.201308080889195,2.137821551011456,68.07452594912937,1.7709289278302875,1.0623060035291625,69.7574455469462,2.1893265456673277,73.32065881677137,71.34075657899558,2.2366762215049043,76.89782593702299,78.49522358041493,2.2431964286603083,79.6338576868567,1
2021-11-26 00:00:00+00:00,32.599998474121094,32.709999084472656,31.350000381469727,31.50300025939941,283069000,31.241799736022948,25.01561992645264,57.37262926603619,29.883699798583983,34.27711395355614,25.49028564361183,-0.035838879066950935,19.08124249458313,2.0921961239293267,2.1286964655950302,62.78577821684536,1.725928851536342,1.0433811383239024,63.35905850449893,2.201308080889195,68.07452594912937,69.7574455469462,2.1893265456673277,73.32065881677137,71.34075657899558,2.2366762215049043,76.89782593702299,0
2021-11-29 00:00:00+00:00,32.36600112915039,33.4119987487793,32.0359992980957,33.375999450683594,454964000,31.540399742126464,25.245139923095703,60.12916969635056,30.27414979934692,34.43406246224874,26.114237136445105,0.059454628951582045,19.17331624031067,2.132279897992788,2.129413152074582,57.86036219409724,1.7660002027239121,1.0429516631549367,57.37262926603619,2.0921961239293267,62.78577821684536,63.35905850449893,2.201308080889195,68.07452594912937,69.7574455469462,2.1893265456673277,73.32065881677137,0
2021-11-30 00:00:00+00:00,33.16899871826172,33.35300064086914,31.86400032043457,32.67599868774414,622066000,31.805499649047853,25.476399879455567,57.61944036033042,30.6165997505188,34.339768826568914,26.89343067446868,-0.020973177566525725,19.260044984817505,2.083544561563091,2.1202394339722836,52.033472465937386,1.7064286640712196,1.0467298614568388,60.12916969635056,2.132279897992788,57.86036219409724,57.37262926603619,2.0921961239293267,62.78577821684536,63.35905850449893,2.201308080889195,68.07452594912937,0
2021-12-01 00:00:00+00:00,33.21900177001953,33.28900146484375,31.3799991607666,31.434999465942383,484368000,31.928699684143066,25.680179862976075,57.433042969162,30.868299770355225,34.0297742378962,27.70682530281425,-0.037978922500912615,19.34268998146057,1.9226204191845504,2.080715631014737,48.37919446025483,1.694785935538156,1.0608350017569126,57.61944036033042,2.083544561563091,52.033472465937386,60.12916969635056,2.132279897992788,57.86036219409724,57.37262926603619,2.0921961239293267,62.78577821684536,0
2021-12-02 00:00:00+00:00,31.214000701904297,32.47800064086914,31.024999618530277,32.125999450683594,472890000,32.215199661254886,25.88387985229492,56.65032297209735,31.14469976425171,33.62808791748039,28.661311611023027,0.021981867233363817,19.429174976348875,1.829752552352403,2.03052301528227,44.42162978889005,1.7177859715053014,1.0468332325609775,57.433042969162,1.9226204191845504,48.37919446025483,57.61944036033042,2.083544561563091,52.033472465937386,60.12916969635056,2.132279897992788,57.86036219409724,1
2021-12-03 00:00:00+00:00,32.0,32.12900161743164,30.1299991607666,30.69300079345703,544325000,32.116999816894534,26.04809986114502,51.04591463872294,31.18929977416992,33.6021164598326,28.77648308850724,-0.04460557435501267,19.50800747871399,1.6218276634903148,1.9487839449238793,39.92312153480303,1.785571779523577,1.0663459180997261,56.65032297209735,1.829752552352403,44.42162978889005,57.433042969162,1.9226204191845504,48.37919446025483,57.61944036033042,2.083544561563091,52.033472465937386,1
2021-12-06 00:00:00+00:00,29.8799991607666,30.24099922180176,28.038000106811523,30.03700065612793,658938000,31.822199821472168,26.207219886779782,50.04060990762988,31.20354976654053,33.58377109190202,28.82332844117903,-0.021372955409069805,19.58641373157501,1.388110686463964,1.8366492932318965,35.66805083613697,1.8754290172031944,1.0785719062200532,51.04591463872294,1.6218276634903148,39.92312153480303,56.65032297209735,1.829752552352403,44.42162978889005,57.433042969162,1.9226204191845504,48.37919446025483,1
2021-12-07 00:00:00+00:00,30.957000732421875,32.44900131225586,30.650999069213867,32.426998138427734,593053000,31.869299697875977,26.4225598526001,56.54579602860889,31.284699630737304,33.7176482414163,28.851751020058305,0.07956844658563522,19.67783872127533,1.379835239387866,1.7452864824630905,32.025706757746725,1.9988576344081328,1.0586604775583945,50.04060990762988,1.388110686463964,35.66805083613697,51.04591463872294,1.6218276634903148,39.92312153480303,56.65032297209735,1.829752552352403,44.42162978889005,0
2021-12-08 00:00:00+00:00,31.999000549316406,32.290000915527344,31.42099952697754,31.826000213623047,475551000,31.87729969024658,26.64509986877441,57.70409537594673,31.343149662017822,33.76876106968329,28.917538254352348,-0.01853387483599578,19.764473724365235,1.3096841544932545,1.6581660168691235,29.885694025186663,1.9486431394304546,1.0276567073496086,56.54579602860889,1.379835239387866,32.025706757746725,50.04060990762988,1.388110686463964,35.66805083613697,51.04591463872294,1.6218276634903148,39.92312153480303,0
2021-12-09 00:00:00+00:00,31.733999252319336,32.20500183105469,30.42799949645996,30.489999771118164,488507000,31.6588996887207,26.84455986022949,46.194360964477525,31.39469966888428,33.69214681840729,29.097252519361263,-0.04197827039330604,19.85038622379303,1.1332217688689568,1.5531771672690904,26.326019329375065,1.8256434031895226,1.058400235441093,57.70409537594673,1.3096841544932545,29.885694025186663,56.54579602860889,1.379835239387866,32.025706757746725,50.04060990762988,1.388110686463964,35.66805083613697,0
2021-12-10 00:00:00+00:00,31.149999618530277,31.30500030517578,29.86100006103516,30.197999954223636,488825000,31.528399658203124,27.03419986724853,40.42333171798701,31.38509969711304,33.70174770844122,29.068451685784854,-0.009576904528911356,19.932803721427916,0.9587601221589708,1.4342937582470667,23.273654878380082,1.8278575624738416,1.0483573973138582,46.194360964477525,1.1332217688689568,26.326019329375065,57.70409537594673,1.3096841544932545,29.885694025186663,56.54579602860889,1.379835239387866,32.025706757746725,1
2021-12-13 00:00:00+00:00,30.249000549316406,30.29400062561035,28.11599922180176,28.160999298095703,598344000,31.006899642944337,27.18257984161377,37.80447993617569,31.2736496925354,33.97447811244374,28.572821272627056,-0.06745482016079773,20.004399967193603,0.6486518267018084,1.2771653719380152,22.03391216784121,1.7872148241315564,1.0774648408056477,40.42333171798701,0.9587601221589708,23.273654878380082,46.194360964477525,1.1332217688689568,26.326019329375065,57.70409537594673,1.3096841544932545,29.885694025186663,1
2021-12-14 00:00:00+00:00,27.698999404907227,28.67799949645996,27.25,28.33699989318848,667035000,30.57299976348877,27.354679832458498,39.0209283834228,31.18924970626831,34.147594553379186,28.230904859157437,0.0062497993494385895,20.079053716659544,0.41233737685870864,1.104199772922154,21.601042370332106,1.7835003989083422,1.0524036512462371,37.80447993617569,0.6486518267018084,22.03391216784121,40.42333171798701,0.9587601221589708,23.273654878380082,46.194360964477525,1.1332217688689568,26.326019329375065,0
2021-12-15 00:00:00+00:00,28.399999618530277,30.5,27.83799934387207,30.458999633789062,698297000,30.47539978027344,27.55483982086181,43.37579721017509,31.20204973220825,34.14460029931152,28.259499165104987,0.07488441784942301,20.167324962615968,0.3917680592590749,0.9617134301895383,21.713512479490454,1.8360004425048824,1.0956247115047768,39.0209283834228,0.41233737685870864,21.601042370332106,37.80447993617569,0.6486518267018084,22.03391216784121,40.42333171798701,0.9587601221589708,23.273654878380082,0
2021-12-16 00:00:00+00:00,31.152000427246094,31.15999984741211,28.093000411987305,28.386999130249023,707366000,30.10149974822998,27.70857978820801,41.15776960088123,31.15834970474243,34.24472072915298,28.07197868033188,-0.06802588819238531,20.247408709526063,0.2059001143130459,0.8105507670142398,21.405047077075654,1.9579290662493019,1.109173081922432,43.37579721017509,0.3917680592590749,21.713512479490454,39.0209283834228,0.41233737685870864,21.601042370332106,37.80447993617569,0.6486518267018084,22.03391216784121,1
2021-12-17 00:00:00+00:00,27.98500061035156,28.92200088500977,27.76000022888184,27.801000595092773,713758000,29.812299728393555,27.843099784851077,32.933322885517114,30.964649772644044,34.38291285904972,27.54638668623837,-0.020643201222767305,20.324106211662293,0.011184318581459962,0.6506774773276838,21.335345999723394,1.9045720781598765,1.0418588129159656,41.15776960088123,0.2059001143130459,21.405047077075654,43.37579721017509,0.3917680592590749,21.713512479490454,39.0209283834228,0.41233737685870864,21.601042370332106,1
2021-12-20 00:00:00+00:00,27.30500030517578,28.143999099731445,27.145000457763672,27.7189998626709,461847000,29.58049964904785,27.9808597946167,34.22844231036014,30.70134973526001,34.27220750172105,27.130491968798967,-0.0029495604714439017,20.404734959602354,-0.1480396176245904,0.490934058337229,22.24840922402067,1.867929186139787,1.0368023070591643,32.933322885517114,0.011184318581459962,21.335345999723394,41.15776960088123,0.2059001143130459,21.405047077075654,43.37579721017509,0.3917680592590749,21.713512479490454,1
2021-12-21 00:00:00+00:00,28.374000549316406,29.1200008392334,27.400999069213867,29.075000762939453,524385000,29.245299911499025,28.148459815979,42.545801380014666,30.5572998046875,34.14743914393452,26.967160465440475,0.04891954641172602,20.48750871181488,-0.16292964263497822,0.36016131814278757,21.660026691003395,1.854357719421386,1.0627350034090874,34.22844231036014,-0.1480396176245904,22.24840922402067,32.933322885517114,0.011184318581459962,21.335345999723394,41.15776960088123,0.2059001143130459,21.405047077075654,1
2021-12-22 00:00:00+00:00,28.891000747680664,29.55500030517578,28.448999404907227,29.399999618530277,395184000,29.002699851989743,28.32303981781006,41.185978022807525,30.439999771118163,34.01989615824066,26.860103383995664,0.011177948308262353,20.572167458534242,-0.14681303394772272,0.2587664477246855,21.02655512715333,1.829571996416364,1.0388766186299607,42.545801380014666,-0.16292964263497822,21.660026691003395,34.22844231036014,-0.1480396176245904,22.24840922402067,32.933322885517114,0.011184318581459962,21.335345999723394,1
2021-12-23 00:00:00+00:00,29.7549991607666,30.05900001525879,29.43099975585937,29.63999938964844,343022000,28.917699813842773,28.49705982208252,46.31069409279091,30.288299751281738,33.72382201446212,26.85277748810135,0.008163257626945475,20.655399956703185,-0.11336769743462938,0.18433961869282253,20.42872442303993,1.7338575635637548,1.0213380539094459,41.185978022807525,-0.14681303394772272,21.02655512715333,42.545801380014666,-0.16292964263497822,21.660026691003395,34.22844231036014,-0.1480396176245904,22.24840922402067,1
2021-12-27 00:00:00+00:00,29.65999984741211,31.08699989318848,29.63999938964844,30.94499969482422,403686000,28.992399787902837,28.681039810180664,53.04289298326915,30.260399723052977,33.66329483901905,26.8575046070869,0.044028351283689204,20.745844955444337,0.018230441812548293,0.15111778331676767,21.538843715907156,1.6475718361990785,1.04881918128667,46.31069409279091,-0.11336769743462938,20.42872442303993,41.185978022807525,-0.14681303394772272,21.02655512715333,42.545801380014666,-0.16292964263497822,21.660026691003395,0
2021-12-28 00:00:00+00:00,31.312000274658203,31.32999992370605,30.011999130249023,30.32200050354004,420591000,29.208499908447266,28.850239830017088,41.99803102077608,30.1076997756958,33.17995386242103,27.03544568897057,-0.02013246719754791,20.831498708724975,0.07142870155547953,0.13517996696451007,20.99158603921912,1.5694289888654427,1.0439157947371995,53.04289298326915,0.018230441812548293,21.538843715907156,46.31069409279091,-0.11336769743462938,20.42872442303993,41.185978022807525,-0.14681303394772272,21.02655512715333,0
2021-12-29 00:00:00+00:00,30.27300071716309,30.54800033569336,29.36599922180176,30.000999450683597,343139000,29.374899864196777,29.005819816589355,42.91151787778035,29.97394981384277,32.79833551083265,27.149564116852893,-0.010586407477269355,20.915047454833985,0.08668732589480399,0.12548143875056886,19.61975052597204,1.5820005961826857,1.0402506689782265,41.99803102077608,0.07142870155547953,20.99158603921912,53.04289298326915,0.018230441812548293,21.538843715907156,46.31069409279091,-0.11336769743462938,20.42872442303993,1
2021-12-30 00:00:00+00:00,29.82699966430664,30.457000732421875,29.540000915527344,29.586000442504883,308864000,29.28759994506836,29.151739807128905,46.21820886042619,29.8814998626709,32.624390498664525,27.138609226677275,-0.013832839431263011,20.996271204948425,0.06454886481425959,0.11329492396330701,19.775454497309692,1.520571844918386,1.0310426468677771,42.91151787778035,0.08668732589480399,19.61975052597204,41.99803102077608,0.07142870155547953,20.99158603921912,53.04289298326915,0.018230441812548293,21.538843715907156,0
2021-12-31 00:00:00+00:00,29.673999786376957,30.030000686645508,29.33099937438965,29.410999298095703,266530000,29.38999996185303,29.29789978027344,46.67511368747753,29.745749855041502,32.28186433170814,27.209635378374863,-0.005914998370572744,21.079713702201843,0.032508111823197794,0.09713756153528516,19.662385290761645,1.4673576354980458,1.0238314863852267,46.21820886042619,0.06454886481425959,19.775454497309692,42.91151787778035,0.08668732589480399,19.61975052597204,41.99803102077608,0.07142870155547953,20.99158603921912,0
2022-01-03 00:00:00+00:00,29.815000534057617,30.711000442504883,29.78499984741211,30.121000289916992,391547000,29.62199993133545,29.44647979736328,59.3262311772322,29.717149829864503,32.220981981370365,27.21331767835865,0.024140661955245335,21.166089954376222,0.06367275071539424,0.09044459937130699,19.581917123422716,1.4046433312552309,1.0310894947066191,46.67511368747753,0.032508111823197794,19.662385290761645,46.21820886042619,0.06454886481425959,19.775454497309692,42.91151787778035,0.08668732589480399,19.61975052597204,0
2022-01-04 00:00:00+00:00,30.277000427246094,30.468000411987305,28.349000930786133,29.290000915527344,527154000,29.77910003662109,29.57775981903076,54.26857033602176,29.679799842834477,32.185827715455495,27.17377197021345,-0.027588704438471945,21.246608710289003,0.021073326811070103,0.0765703448592596,18.958715151885652,1.4540004730224603,1.0747468838981202,59.3262311772322,0.06367275071539424,19.581917123422716,46.67511368747753,0.032508111823197794,19.662385290761645,46.21820886042619,0.06454886481425959,19.775454497309692,0
2022-01-05 00:00:00+00:00,28.948999404907227,29.416000366210938,27.53300094604492,27.60400009155273,498064000,29.631999969482425,29.6665198135376,36.69246189303841,29.438649940490723,31.752435409838423,27.124864471143024,-0.05756233428728996,21.319274959564208,-0.14703823430637186,0.031848629026133314,17.448612884359605,1.3983575275966094,1.0683906350730181,54.26857033602176,0.021073326811070103,18.958715151885652,59.3262311772322,0.06367275071539424,19.581917123422716,46.67511368747753,0.032508111823197794,19.662385290761645,0
2022-01-06 00:00:00+00:00,27.63999938964844,28.4379997253418,27.065000534057617,28.17799949645996,454186000,29.50979995727539,29.735739822387696,48.86770163768684,29.25624990463257,31.34148713435617,27.171012674908965,0.020794066186185844,21.39694995880127,-0.23128479565300708,-0.020778055909694768,16.54439986488244,1.2773575101579937,1.0507296938552229,36.69246189303841,-0.14703823430637186,17.448612884359605,54.26857033602176,0.021073326811070103,18.958715151885652,59.3262311772322,0.06367275071539424,19.581917123422716,0
2022-01-07 00:00:00+00:00,28.141000747680664,28.42200088500977,27.05699920654297,27.246999740600582,409939000,29.27049999237061,29.791659812927247,47.10674337498262,29.094099903106688,31.27743935275151,26.910760453461865,-0.03303995217887423,21.470508708953858,-0.3689219989344146,-0.09040684451463873,14.77353539264142,1.2918575831821986,1.0504491155152458,48.86770163768684,-0.23128479565300708,16.54439986488244,36.69246189303841,-0.14703823430637186,17.448612884359605,54.26857033602176,0.021073326811070103,18.958715151885652,1
2022-01-10 00:00:00+00:00,26.58099937438965,27.4689998626709,25.643999099731445,27.399999618530277,594681000,28.91599998474121,29.84083980560303,48.34629222913178,28.954199886322023,31.19746128701343,26.710938485630617,0.005615292670249961,21.543312458992006,-0.46034805683930813,-0.1643950869795726,13.454387946756706,1.3508577346801758,1.0711667769072166,47.10674337498262,-0.3689219989344146,14.77353539264142,48.86770163768684,-0.23128479565300708,16.54439986488244,36.69246189303841,-0.14703823430637186,17.448612884359605,0
2022-01-11 00:00:00+00:00,27.322999954223636,28.065000534057617,26.839000701904297,27.816999435424805,404089000,28.665499877929687,29.885839805603027,42.77508949049951,28.93699989318848,31.210934300810013,26.663065485566943,0.015218971631390632,21.617656207084657,-0.4934670848263245,-0.230209486548923,13.311800862810083,1.315643310546875,1.0456797868806766,48.34629222913178,-0.46034805683930813,13.454387946756706,47.10674337498262,-0.3689219989344146,14.77353539264142,48.86770163768684,-0.23128479565300708,16.54439986488244,0
2022-01-12 00:00:00+00:00,28.066999435424805,28.59499931335449,27.607999801635746,27.999000549316406,383413000,28.465299987792967,29.929279823303222,41.81946279289868,28.920099925994872,31.21771079587303,26.622489056116716,0.006542801796940889,21.69329246044159,-0.49927287732820247,-0.2840221647047789,13.48118231453135,1.3071432113647456,1.0357504896700362,42.77508949049951,-0.4934670848263245,13.311800862810083,48.34629222913178,-0.46034805683930813,13.454387946756706,47.10674337498262,-0.3689219989344146,14.77353539264142,0
2022-01-13 00:00:00+00:00,28.378999710083008,28.479999542236328,26.49799919128418,26.575000762939453,540171000,28.164200019836425,29.932759857177736,34.27722320456432,28.725899982452397,31.129946134563973,26.32185383034081,-0.05085895062106849,21.759426212310792,-0.6117272803118468,-0.3495631878261925,15.522913257694,1.4016432080950054,1.0747981134969646,41.81946279289868,-0.49927287732820247,13.48118231453135,42.77508949049951,-0.4934670848263245,13.311800862810083,48.34629222913178,-0.46034805683930813,13.454387946756706,0
2022-01-14 00:00:00+00:00,26.299999237060547,27.19700050354004,26.209999084472656,26.941999435424805,395832000,27.917300033569337,29.939639854431157,27.278917854095297,28.65364999771118,31.18411183199739,26.12318816342497,0.013809921428004523,21.82507745742798,-0.6635850833593224,-0.4123675669328185,17.78936065130549,1.3687861306326727,1.0376574381359709,34.27722320456432,-0.6117272803118468,15.522913257694,41.81946279289868,-0.49927287732820247,13.48118231453135,42.77508949049951,-0.4934670848263245,13.311800862810083,0
2022-01-18 00:00:00+00:00,26.26000022888184,26.63800048828125,25.770000457763672,25.902999877929688,424270000,27.495499992370604,29.86167984008789,26.048778087387376,28.558749961853028,31.352514482757307,25.76498544094875,-0.03856430774506603,21.88465495586395,-0.7795353486427459,-0.485801123274804,21.581266656906298,1.3583574295043945,1.033682577225414,27.278917854095297,-0.6635850833593224,17.78936065130549,34.27722320456432,-0.6117272803118468,15.522913257694,41.81946279289868,-0.49927287732820247,13.48118231453135,0
2022-01-19 00:00:00+00:00,26.07900047302246,26.542999267578125,25.052000045776367,25.066999435424805,488315000,27.073199844360357,29.76797981262207,24.67145723201409,28.426149940490724,31.611967430825413,25.24033245015604,-0.03227427118266657,21.940682454109194,-0.9281854738521673,-0.5742779933902767,25.700792921220202,1.3804287229265488,1.0595161751188458,26.048778087387376,-0.7795353486427459,21.581266656906298,27.278917854095297,-0.6635850833593224,17.78936065130549,34.27722320456432,-0.6117272803118468,15.522913257694,0
2022-01-20 00:00:00+00:00,25.304000854492188,25.57900047302246,24.077999114990234,24.149999618530277,435181000,26.727799797058104,29.63489978790283,23.46221189111316,28.179899883270263,31.875173664474683,24.48462610206584,-0.036581953865551964,21.990714950561525,-1.1072226174710558,-0.6808669182064326,29.565785802716107,1.4221431187220985,1.0623391233990762,24.67145723201409,-0.9281854738521673,25.700792921220202,26.048778087387376,-0.7795353486427459,21.581266656906298,27.278917854095297,-0.6635850833593224,17.78936065130549,0
2022-01-21 00:00:00+00:00,23.506999969482425,24.822999954223636,23.26300048828125,23.374000549316406,718958000,26.24739990234375,29.489239807128907,22.16176528016375,27.87859992980957,32.10019532082313,23.65700453879601,-0.03213246714167428,22.03599995136261,-1.2967790219248947,-0.8040493389501251,33.312269379184606,1.4836429868425647,1.067059254317956,23.46221189111316,-1.1072226174710558,29.565785802716107,24.67145723201409,-0.9281854738521673,25.700792921220202,26.048778087387376,-0.7795353486427459,21.581266656906298,0
2022-01-24 00:00:00+00:00,22.32999992370605,23.3799991607666,20.88800048828125,23.371999740600582,913982000,25.85989990234375,29.367499809265137,16.70448116909293,27.56519994735718,32.151137205495544,22.97926268921881,-8.559975480459947e-05,22.08085995197296,-1.43067337457774,-0.9293741460756482,36.198392125442076,1.568785667419434,1.1193028827188811,22.16176528016375,-1.2967790219248947,33.312269379184606,23.46221189111316,-1.1072226174710558,29.565785802716107,24.67145723201409,-0.9281854738521673,25.700792921220202,0
2022-01-25 00:00:00+00:00,22.54599952697754,22.94300079345703,22.0,22.323999404907227,664616000,25.352299880981445,29.206179809570312,16.35431803898311,27.134149932861327,31.99489390964588,22.273405956076772,-0.04483999432332808,22.116434950828552,-1.602873553724848,-1.0640740276054883,39.49979799942737,1.5154285430908205,1.042863672429865,16.70448116909293,-1.43067337457774,36.198392125442076,22.16176528016375,-1.2967790219248947,33.312269379184606,23.46221189111316,-1.1072226174710558,29.565785802716107,1
2022-01-26 00:00:00+00:00,23.239999771118164,24.05699920654297,22.299999237060547,22.77199935913086,755959000,24.84779987335205,29.05381980895996,23.491323382918,26.756649875640868,31.74597094621732,21.767328805064416,0.02006808664065618,22.151897449493408,-1.6837839706259707,-1.1880160162095847,43.30022819535119,1.5064285823277064,1.0787892389952396,16.35431803898311,-1.602873553724848,39.49979799942737,16.70448116909293,-1.43067337457774,36.198392125442076,22.16176528016375,-1.2967790219248947,33.312269379184606,1
2022-01-27 00:00:00+00:00,23.56800079345703,23.9950008392334,21.674999237060547,21.944000244140625,573353000,24.242299842834477,28.89219982147217,16.72715360125126,26.35379991531372,31.53744470171347,21.170155128913976,-0.036360404808207236,22.18523244857788,-1.7940381130334693,-1.3092204355743617,46.97709472043442,1.5740716116768971,1.1070358331642312,23.491323382918,-1.6837839706259707,43.30022819535119,16.35431803898311,-1.602873553724848,39.49979799942737,16.70448116909293,-1.43067337457774,36.198392125442076,1
2022-01-28 00:00:00+00:00,22.011999130249023,22.857999801635746,21.29599952697754,22.84000015258789,543774000,23.86879978179932,28.74493984222412,26.39022606775677,26.01649990081787,31.192508636858108,20.84049116477763,0.040831202081603735,22.21874619483948,-1.7884989086841934,-1.4050761301963282,51.01410664285711,1.5881429399762832,1.0733471219643616,16.72715360125126,-1.7940381130334693,46.97709472043442,23.491323382918,-1.6837839706259707,43.30022819535119,16.35431803898311,-1.602873553724848,39.49979799942737,1
2022-01-31 00:00:00+00:00,23.18199920654297,24.50900077819824,23.052000045776367,24.48600006103516,564680000,23.62319984436035,28.649439849853515,36.54165890730717,25.770249938964845,30.730398245239485,20.81010163269021,0.07206654542253887,22.261613693237305,-1.6324724862702027,-1.450555401411103,52.46139760144205,1.5770000730242042,1.0632049596359785,26.39022606775677,-1.7884989086841934,51.01410664285711,16.72715360125126,-1.7940381130334693,46.97709472043442,23.491323382918,-1.6837839706259707,43.30022819535119,0
2022-02-01 00:00:00+00:00,25.10400009155273,25.145000457763672,23.88999938964844,24.63800048828125,518925000,23.49669990539551,28.50869987487793,34.949345359088525,25.496099948883057,30.031675909689437,20.96052398807668,0.0062076462822513445,22.30799494743347,-1.4795004974616077,-1.456344420621204,53.51535796373059,1.5790715898786265,1.052532486403454,36.54165890730717,-1.6324724862702027,52.46139760144205,26.39022606775677,-1.7884989086841934,51.01410664285711,16.72715360125126,-1.7940381130334693,46.97709472043442,0
2022-02-02 00:00:00+00:00,25.79400062561035,25.816999435424805,24.55299949645996,25.242000579833984,543419000,23.514200019836423,28.353839874267575,37.44878221766529,25.293699932098388,29.462909140617946,21.12449072357883,0.02451498009507791,22.358348698616027,-1.2946079006647757,-1.4239971166299183,54.54853624557128,1.5988573346819195,1.051480469388153,34.949345359088525,-1.4795004974616077,53.51535796373059,36.54165890730717,-1.6324724862702027,52.46139760144205,26.39022606775677,-1.7884989086841934,51.01410664285711,0
2022-02-03 00:00:00+00:00,24.45800018310547,25.07699966430664,23.780000686645508,23.947999954223636,410178000,23.494000053405763,28.193679885864256,37.89735043181162,25.110899925231934,29.17281690900074,21.048982941463127,-0.05126379034489581,22.40128619670868,-1.2382207832724745,-1.3868418499584296,54.25907651221786,1.5617144448416571,1.0545415870567871,37.44878221766529,-1.2946079006647757,54.54853624557128,34.949345359088525,-1.4795004974616077,53.51535796373059,36.54165890730717,-1.6324724862702027,52.46139760144205,1
2022-02-04 00:00:00+00:00,23.972000122070312,24.63500022888184,23.631999969482425,24.319000244140625,354829000,23.588500022888184,28.04513988494873,37.92023990745222,24.917949962615968,28.725047685305316,21.110852239926626,0.015491911250465673,22.448629946708678,-1.150336599415926,-1.3395407998499291,52.58722181567485,1.5628572191510879,1.0424424619454407,37.89735043181162,-1.2382207832724745,54.25907651221786,37.44878221766529,-1.2946079006647757,54.54853624557128,34.949345359088525,-1.4795004974616077,53.51535796373059,1
2022-02-07 00:00:00+00:00,24.371999740600582,25.18199920654297,24.20199966430664,24.72800064086914,376868000,23.72410011291504,27.886219902038576,44.25540676484839,24.792000007629397,28.43792945049794,21.146070564760848,0.016818141889984206,22.495943698883057,-1.0357454083429545,-1.2787817215485342,49.798846672739394,1.5491429737636018,1.0404925029265926,37.92023990745222,-1.150336599415926,52.58722181567485,37.89735043181162,-1.2382207832724745,54.25907651221786,37.44878221766529,-1.2946079006647757,54.54853624557128,1
2022-02-08 00:00:00+00:00,24.358999252319336,25.229999542236328,23.979999542236328,25.107999801635746,410359000,24.00250015258789,27.7583198928833,50.20980639952464,24.677400016784667,28.116382053364237,21.2384179802051,0.01536716074564315,22.54409369945526,-0.9038492952947941,-1.2037952362977862,46.68764517451368,1.531928743634905,1.052126773305327,44.25540676484839,-1.0357454083429545,49.798846672739394,37.92023990745222,-1.150336599415926,52.58722181567485,37.89735043181162,-1.2382207832724745,54.25907651221786,0
2022-02-09 00:00:00+00:00,25.621999740600582,26.725000381469727,25.35300064086914,26.70499992370605,524282000,24.39580020904541,27.62489990234375,62.22371185987202,24.62180004119873,27.87816506680383,21.365435015593636,0.06360523079047753,22.600709948539734,-0.662815586783708,-1.0955993063949705,42.72266804324864,1.5402144023350302,1.0541158721224073,50.20980639952464,-0.9038492952947941,46.68764517451368,44.25540676484839,-1.0357454083429545,49.798846672739394,37.92023990745222,-1.150336599415926,52.58722181567485,0
2022-02-10 00:00:00+00:00,25.9950008392334,26.924999237060547,25.600000381469727,25.823999404907227,513200000,24.78380012512207,27.48785991668701,61.60476728669943,24.51304998397827,27.42118218049878,21.60491778745776,-0.032990096285930304,22.653446197509766,-0.5366973028483315,-0.9838189056856428,39.29583914424453,1.5234286444527754,1.0517577670252656,62.22371185987202,-0.662815586783708,42.72266804324864,50.20980639952464,-0.9038492952947941,46.68764517451368,44.25540676484839,-1.0357454083429545,49.798846672739394,1
2022-02-11 00:00:00+00:00,25.916000366210938,26.152000427246094,23.77300071716309,23.948999404907227,605472000,24.894700050354004,27.338139915466307,52.32118281695224,24.38174991607666,27.13066641184496,21.63283342030836,-0.07260687899658569,22.69656744480133,-0.581343122524622,-0.9033237490534386,35.145707337317766,1.515357289995465,1.1000714944817829,61.60476728669943,-0.5366973028483315,39.29583914424453,62.22371185987202,-0.662815586783708,42.72266804324864,50.20980639952464,-0.9038492952947941,46.68764517451368,1
2022-02-14 00:00:00+00:00,23.93400001525879,24.875,23.7549991607666,24.267000198364254,440424000,24.872800064086917,27.18095993041992,58.304131017668766,24.247999954223637,26.71863093601276,21.77736897243451,0.01327824967050062,22.742854948043824,-0.5843294635619039,-0.8395248919551317,31.162925848000913,1.4973573684692376,1.047148005843047,52.32118281695224,-0.581343122524622,35.145707337317766,61.60476728669943,-0.5366973028483315,39.29583914424453,62.22371185987202,-0.662815586783708,42.72266804324864,1
2022-02-15 00:00:00+00:00,24.948999404907227,26.545000076293945,24.78400039672852,26.4950008392334,699869000,25.05850009918213,27.09699993133545,63.81037513165288,24.277600002288818,26.844045336401468,21.711154668176167,0.09181195131894904,22.801146202087402,-0.4022779193643764,-0.7520754974369808,28.885798437311742,1.5345716476440425,1.0710538916791608,58.304131017668766,-0.5843294635619039,31.162925848000913,52.32118281695224,-0.581343122524622,35.145707337317766,61.60476728669943,-0.5366973028483315,39.29583914424453,0
2022-02-16 00:00:00+00:00,26.25900077819824,26.582000732421875,25.552000045776367,26.51099967956543,732676000,25.185400009155277,27.0264799118042,68.02715249767473,24.349800014495848,27.085421320615914,21.614178708375785,0.0006038437375075478,22.861944952011108,-0.2537843186205748,-0.6524172616736996,27.133801997628684,1.442428725106375,1.0403099829680755,63.81037513165288,-0.4022779193643764,28.885798437311742,58.304131017668766,-0.5843294635619039,31.162925848000913,52.32118281695224,-0.581343122524622,35.145707337317766,0
2022-02-17 00:00:00+00:00,25.6299991607666,25.78499984741211,24.165000915527344,24.506999969482425,810595000,25.24130001068115,26.868079948425294,56.0508153620265,24.367650032043457,27.10244080956794,21.632859254518973,-0.07559125398155686,22.912187452316285,-0.29441427418552024,-0.5808166641760638,24.430650530958058,1.498428617204938,1.0670390594044559,68.02715249767473,-0.2537843186205748,27.133801997628684,63.81037513165288,-0.4022779193643764,28.885798437311742,58.304131017668766,-0.5843294635619039,31.162925848000913,0
2022-02-18 00:00:00+00:00,24.667999267578125,24.98600006103516,23.100000381469727,23.642000198364254,761255000,25.17360000610352,26.70439994812012,46.75234811266596,24.381050014495848,27.097908495631238,21.664191533360466,-0.03529602857123759,22.957782454490662,-0.39189454277505575,-0.5430322398958622,22.163220545752974,1.513928549630301,1.0816450064251226,56.0508153620265,-0.29441427418552024,24.430650530958058,68.02715249767473,-0.2537843186205748,27.133801997628684,63.81037513165288,-0.4022779193643764,28.885798437311742,1
2022-02-22 00:00:00+00:00,23.03499984741211,24.06399917602539,23.0,23.38999938964844,633422000,25.039799880981445,26.56239994049072,45.23445497964465,24.381949996948244,27.09741264890632,21.66648734499017,-0.010659030818096715,23.000671200752258,-0.4839045665216801,-0.5312067052210259,20.448057559763477,1.5002855573381697,1.0462608337402344,46.75234811266596,-0.39189454277505575,22.163220545752974,56.0508153620265,-0.29441427418552024,24.430650530958058,68.02715249767473,-0.2537843186205748,27.133801997628684,1
2022-02-23 00:00:00+00:00,23.802000045776367,24.155000686645508,22.301000595092773,22.386999130249023,566511000,24.76769981384277,26.40617992401123,39.42043637608617,24.385099983215333,27.090639041881285,21.67956092454938,-0.04288158553109278,23.041277446746825,-0.6304890267137573,-0.5510631695195722,19.72522332703259,1.542428425380162,1.0831352873001,45.23445497964465,-0.4839045665216801,20.448057559763477,46.75234811266596,-0.39189454277505575,22.163220545752974,56.0508153620265,-0.29441427418552024,24.430650530958058,1
2022-02-24 00:00:00+00:00,21.01499938964844,23.799999237060547,20.88999938964844,23.74799919128418,735801000,24.471999740600587,26.317919921875,49.26253413464474,24.433899974823,27.050683762218387,21.81711618742761,0.060794216014248725,23.088486194610596,-0.6295795359359282,-0.5667664428028434,19.47647335268956,1.6458569935389924,1.139301097770931,39.42043637608617,-0.6304890267137573,19.72522332703259,45.23445497964465,-0.4839045665216801,20.448057559763477,46.75234811266596,-0.39189454277505575,22.163220545752974,0
2022-02-25 00:00:00+00:00,23.72100067138672,24.21699905395508,23.381000518798828,24.15699958801269,528866000,24.305299758911133,26.234319915771483,49.40432181756643,24.5445499420166,26.891243134034397,22.19785674999881,0.01722252023987858,23.14047869205475,-0.589065464095345,-0.5712262470613437,18.887771209183352,1.6339282989501953,1.0357554645484095,49.26253413464474,-0.6295795359359282,19.47647335268956,39.42043637608617,-0.6304890267137573,19.72522332703259,45.23445497964465,-0.4839045665216801,20.448057559763477,1
2022-02-28 00:00:00+00:00,23.992000579833984,24.665000915527344,23.707000732421875,24.38500022888184,477319000,24.348899841308597,26.11283992767334,48.72176951662927,24.6217999458313,26.829857788202958,22.413742103459644,0.009438284752146364,23.194077444076537,-0.532422587864918,-0.5634655152220587,19.010857687148437,1.632356916155134,1.040410011958843,49.40432181756643,-0.589065464095345,18.887771209183352,49.26253413464474,-0.6295795359359282,19.47647335268956,39.42043637608617,-0.6304890267137573,19.72522332703259,0
2022-03-01 00:00:00+00:00,24.291000366210938,24.37700080871582,23.131999969482425,23.476999282836918,412056000,24.269899749755854,26.014639930725096,44.15202542729659,24.571349906921387,26.83780738562857,22.30489242821421,-0.037236044187913375,23.240247440338134,-0.5544098960541817,-0.5616543913884833,19.64273018346274,1.6325712203979492,1.0538215822616246,48.72176951662927,-0.532422587864918,19.010857687148437,49.40432181756643,-0.589065464095345,18.887771209183352,49.26253413464474,-0.6295795359359282,19.47647335268956,0
2022-03-02 00:00:00+00:00,23.756000518798828,24.40900039672852,23.415000915527344,24.21999931335449,389642000,24.042399597167968,25.94301990509033,40.50874661395075,24.55044984817505,26.822022863498123,22.27887683285197,0.03164799817755015,23.290519938468933,-0.5060477003656878,-0.5505330531839242,22.127293881166167,1.5880711419241773,1.0424513962133573,44.15202542729659,-0.5544098960541817,19.64273018346274,48.72176951662927,-0.532422587864918,19.010857687148437,49.40432181756643,-0.589065464095345,18.887771209183352,0
2022-03-03 00:00:00+00:00,24.261999130249023,24.326000213623047,23.4689998626709,23.714000701904297,365095000,23.762699699401857,25.862919921875,41.70337192378946,24.474049854278565,26.750467834916947,22.197631873640184,-0.02089176819964622,23.339011192321777,-0.5027547274449091,-0.5409773880361212,24.124251731636296,1.5546426773071294,1.0365162706534958,40.50874661395075,-0.5060477003656878,22.127293881166167,44.15202542729659,-0.5544098960541817,19.64273018346274,48.72176951662927,-0.532422587864918,19.010857687148437,0
2022-03-04 00:00:00+00:00,23.38400077819824,23.68000030517578,22.48200035095215,22.93600082397461,431415000,23.605599784851076,25.740139923095704,45.64076745041575,24.423449897766112,26.79221744840305,22.05468234712917,-0.03280761806957411,23.3833624458313,-0.5565080326273524,-0.5440835169543674,25.30837685620896,1.4727141516549254,1.053287071235763,41.70337192378946,-0.5027547274449091,24.124251731636296,40.50874661395075,-0.5060477003656878,22.127293881166167,44.15202542729659,-0.5544098960541817,19.64273018346274,1
2022-03-07 00:00:00+00:00,22.816999435424805,23.03300094604492,21.32999992370605,21.351999282836918,450821000,23.37659969329834,25.57917991638184,38.68839568396015,24.27509984970093,27.01410766207243,21.53609203732943,-0.06906180171924137,23.41705994129181,-0.7186395709365208,-0.5789947277507981,26.99286442072599,1.5143570218767446,1.079840648308965,45.64076745041575,-0.5565080326273524,25.30837685620896,41.70337192378946,-0.5027547274449091,24.124251731636296,40.50874661395075,-0.5060477003656878,22.127293881166167,1
2022-03-08 00:00:00+00:00,21.30900001525879,22.37299919128418,20.649999618530277,21.513999938964844,557467000,23.188999748229985,25.416659927368165,26.980312830500225,24.11439981460571,27.10692881360996,21.121870815601465,0.007587142261574753,23.44967119216919,-0.8245529509356437,-0.6281063723877672,30.60709351441784,1.474714142935617,1.0834382375100757,38.68839568396015,-0.7186395709365208,26.99286442072599,45.64076745041575,-0.5565080326273524,25.30837685620896,41.70337192378946,-0.5027547274449091,24.124251731636296,1
2022-03-09 00:00:00+00:00,22.386999130249023,23.21999931335449,22.246999740600582,23.013999938964844,492742000,23.25169982910156,25.258039932250977,35.7880240614531,24.009699821472168,27.00238348871194,21.0170161542324,0.06972204165917528,23.486681189537048,-0.7784787848274313,-0.6581808548757,32.61627255354672,1.5229997634887695,1.0437362154042817,26.980312830500225,-0.8245529509356437,30.60709351441784,38.68839568396015,-0.7186395709365208,26.99286442072599,45.64076745041575,-0.5565080326273524,25.30837685620896,0
2022-03-10 00:00:00+00:00,22.5310001373291,22.788000106811523,21.881999969482425,22.65800094604492,428066000,23.14270000457764,25.10475994110108,41.32332907886988,23.80734987258911,26.571224953559653,21.043474791618568,-0.015468801332409243,23.521732444763185,-0.7619080183963476,-0.6789262875798295,35.17639085146941,1.4362855638776504,1.0414038999448243,35.7880240614531,-0.7784787848274313,32.61627255354672,26.980312830500225,-0.8245529509356437,30.60709351441784,38.68839568396015,-0.7186395709365208,26.99286442072599,1
2022-03-11 00:00:00+00:00,23.02199935913086,23.145000457763672,22.04599952697754,22.100000381469727,367209000,22.93700008392334,24.9467399597168,42.54928820972128,23.621149921417235,26.313831404820395,20.928468438014075,-0.024627087177900076,23.553732447624206,-0.7847553772737577,-0.7000921055186151,38.39243571339305,1.380071367536272,1.049850356271726,41.32332907886988,-0.7619080183963476,35.17639085146941,35.7880240614531,-0.7784787848274313,32.61627255354672,26.980312830500225,-0.8245529509356437,30.60709351441784,1
2022-03-14 00:00:00+00:00,21.86899948120117,22.261999130249023,21.15900039672852,21.32999992370605,385354000,22.63150005340576,24.781619949340826,40.52089595860216,23.490199947357176,26.36436653874937,20.616033355964987,-0.034841649071160274,23.582942447662354,-0.8551371863893635,-0.7311011216927649,41.4262964127463,1.3828570502144941,1.0521290568003885,42.54928820972128,-0.7847553772737577,38.39243571339305,41.32332907886988,-0.7619080183963476,35.17639085146941,35.7880240614531,-0.7784787848274313,32.61627255354672,1
2022-03-15 00:00:00+00:00,21.51799964904785,23.038000106811523,21.32200050354004,22.972999572753903,491996000,22.581100082397462,24.652859954833986,52.54649886555383,23.42549991607666,26.284256189378496,20.566743642774824,0.07702764439402698,23.616584949493408,-0.7694689772380663,-0.7387746928018252,42.480970876404605,1.3729998724801191,1.0804802346283868,40.52089595860216,-0.8551371863893635,41.4262964127463,42.54928820972128,-0.7847553772737577,38.39243571339305,41.32332907886988,-0.7619080183963476,35.17639085146941,1
2022-03-16 00:00:00+00:00,23.5,24.597000122070312,23.17200088500977,24.496000289916992,671422000,22.60870018005371,24.540359954833985,53.20535182138015,23.32554988861084,25.85302627785976,20.79807349936192,0.06629524857386837,23.65774245262146,-0.5720881980183314,-0.7054373938451264,40.82931041883142,1.281142779758998,1.0614965985946596,52.54649886555383,-0.7694689772380663,42.480970876404605,40.52089595860216,-0.8551371863893635,41.4262964127463,42.54928820972128,-0.7847553772737577,38.39243571339305,1
2022-03-17 00:00:00+00:00,24.1200008392334,24.84199905395508,23.9060001373291,24.766000747680664,471941000,22.71390018463135,24.44987995147705,52.6411700651731,23.238299942016603,25.39623304227174,21.080366841761467,0.01102222626421212,23.69768120765686,-0.3893871156967279,-0.6422273382154466,39.721470951729714,1.288285664149693,1.0391533050802766,53.20535182138015,-0.5720881980183314,40.82931041883142,52.54649886555383,-0.7694689772380663,42.480970876404605,40.52089595860216,-0.8551371863893635,41.4262964127463,1
2022-03-18 00:00:00+00:00,24.798999786376957,26.569000244140625,24.624000549316406,26.452999114990234,730719000,23.06560001373291,24.4268599319458,57.96119012790014,23.335599899291992,25.87599161748695,20.795208181097035,0.06811751257285881,23.745097455978392,-0.10723241374260795,-0.5352283533208789,38.86014991862441,1.3587856292724607,1.078987965051772,52.6411700651731,-0.3893871156967279,39.721470951729714,53.20535182138015,-0.5720881980183314,40.82931041883142,52.54649886555383,-0.7694689772380663,42.480970876404605,0
2022-03-21 00:00:00+00:00,26.506999969482425,27.152000427246094,25.96699905395508,26.733999252319336,591727000,23.60380001068115,24.397979927062988,63.17450025645283,23.490199851989747,26.45070361427152,20.529696089707976,0.01062261923903618,23.790876197814942,0.13746694961228556,-0.4006892927342461,38.598852748741955,1.3539285659790035,1.0456348987739699,57.96119012790014,-0.10723241374260795,38.86014991862441,52.6411700651731,-0.3893871156967279,39.721470951729714,53.20535182138015,-0.5720881980183314,40.82931041883142,1
2022-03-22 00:00:00+00:00,26.726999282836918,27.238000869750977,26.07200050354004,26.52400016784668,547007000,24.104800033569337,24.38351993560791,59.73960528781325,23.646899890899657,26.902165202449527,20.391634579349788,-0.007855131680473804,23.835401201248168,0.3108643363898125,-0.2583785669094344,37.07079025340928,1.3662143434797007,1.044722320638672,63.17450025645283,0.13746694961228556,38.598852748741955,57.96119012790014,-0.10723241374260795,38.86014991862441,52.6411700651731,-0.3893871156967279,39.721470951729714,1
2022-03-23 00:00:00+00:00,26.125999450683597,26.61199951171875,25.575000762939453,25.63400077819824,502120000,24.36680011749268,24.34819995880127,57.86112059075954,23.80924997329712,27.123291621076586,20.495208325517652,-0.03355449344052297,23.87628620147705,0.3721772740197409,-0.13226739872359933,34.937046754426746,1.3790713718959255,1.0405473594464953,59.73960528781325,0.3108643363898125,37.07079025340928,63.17450025645283,0.13746694961228556,38.598852748741955,57.96119012790014,-0.10723241374260795,38.86014991862441,1
2022-03-24 00:00:00+00:00,26.166000366210938,28.31999969482422,25.90699958801269,28.149999618530277,877379000,24.91599998474121,24.35485996246338,68.68816925553374,24.029349994659423,27.869254534084188,20.189445455234655,0.09815084512566208,23.93024495124817,0.6166795996079131,0.017522000942703148,34.784513168807806,1.4829284123011992,1.0931408555673903,57.86112059075954,0.3721772740197409,34.937046754426746,59.73960528781325,0.3108643363898125,37.07079025340928,63.17450025645283,0.13746694961228556,38.598852748741955,1
2022-03-25 00:00:00+00:00,27.88599967956543,28.357999801635746,27.270999908447266,27.691999435424805,579016000,25.47519989013672,24.348719940185543,74.71928177541709,24.20609998703003,28.38151709075049,20.030682883309566,-0.01626998896312537,23.98157995223999,0.7646779358226183,0.1669531879186862,35.25633778544286,1.4389283316476003,1.0398591872992444,68.68816925553374,0.6166795996079131,34.784513168807806,57.86112059075954,0.3721772740197409,34.937046754426746,59.73960528781325,0.3108643363898125,37.07079025340928,0
2022-03-28 00:00:00+00:00,27.756000518798828,28.25,27.20599937438965,28.2189998626709,425494000,26.1640998840332,24.381599922180172,75.41891467227046,24.39779996871948,28.943437447225328,19.85216249021364,0.019030782825018022,24.033548698425292,0.913956689892828,0.31635388831351463,34.20821154575353,1.3904284068516322,1.0383739119906443,74.71928177541709,0.7646779358226183,35.25633778544286,68.68816925553374,0.6166795996079131,34.784513168807806,57.86112059075954,0.3721772740197409,34.937046754426746,0
2022-03-29 00:00:00+00:00,28.69499969482422,28.94599914550781,27.979999542236328,28.6560001373291,488984000,26.732399940490723,24.41587993621826,73.26406622713435,24.656750011444093,29.55769917169049,19.75580085119769,0.015486029865866557,24.086734952926637,1.0553579386112553,0.4641546983730628,34.15603158490046,1.337571280343192,1.0345246468575986,75.41891467227046,0.913956689892828,34.20821154575353,74.71928177541709,0.7646779358226183,35.25633778544286,68.68816925553374,0.6166795996079131,34.784513168807806,0
2022-03-30 00:00:00+00:00,28.304000854492188,28.496000289916992,27.50300025939941,27.690000534057617,463487000,27.051799964904784,24.45161994934082,69.75502637206392,24.83025007247925,29.90857345568233,19.75192668927617,-0.033710203749375056,24.136242456436158,1.0770557242281242,0.5867349035440751,34.27552517778545,1.3390712738037114,1.0361051529342955,73.26406622713435,1.0553579386112553,34.15603158490046,75.41891467227046,0.913956689892828,34.20821154575353,74.71928177541709,0.7646779358226183,35.25633778544286,0
2022-03-31 00:00:00+00:00,27.78199958801269,28.24799919128418,27.270000457763672,27.285999298095703,523440000,27.30379981994629,24.49599994659424,70.6088038503524,25.008850002288817,30.1724112525376,19.845288752040037,-0.014590149085226933,24.18362120628357,1.0495532556833744,0.679298573971935,34.892082000209406,1.3304282597133097,1.0358635393143925,69.75502637206392,1.0770557242281242,34.27552517778545,73.26406622713435,1.0553579386112553,34.15603158490046,75.41891467227046,0.913956689892828,34.20821154575353,0
2022-04-01 00:00:00+00:00,27.375,27.496000289916992,26.267000198364254,26.71199989318848,517235000,27.329699897766112,24.5472399520874,71.72614620339615,25.19764995574951,30.318039334762844,20.07726057673618,-0.02103640766960224,24.223894958496093,0.9702558904128828,0.7374900372601246,35.03873634720247,1.339428356715612,1.0467887494678312,70.6088038503524,1.0495532556833744,34.892082000209406,69.75502637206392,1.0770557242281242,34.27552517778545,73.26406622713435,1.0553579386112553,34.15603158490046,0
2022-04-04 00:00:00+00:00,26.72800064086914,27.558000564575195,26.613000869750977,27.36000061035156,397120000,27.39230003356933,24.626959953308106,69.25643703019543,25.498050022125245,30.367271669061147,20.628828375189343,0.024258787052792607,24.267501211166383,0.9487636427477213,0.779744758357644,36.01958557341739,1.2843569346836645,1.0355089491579408,71.72614620339615,0.9702558904128828,35.03873634720247,70.6088038503524,1.0495532556833744,34.892082000209406,69.75502637206392,1.0770557242281242,34.27552517778545,0
2022-04-05 00:00:00+00:00,27.253999710083008,27.319000244140625,25.81999969482422,25.93099975585937,436615000,27.33299999237061,24.67813995361328,56.35124190406663,25.71890001296997,30.21354158080878,21.224258445131163,-0.052229562230036275,24.305019960403442,0.8071184957258133,0.7852195058312779,37.660795108451715,1.2783569608415881,1.0580557926813954,69.25643703019543,0.9487636427477213,36.01958557341739,71.72614620339615,0.9702558904128828,35.03873634720247,70.6088038503524,1.0495532556833744,34.892082000209406,0
2022-04-06 00:00:00+00:00,24.93400001525879,25.299999237060547,24.00300025939941,24.40699958801269,703833000,27.21029987335205,24.71979995727539,48.56983030354976,25.788549995422365,30.147838670482823,21.429261320361903,-0.058771361775294295,24.332621212005616,0.565372358649924,0.7412500763950072,37.365510398559714,1.3492141451154438,1.0540348691265478,56.35124190406663,0.8071184957258133,37.660795108451715,69.25643703019543,0.9487636427477213,36.01958557341739,71.72614620339615,0.9702558904128828,35.03873634720247,0
2022-04-07 00:00:00+00:00,24.44099998474121,24.722000122070312,23.47800064086914,24.20800018310547,557992000,26.81609992980957,24.74851997375488,39.85357051604101,25.86604995727539,30.042268715442987,21.689831199107797,-0.008153374370726052,24.358374967575074,0.353652528257129,0.6637305667674316,38.59833315616818,1.2991427012852264,1.052985750372444,48.56983030354976,0.565372358649924,37.365510398559714,56.35124190406663,0.8071184957258133,37.660795108451715,69.25643703019543,0.9487636427477213,36.01958557341739,0
2022-04-08 00:00:00+00:00,23.91699981689453,23.92300033569336,23.062000274658203,23.11899948120117,524781000,26.358799934387207,24.77201995849609,34.773819885302004,25.916999912261964,29.921078195153772,21.912921629370157,-0.044985157537478226,24.37794246673584,0.09687308915636805,0.5503590712452189,39.90530190754578,1.2963568823678158,1.0373341449475773,39.85357051604101,0.353652528257129,38.59833315616818,48.56983030354976,0.565372358649924,37.365510398559714,56.35124190406663,0.8071184957258133,37.660795108451715,0
2022-04-11 00:00:00+00:00,22.214000701904297,22.31999969482422,21.65999984741211,21.91699981689453,575207000,25.72859992980957,24.753559951782226,32.09204680306712,25.946349906921387,29.815179654585336,22.07752015925744,-0.05199185480686663,24.39237246513367,-0.2012973630086492,0.40002778439444525,41.90296434025068,1.3172854014805389,1.030470907297396,34.773819885302004,0.09687308915636805,39.90530190754578,39.85357051604101,0.353652528257129,38.59833315616818,48.56983030354976,0.565372358649924,37.365510398559714,0
2022-04-12 00:00:00+00:00,22.53700065612793,22.725000381469727,21.28199958801269,21.503999710083008,662258000,25.01339988708496,24.693919944763184,33.327948736585725,25.87289991378784,30.02483090930445,21.72096891827123,-0.018843824896743633,24.399967460632325,-0.46555858205157463,0.22691051110524127,43.82627636403721,1.3462855475289486,1.0678038164360186,32.09204680306712,-0.2012973630086492,41.90296434025068,34.773819885302004,0.09687308915636805,39.90530190754578,39.85357051604101,0.353652528257129,38.59833315616818,1
2022-04-13 00:00:00+00:00,21.72800064086914,22.5,21.45499992370605,22.202999114990234,516943000,24.464699745178223,24.645219917297364,21.86583738795976,25.758249855041505,30.18763614469629,21.328863565386715,0.0325055531217977,24.4108487033844,-0.6115347004880327,0.059221468786586476,46.22210782427312,1.2290713446480892,1.0487065989284534,33.327948736585725,-0.46555858205157463,43.82627636403721,32.09204680306712,-0.2012973630086492,41.90296434025068,34.773819885302004,0.09687308915636805,39.90530190754578,0
2022-04-14 00:00:00+00:00,22.5049991607666,22.777000427246094,21.163000106811523,21.257999420166016,569097000,23.86189975738525,24.565539894104003,20.90268158755008,25.58284978866577,30.43530095025216,20.73039862707939,-0.0425618039225254,24.41712619781494,-0.7943189888730835,-0.11148662274534751,47.24632211816129,1.2667142323085243,1.076265194551272,21.86583738795976,-0.6115347004880327,46.22210782427312,33.327948736585725,-0.46555858205157463,43.82627636403721,32.09204680306712,-0.2012973630086492,41.90296434025068,1
2022-04-18 00:00:00+00:00,21.200000762939453,22.08799934387207,21.07900047302246,21.78300094604492,525701000,23.368999862670897,24.522239913940428,20.88837837618655,25.349349880218504,30.467657331562087,20.23104242887492,0.024696657267798683,24.424981203079223,-0.8865935205704787,-0.26650800231037375,47.585092365557465,1.2642141069684711,1.0478674912570431,20.90268158755008,-0.7943189888730835,47.24632211816129,21.86583738795976,-0.6115347004880327,46.22210782427312,33.327948736585725,-0.46555858205157463,43.82627636403721,0
2022-04-19 00:00:00+00:00,21.71999931335449,22.37299919128418,21.31399917602539,22.197999954223636,512781000,22.852799797058104,24.47981990814209,20.730605022937624,25.12254991531372,30.38254943565728,19.86255039497016,0.019051507604789686,24.433536205291748,-0.9156794177371417,-0.39634228539572736,48.54773962875931,1.2708569935389933,1.0496856552593838,20.88837837618655,-0.8865935205704787,47.585092365557465,20.90268158755008,-0.7943189888730835,47.24632211816129,21.86583738795976,-0.6115347004880327,46.22210782427312,0
2022-04-20 00:00:00+00:00,22.517000198364254,22.670000076293945,21.200000762939453,21.48200035095215,468974000,22.407899856567383,24.41489990234375,21.211281199616337,24.870449924468996,30.32725689990684,19.413642949031143,-0.03225514031660559,24.437453708648682,-0.9851491981972131,-0.5141036679560246,49.12429108970844,1.2934998103550506,1.0693395877571974,20.730605022937624,-0.9156794177371417,48.54773962875931,20.88837837618655,-0.8865935205704787,47.585092365557465,20.90268158755008,-0.7943189888730835,47.24632211816129,0
2022-04-21 00:00:00+00:00,21.708999633789062,22.392000198364254,20.0,20.183000564575195,656209000,21.985499954223634,24.31639991760254,19.585515519075045,24.59789991378784,30.42601737951572,18.769782448059967,-0.060469219120898976,24.43650996208191,-1.1319742319644064,-0.637677780757701,50.318825611101566,1.3944999149867467,1.1196000099182126,21.211281199616337,-0.9851491981972131,49.12429108970844,20.730605022937624,-0.9156794177371417,48.54773962875931,20.88837837618655,-0.8865935205704787,47.585092365557465,0
2022-04-22 00:00:00+00:00,20.30299949645996,20.48600006103516,19.5,19.51499938964844,624713000,21.51619987487793,24.172599906921388,19.429108005564387,24.16614990234375,30.163225183393703,18.1690746212938,-0.03309721826492029,24.43457120895386,-1.2873959420956602,-0.7676214130252927,51.53059529568596,1.3771427699497767,1.0505641056941109,19.585515519075045,-1.1319742319644064,50.318825611101566,21.211281199616337,-0.9851491981972131,49.12429108970844,20.730605022937624,-0.9156794177371417,48.54773962875931,0
2022-04-25 00:00:00+00:00,19.20199966430664,19.94499969482422,19.09600067138672,19.902000427246094,641566000,21.194499969482425,24.054159927368165,17.6020903609147,23.77664995193481,29.821229659407116,17.732070244462516,0.019830953097694337,24.433829965591432,-1.363622031739471,-0.8868215367681285,53.18506628228496,1.3702855791364397,1.0444595199826125,19.429108005564387,-1.2873959420956602,51.53059529568596,19.585515519075045,-1.1319742319644064,50.318825611101566,21.211281199616337,-0.9851491981972131,49.12429108970844,0
2022-04-26 00:00:00+00:00,19.718000411987305,19.788000106811523,18.670000076293945,18.788000106811523,653143000,20.881599998474123,23.95093994140625,18.09737102823881,23.30509996414185,29.361943852505064,17.248256075778627,-0.05597428884131117,24.42520746231079,-1.4966695972587267,-1.0087911488662482,56.47472045217056,1.3482855388096404,1.0598821652891768,17.6020903609147,-1.363622031739471,53.18506628228496,19.429108005564387,-1.2873959420956602,51.53059529568596,19.585515519075045,-1.1319742319644064,50.318825611101566,0
2022-04-27 00:00:00+00:00,18.597999572753903,19.16699981689453,18.290000915527344,18.415000915527344,499460000,20.57270011901856,23.833899955749512,20.171254981770616,22.79305000305176,28.674197094112916,16.9119029119906,-0.01985305456480968,24.416032466888428,-1.613608000349089,-1.1297545191628164,61.161512704360725,1.273214067731585,1.0479496368216503,18.09737102823881,-1.4966695972587267,56.47472045217056,17.6020903609147,-1.363622031739471,53.18506628228496,19.429108005564387,-1.2873959420956602,51.53059529568596,1
2022-04-28 00:00:00+00:00,18.96699905395508,20.03700065612793,18.489999771118164,19.78199958801269,570327000,20.3306001663208,23.6996399307251,30.262216209163256,22.39764995574951,27.94651345071697,16.84878646078205,0.0742328864796693,24.415734968185426,-1.5777893850182139,-1.219361492333896,62.49889448698819,1.3002140862601146,1.0836668958442184,20.171254981770616,-1.613608000349089,61.161512704360725,18.09737102823881,-1.4966695972587267,56.47472045217056,17.6020903609147,-1.363622031739471,53.18506628228496,0
2022-04-29 00:00:00+00:00,19.402000427246094,20.12800025939941,18.517000198364254,18.54700088500977,500435000,20.059500312805177,23.540359954833985,29.87321956411417,21.96070003509521,27.25945844413374,16.661941626056688,-0.06243042810249044,24.413638725280762,-1.630264276551035,-1.301542049177324,62.60281188966162,1.3334283828735354,1.0870011364571606,30.262216209163256,-1.5777893850182139,62.49889448698819,20.171254981770616,-1.613608000349089,61.161512704360725,18.09737102823881,-1.4966695972587267,56.47472045217056,1
2022-05-02 00:00:00+00:00,18.541000366210938,19.573999404907227,18.391000747680664,19.53300094604492,572049000,19.834500312805176,23.440879974365235,39.30174458574477,21.60175008773804,26.50302735303483,16.70047282244124,0.053162237234380294,24.420498733520507,-1.5741432975092593,-1.3560622988437112,61.092338515210216,1.3137140274047856,1.0643248659198579,29.87321956411417,-1.630264276551035,62.60281188966162,30.262216209163256,-1.5777893850182139,62.49889448698819,20.171254981770616,-1.613608000349089,61.161512704360725,0
2022-05-03 00:00:00+00:00,19.399999618530277,19.825000762939453,19.132999420166016,19.601999282836918,475751000,19.574900245666505,23.360079956054687,41.19280866803503,21.213850021362305,25.36720476990461,17.06049527282,0.0035323981697739093,24.424609975814818,-1.5067307737009905,-1.3861959938151671,59.954583388125414,1.2600712094988145,1.0361679487662596,39.30174458574477,-1.5741432975092593,61.092338515210216,29.87321956411417,-1.630264276551035,62.60281188966162,30.262216209163256,-1.5777893850182139,62.49889448698819,0
2022-05-04 00:00:00+00:00,19.92300033569336,20.399999618530277,18.750999450683597,20.333999633789062,648855000,19.460100173950195,23.2989599609375,41.37198818996781,20.93400001525879,24.455228986958687,17.41277104355889,0.037343147522358455,24.43321997642517,-1.3783507823370655,-1.3846269515195468,56.25174641222433,1.3032140731811523,1.0879419879555574,41.19280866803503,-1.5067307737009905,59.954583388125414,39.30174458574477,-1.5741432975092593,61.092338515210216,29.87321956411417,-1.630264276551035,62.60281188966162,0
2022-05-05 00:00:00+00:00,19.867000579833984,19.924999237060547,18.5,18.8439998626709,626331000,19.326200103759767,23.228099975585938,39.38994339485663,20.6558500289917,23.88905050615197,17.422649551831427,-0.07327627608698428,24.430389976501466,-1.380920847399409,-1.3838857306955195,53.151549901345355,1.3189283098493303,1.0770269857870567,41.37198818996781,-1.3783507823370655,56.25174641222433,41.19280866803503,-1.5067307737009905,59.954583388125414,39.30174458574477,-1.5741432975092593,61.092338515210216,0
2022-05-06 00:00:00+00:00,18.73600006103516,19.511999130249023,17.989999771118164,18.674999237060547,633297000,19.242200088500976,23.126639976501465,35.89835455648766,20.379199981689453,23.260348307773004,17.498051655605902,-0.00896840516036801,24.425794973373414,-1.3806789728114772,-1.3832443791187112,50.39339377744251,1.3555712018694197,1.0846025224288405,39.38994339485663,-1.380920847399409,53.151549901345355,41.37198818996781,-1.3783507823370655,56.25174641222433,41.19280866803503,-1.5067307737009905,59.954583388125414,0
2022-05-09 00:00:00+00:00,18.03400039672852,18.2549991607666,16.82699966430664,16.950000762939453,644455000,18.947000122070317,22.9825,28.71856915084595,20.070750045776368,23.03651623559901,17.104983855953726,-0.09236939997822502,24.412754974365235,-1.5023619525051046,-1.40706789379599,48.18477769983872,1.411928313119071,1.0848635838205327,35.89835455648766,-1.3806789728114772,50.39339377744251,39.38994339485663,-1.380920847399409,53.151549901345355,41.37198818996781,-1.3783507823370655,56.25174641222433,0
2022-05-10 00:00:00+00:00,17.68899917602539,18.197999954223636,17.024999618530273,17.594999313354492,761474000,18.827700042724608,22.84669998168945,34.14633083791435,19.854650020599365,22.883167887891283,16.826132153307448,0.03805301011108542,24.404259967803956,-1.5291238106079703,-1.431479077158386,46.86350765171661,1.3960711615426202,1.0688986996755436,28.71856915084595,-1.5023619525051046,48.18477769983872,35.89835455648766,-1.3806789728114772,50.39339377744251,39.38994339485663,-1.380920847399409,53.151549901345355,1
2022-05-11 00:00:00+00:00,17.347000122070312,17.753000259399414,16.56800079345703,16.6299991607666,670167000,18.649199867248534,22.709759979248048,35.10271376228141,19.610949993133545,22.857222250298637,16.364677735968456,-0.054845137268943356,24.39136996269226,-1.6096452351330939,-1.4671123087533275,44.89189755927027,1.3098568235124866,1.0715233829787332,34.14633083791435,-1.5291238106079703,46.86350765171661,28.71856915084595,-1.5023619525051046,48.18477769983872,35.89835455648766,-1.3806789728114772,50.39339377744251,1
2022-05-12 00:00:00+00:00,16.2189998626709,16.788000106811523,15.56700038909912,16.174999237060547,708728000,18.28849983215332,22.548859977722167,35.74111247076358,19.30954999923706,22.6601837733135,15.95891622516062,-0.02736018921633432,24.374729957580566,-1.6906845760665519,-1.5118267622159725,43.32628306045351,1.326642513275147,1.0784351311873428,35.10271376228141,-1.6096452351330939,44.89189755927027,34.14633083791435,-1.5291238106079703,46.86350765171661,28.71856915084595,-1.5023619525051046,48.18477769983872,1
2022-05-13 00:00:00+00:00,16.788000106811523,17.92799949645996,16.593000411987305,17.70599937438965,670437000,18.20439968109131,22.428699951171875,41.45923225616644,19.131949996948244,22.42376220020533,15.840137793691152,0.09465225406757583,24.364949951171877,-1.6127788114147599,-1.53201717205573,39.806087308334845,1.3912140301295695,1.0804555566399077,35.74111247076358,-1.6906845760665519,43.32628306045351,35.10271376228141,-1.6096452351330939,44.89189755927027,34.14633083791435,-1.5291238106079703,46.86350765171661,0
2022-05-16 00:00:00+00:00,17.509000778198242,17.788000106811523,17.106000900268555,17.263999938964844,521446000,17.977499580383302,22.31525993347168,43.74589166021308,18.90599994659424,22.048617989982755,15.763381903205724,-0.024963258276407885,24.35377494812012,-1.56862149992471,-1.539338037629526,36.042958662388735,1.3519282341003422,1.0398690033117128,41.45923225616644,-1.6127788114147599,39.806087308334845,35.74111247076358,-1.6906845760665519,43.32628306045351,35.10271376228141,-1.6096452351330939,44.89189755927027,0
2022-05-17 00:00:00+00:00,18.073999404907227,18.371000289916992,17.634000778198242,18.177000045776367,585830000,17.834999656677248,22.25175994873047,49.06475559946677,18.70494995117188,21.45016525606228,15.959734646281476,0.05288462175853481,24.345909948349,-1.4433173698672022,-1.5201339040770614,31.71200946339027,1.3683569090706966,1.0417942315523734,43.74589166021308,-1.56862149992471,36.042958662388735,41.45923225616644,-1.6127788114147599,39.806087308334845,35.74111247076358,-1.6906845760665519,43.32628306045351,0
2022-05-18 00:00:00+00:00,17.704999923706055,18.118000030517575,16.86400032043457,16.937999725341797,545161000,17.49539966583252,22.16023994445801,38.71069782851996,18.47774991989136,20.99817973606976,15.95732010371296,-0.06816308066866439,24.33152494430542,-1.4275341896019142,-1.501613961182032,30.489491305899172,1.3462854794093546,1.0743595639383081,49.06475559946677,-1.4433173698672022,31.71200946339027,43.74589166021308,-1.56862149992471,36.042958662388735,41.45923225616644,-1.6127788114147599,39.806087308334845,0
2022-05-19 00:00:00+00:00,16.937000274658203,17.687000274658203,16.733999252319336,17.124000549316406,621310000,17.32339973449707,22.04243995666504,43.838223362193816,18.324799919128417,20.77993735634922,15.869662481907614,0.01098127447105357,24.31577494621277,-1.3840625816171546,-1.4781036852690568,29.820211713463628,1.2992855480739054,1.0569499859519105,38.71069782851996,-1.4275341896019142,30.489491305899172,49.06475559946677,-1.4433173698672022,31.71200946339027,43.74589166021308,-1.56862149992471,36.042958662388735,0
2022-05-20 00:00:00+00:00,17.332000732421875,17.40999984741211,15.755000114440918,16.694000244140625,739105000,17.125299835205077,21.923159942626956,37.08488128656432,18.183749961853028,20.67485435488504,15.692645568821014,-0.02511097240025184,24.296059951782226,-1.36853285518594,-1.4561895192524335,30.561231644142172,1.332999910627093,1.1050459994255557,43.838223362193816,-1.3840625816171546,29.820211713463628,38.71069782851996,-1.4275341896019142,30.489491305899172,49.06475559946677,-1.4433173698672022,31.71200946339027,1
2022-05-23 00:00:00+00:00,16.27400016784668,16.915000915527344,16.179000854492188,16.898000717163086,639889000,17.120099830627442,21.81911994934082,37.848289146249726,18.03354997634888,20.449556727653466,15.617543225044288,0.012219987422970258,24.278719959259032,-1.324496332582079,-1.4298508819183626,31.71317583731883,1.336142676217216,1.045491070039149,37.08488128656432,-1.36853285518594,30.561231644142172,43.838223362193816,-1.3840625816171546,29.820211713463628,38.71069782851996,-1.4275341896019142,30.489491305899172,1
2022-05-24 00:00:00+00:00,16.510000228881836,16.597000122070312,15.779999732971191,16.15399932861328,588550000,16.97599983215332,21.715599937438967,31.23540975970629,17.901849937438964,20.4292904397,15.37440943517793,-0.044028959461111405,24.25801495552063,-1.3342513463513228,-1.4107309748049548,34.146738146937096,1.298214163099017,1.0517744235059812,37.848289146249726,-1.324496332582079,31.71317583731883,37.08488128656432,-1.36853285518594,30.561231644142172,43.838223362193816,-1.3840625816171546,29.820211713463628,1
2022-05-25 00:00:00+00:00,16.020000457763672,17.111000061035156,16.0,16.975000381469727,781132000,17.010499954223633,21.595639953613283,41.07364998946941,17.829849910736083,20.37770079811107,15.281999023361095,0.05082339278064851,24.243209953308106,-1.2611960583774042,-1.3808239915194447,35.394168270263656,1.2465713364737379,1.0694375038146973,31.23540975970629,-1.3342513463513228,34.146738146937096,37.848289146249726,-1.324496332582079,31.71317583731883,37.08488128656432,-1.36853285518594,30.561231644142172,1
2022-05-26 00:00:00+00:00,16.035999298095703,18.09199905395508,16.02199935913086,17.85099983215332,996575000,17.17810001373291,21.462739944458008,46.31353184935838,17.733299922943115,20.11029296543416,15.356306880452069,0.05160526839456536,24.233969955444337,-1.119706106680887,-1.3286004145517332,34.810560689299116,1.2857142175946923,1.1291973397592567,41.07364998946941,-1.2611960583774042,35.394168270263656,31.23540975970629,-1.3342513463513228,34.146738146937096,37.848289146249726,-1.324496332582079,31.71317583731883,1
2022-05-27 00:00:00+00:00,18.18600082397461,18.881000518798828,18.100000381469727,18.81100082397461,738379000,17.288600158691406,21.343639945983888,58.93765970902636,17.746499919891356,20.145350557714163,15.347649282068549,0.053778555870698685,24.22849995613098,-0.9195106966687447,-1.2467824709751356,31.866166705080786,1.2272857257298067,1.0431491779485633,46.31353184935838,-1.119706106680887,34.810560689299116,41.07364998946941,-1.2611960583774042,35.394168270263656,31.23540975970629,-1.3342513463513228,34.146738146937096,1
2022-05-31 00:00:00+00:00,18.979999542236328,19.200000762939453,18.350000381469727,18.67200088500977,664100000,17.4294002532959,21.18801998138428,55.43665362044646,17.7034499168396,19.99584929795244,15.411050535726762,-0.007389289930160747,24.220919961929322,-0.7632720008026546,-1.1500803769406396,28.82699179225287,1.1988572393144885,1.046321545711142,58.93765970902636,-0.9195106966687447,31.866166705080786,46.31353184935838,-1.119706106680887,34.810560689299116,41.07364998946941,-1.2611960583774042,35.394168270263656,1
2022-06-01 00:00:00+00:00,18.724000930786133,19.05299949645996,18.121999740600582,18.31999969482422,544514000,17.443700218200682,21.01973999023437,59.09384161995629,17.639349937438965,19.7745274189525,15.504172455925431,-0.018851819489155153,24.212769956588744,-0.6602443767536776,-1.0521131769032472,26.428559126986038,1.1807144028799879,1.051374007790849,55.43665362044646,-0.7632720008026546,28.82699179225287,58.93765970902636,-0.9195106966687447,31.866166705080786,46.31353184935838,-1.119706106680887,34.810560689299116,1
2022-06-02 00:00:00+00:00,18.29199981689453,19.61899948120117,18.197999954223636,19.59199905395508,648656000,17.70910015106201,20.881099967956544,66.90077225977967,17.602249908447266,19.558580631299808,15.645919185594725,0.06943228058514817,24.213439950942995,-0.47053054149400353,-0.9357966498213985,25.296189529072187,1.195000103541783,1.0780854781048468,59.09384161995629,-0.6602443767536776,26.428559126986038,55.43665362044646,-0.7632720008026546,28.82699179225287,58.93765970902636,-0.9195106966687447,31.866166705080786,0
2022-06-03 00:00:00+00:00,19.082000732421875,19.332000732421875,18.52199935913086,18.71999931335449,598779000,17.86870002746582,20.742819938659668,55.36507644326681,17.596049880981447,19.536532403076027,15.655567358886866,-0.044507951342747765,24.21183994293213,-0.38609340723311547,-0.825856001303742,25.060790280239626,1.1462143489292693,1.0437318540825726,66.90077225977967,-0.47053054149400353,25.296189529072187,59.09384161995629,-0.6602443767536776,26.428559126986038,55.43665362044646,-0.7632720008026546,28.82699179225287,0
2022-06-06 00:00:00+00:00,19.138999938964844,19.33699989318848,18.56399917602539,18.785999298095703,422406000,18.077899932861328,20.555539932250976,58.38659080437349,17.601599884033202,19.55566317233455,15.647536595731854,0.0035256403398546965,24.20677993774414,-0.31027407639713545,-0.7227396163224208,25.154638935949894,1.1527144568307064,1.0416397732963374,55.36507644326681,-0.38609340723311547,25.060790280239626,66.90077225977967,-0.47053054149400353,25.296189529072187,59.09384161995629,-0.6602443767536776,26.428559126986038,0
2022-06-07 00:00:00+00:00,18.472000122070312,19.0,18.1879997253418,18.926000595092773,388914000,18.280699920654296,20.380219955444336,54.511504513434616,17.70039987564087,19.714636202222504,15.686163549059234,0.007452427458104927,24.1973299407959,-0.23616738522504832,-0.6254251701029463,25.13224727801486,1.13164302280971,1.0446448365361924,58.38659080437349,-0.31027407639713545,25.154638935949894,55.36507644326681,-0.38609340723311547,25.060790280239626,66.90077225977967,-0.47053054149400353,25.296189529072187,0
2022-06-08 00:00:00+00:00,18.798999786376957,19.18000030517578,18.53499984741211,18.64800071716309,363252000,18.53010005950928,20.18879997253418,61.648498795694806,17.7530499458313,19.810275997442258,15.695823894220345,-0.014688780999075113,24.180779943466188,-0.1975918495236435,-0.5398585059870857,24.778748710047175,1.0839287894112726,1.034799053848049,54.511504513434616,-0.23616738522504832,25.13224727801486,58.38659080437349,-0.31027407639713545,25.154638935949894,55.36507644326681,-0.38609340723311547,25.060790280239626,0
2022-06-09 00:00:00+00:00,18.481000900268555,18.933000564575195,18.041000366210938,18.04800033569336,395574000,18.63740005493164,19.976639976501463,55.958209563204186,17.823950004577636,19.814880317684025,15.833019691471248,-0.03217505139398169,24.162054948806762,-0.21298037079193932,-0.4744828789480565,23.673358725343643,1.0795715876988006,1.049442945527283,61.648498795694806,-0.1975918495236435,24.778748710047175,54.511504513434616,-0.23616738522504832,25.13224727801486,58.38659080437349,-0.31027407639713545,25.154638935949894,0
2022-06-10 00:00:00+00:00,17.600000381469727,17.69700050354004,16.868999481201172,16.974000930786133,465248000,18.54970016479492,19.76231998443604,51.66706677510855,17.863900089263915,19.74452267874595,15.98327749978188,-0.059507944643772404,24.13585995674133,-0.30828494401990625,-0.44124329196242645,21.787964898832094,1.0455716678074432,1.04908418091195,55.958209563204186,-0.21298037079193932,23.673358725343643,61.648498795694806,-0.1975918495236435,24.778748710047175,54.511504513434616,-0.23616738522504832,25.13224727801486,0
2022-06-13 00:00:00+00:00,16.0,16.312000274658203,15.605999946594238,15.647000312805176,604153000,18.233300113677977,19.529540004730222,43.43031304561919,17.760950136184693,19.88733869381785,15.63456157855154,-0.07817842260006869,24.103754954338072,-0.4852981496184192,-0.45005426349362504,19.34581140528977,1.0907145908900673,1.0452390318134044,51.66706677510855,-0.30828494401990625,21.787964898832094,55.958209563204186,-0.21298037079193932,23.673358725343643,61.648498795694806,-0.1975918495236435,24.778748710047175,0
2022-06-14 00:00:00+00:00,15.730999946594238,16.06599998474121,15.411999702453612,15.836000442504885,469680000,17.94970006942749,19.312020015716552,48.22664083826302,17.689550161361694,19.97606772087139,15.403032601851995,0.01207900082580271,24.06975495815277,-0.6033763128934204,-0.48071867337358415,15.913125610894474,1.057571683611189,1.042434485784702,43.43031304561919,-0.4852981496184192,19.34581140528977,51.66706677510855,-0.30828494401990625,21.787964898832094,55.958209563204186,-0.21298037079193932,23.673358725343643,1
2022-06-15 00:00:00+00:00,16.094999313354492,16.868000030517578,15.925999641418455,16.527000427246094,563936000,17.77040014266968,19.09536001205444,47.46491718491304,17.60705018043518,19.938147128888204,15.27595323198216,0.043634754068743176,24.038949961662293,-0.6338891051335871,-0.5113527597255847,13.032248303581664,1.051928792681013,1.059148587863162,48.22664083826302,-0.6033763128934204,15.913125610894474,43.43031304561919,-0.4852981496184192,19.34581140528977,51.66706677510855,-0.30828494401990625,21.787964898832094,1
2022-06-16 00:00:00+00:00,15.859999656677246,15.94200038909912,15.401000022888184,15.60099983215332,545749000,17.371300220489502,18.888760013580324,37.33964035996201,17.540200185775756,20.02377963667128,15.05662073488023,-0.056029561998811706,24.00502995967865,-0.7244403248148075,-0.5539702727434292,13.196886311810248,0.9845002719334194,1.0351276128437716,47.46491718491304,-0.6338891051335871,13.032248303581664,48.22664083826302,-0.6033763128934204,15.913125610894474,43.43031304561919,-0.4852981496184192,19.34581140528977,1
2022-06-17 00:00:00+00:00,15.64799976348877,15.994999885559082,15.32800006866455,15.880000114440918,630334000,17.087300300598145,18.718220024108888,32.13894140908268,17.478000164031982,20.065600475139096,14.890399852924867,0.017883487294999112,23.97222496032715,-0.7648728496268404,-0.5961507881201115,15.689750135593389,0.9585716383797782,1.0435151235586237,37.33964035996201,-0.7244403248148075,13.196886311810248,47.46491718491304,-0.6338891051335871,13.032248303581664,48.22664083826302,-0.6033763128934204,15.913125610894474,1
2022-06-21 00:00:00+00:00,16.475000381469727,17.007999420166016,16.406999588012695,16.56599998474121,483089000,16.865300369262695,18.565380020141603,37.968462941613616,17.471600151062013,20.06798335435053,14.87521694777349,0.043198983964519044,23.943074960708618,-0.7331106175937734,-0.6235427540148438,16.921873309886337,0.978428704398019,1.0366306970954289,32.13894140908268,-0.7648728496268404,15.689750135593389,37.33964035996201,-0.7244403248148075,13.196886311810248,47.46491718491304,-0.6338891051335871,13.032248303581664,1
2022-06-22 00:00:00+00:00,16.22599983215332,16.66200065612793,16.18000030517578,16.360000610351562,437135000,16.608700370788576,18.43020004272461,38.61260237370244,17.444700145721434,20.077005210413084,14.812395081029784,-0.012435070299371742,23.91065996170044,-0.7163041395409024,-0.6420950311200556,17.929115514339422,0.9463573183332168,1.0297898851582816,37.968462941613616,-0.7331106175937734,16.921873309886337,32.13894140908268,-0.7648728496268404,15.689750135593389,37.33964035996201,-0.7244403248148075,13.196886311810248,1
2022-06-23 00:00:00+00:00,16.518999099731445,16.584999084472656,15.852999687194824,16.225000381469727,463680000,16.36640033721924,18.316360054016112,27.460182925645853,17.448250198364256,20.07340780316732,14.823092593561196,-0.008251847423307312,23.87847496032715,-0.7057429098713541,-0.6548246068703153,18.39347883689955,0.8971430233546668,1.0461741885902578,38.61260237370244,-0.7163041395409024,17.929115514339422,37.968462941613616,-0.7331106175937734,16.921873309886337,32.13894140908268,-0.7648728496268404,15.689750135593389,0
2022-06-24 00:00:00+00:00,16.5,17.139999389648438,16.309999465942383,17.125999450683594,472153000,16.274200248718262,18.228800048828123,39.37050127292227,17.455800151824953,20.076090985703303,14.835509317946602,0.05553152838399211,23.852409954071046,-0.6175512183140874,-0.6473699291590698,18.98161492425897,0.8860715457371303,1.0508890221265312,27.460182925645853,-0.7057429098713541,18.39347883689955,38.61260237370244,-0.7163041395409024,17.929115514339422,37.968462941613616,-0.7331106175937734,16.921873309886337,0
2022-06-27 00:00:00+00:00,17.312000274658203,17.329999923706055,16.625999450683594,16.868999481201172,427968000,16.263700103759767,18.122120056152344,37.53414262718943,17.406700134277344,20.032606504607088,14.7807937639476,-0.015006421681986182,23.82586995124817,-0.5619189650206486,-0.6302797363313856,19.337706332644533,0.8811429568699426,1.042343347544951,39.37050127292227,-0.6175512183140874,18.98161492425897,27.460182925645853,-0.7057429098713541,18.39347883689955,38.61260237370244,-0.7163041395409024,17.929115514339422,0
2022-06-28 00:00:00+00:00,16.899999618530273,17.20199966430664,15.94499969482422,15.982000350952148,461149000,16.29720010757446,18.016600074768068,32.550968336787705,17.26525011062622,19.87739269253144,14.653107528721003,-0.052581608721815165,23.793389949798584,-0.5826865722320314,-0.6207611035115147,20.987109263974837,0.9129286493573868,1.0788334897171836,37.53414262718943,-0.5619189650206486,19.337706332644533,39.37050127292227,-0.6175512183140874,18.98161492425897,27.460182925645853,-0.7057429098713541,18.39347883689955,0
2022-06-29 00:00:00+00:00,15.814000129699709,15.81999969482422,15.170000076293944,15.541999816894531,482352000,16.267800045013427,17.89178005218506,31.937653788032733,17.10875005722046,19.74099627123853,14.47650384320239,-0.02753100515552198,23.760339946746825,-0.6274169444480293,-0.6220922716988176,22.033245687364815,0.9248572077069964,1.0428477004127394,32.550968336787705,-0.5826865722320314,20.987109263974837,37.53414262718943,-0.5619189650206486,19.337706332644533,39.37050127292227,-0.6175512183140874,18.98161492425897,0
2022-06-30 00:00:00+00:00,15.361000061035156,15.56700038909912,14.862000465393066,15.159000396728516,686070000,16.13100004196167,17.751000061035157,32.76458407344283,16.950700092315675,19.65532470287185,14.246075481759496,-0.024642866084047088,23.724924945831297,-0.6858647175142849,-0.6348467608619112,23.524684042660446,0.9115000452314103,1.0474364083992382,31.937653788032733,-0.6274169444480293,22.033245687364815,32.550968336787705,-0.5826865722320314,20.987109263974837,37.53414262718943,-0.5619189650206486,19.337706332644533,0
2022-07-01 00:00:00+00:00,14.89900016784668,15.062999725341797,14.392000198364258,14.52299976348877,577610000,16.023200035095215,17.61182004928589,34.571313000527454,16.69725012779236,19.30810817753752,14.0863920780472,-0.04195531476976555,23.685834946632387,-0.7745761034227634,-0.6627926293740816,24.848665731606353,0.8820714269365582,1.0466230904481089,32.76458407344283,-0.6858647175142849,23.524684042660446,31.937653788032733,-0.6274169444480293,22.033245687364815,32.550968336787705,-0.5826865722320314,20.987109263974837,1
2022-07-05 00:00:00+00:00,14.175000190734863,14.970999717712402,14.05500030517578,14.96399974822998,651397000,15.93159999847412,17.507440032958986,45.16082867104517,16.509450149536132,19.04700055617121,13.971899742901057,0.03036562638043261,23.649444942474364,-0.8000727619366863,-0.6902486558866026,25.708403216235443,0.849785600389753,1.065172493251338,34.571313000527454,-0.7745761034227634,24.848665731606353,32.76458407344283,-0.6858647175142849,23.524684042660446,31.937653788032733,-0.6274169444480293,22.033245687364815,1
2022-07-06 00:00:00+00:00,15.010000228881836,15.319000244140623,14.788999557495115,15.130000114440918,529066000,15.788000011444092,17.419740047454834,44.98151561014756,16.326650190353394,18.69476779440712,13.958532586299672,0.01109331522346313,23.61559494495392,-0.7976889436736521,-0.7117367134440126,26.1464542173294,0.8409284864153179,1.0358374942527402,45.16082867104517,-0.8000727619366863,25.708403216235443,34.571313000527454,-0.7745761034227634,24.848665731606353,32.76458407344283,-0.6858647175142849,23.524684042660446,1
2022-07-07 00:00:00+00:00,15.456000328063965,15.94499969482422,15.388999938964844,15.857999801635742,492903000,15.73779993057251,17.338860034942627,45.26940527184644,16.17325015068054,18.206152607930026,14.140347693431057,0.04811630414331458,23.589319939613343,-0.7286567583788273,-0.7151207224309756,27.093563745276047,0.8254284858703614,1.036129687313312,44.98151561014756,-0.7976889436736521,26.1464542173294,45.16082867104517,-0.8000727619366863,25.708403216235443,34.571313000527454,-0.7745761034227634,24.848665731606353,0
2022-07-08 00:00:00+00:00,15.43000030517578,16.03700065612793,15.388999938964844,15.838000297546388,467972000,15.699099922180176,17.279860038757324,51.922145500272336,16.032750129699707,17.701249984317982,14.364250275081432,-0.0012611618324834817,23.56227993965149,-0.6678633342332692,-0.7056692447914343,25.82708759735732,0.7912856510707311,1.0421080459895482,45.26940527184644,-0.7286567583788273,27.093563745276047,44.98151561014756,-0.7976889436736521,26.1464542173294,45.16082867104517,-0.8000727619366863,25.708403216235443,0
2022-07-11 00:00:00+00:00,15.526000022888184,15.527000427246094,15.038000106811523,15.152000427246094,437321000,15.501700019836424,17.2146000289917,44.46135157988281,15.887950134277345,17.303549821612346,14.47235044694234,-0.04331354068774507,23.528334941864014,-0.667345816829986,-0.6980045591991447,23.823455625203902,0.8007856777736121,1.0325176431015635,51.922145500272336,-0.6678633342332692,25.82708759735732,45.26940527184644,-0.7286567583788273,27.093563745276047,44.98151561014756,-0.7976889436736521,26.1464542173294,1
2022-07-12 00:00:00+00:00,15.267999649047852,15.430999755859377,14.876999855041504,15.08199977874756,458483000,15.323000049591064,17.120600032806397,37.54196944686715,15.793350076675416,17.155213968184672,14.431486185166158,-0.004619894833995608,23.49133493900299,-0.6649193712594315,-0.6913875216112021,24.46265820081765,0.7597857202802389,1.037238684292259,44.46135157988281,-0.667345816829986,23.823455625203902,51.922145500272336,-0.6678633342332692,25.82708759735732,45.26940527184644,-0.7286567583788273,27.093563745276047,1
2022-07-13 00:00:00+00:00,14.59000015258789,15.375,14.46500015258789,15.163999557495115,521918000,15.24119997024536,17.052940006256105,39.74621661689529,15.769200038909911,17.15883818312782,14.379561894692,0.005436930112086458,23.456749939918517,-0.6488995882911368,-0.6828899349471891,25.258599048696006,0.7903571128845218,1.0629104623444683,37.54196944686715,-0.6649193712594315,24.46265820081765,44.46135157988281,-0.667345816829986,23.823455625203902,51.922145500272336,-0.6678633342332692,25.82708759735732,1
2022-07-14 00:00:00+00:00,15.107999801635742,15.472999572753906,14.727999687194824,15.371999740600586,456235000,15.224199962615966,16.969719982147218,42.77730044703998,15.746000003814697,17.146393803080034,14.34560620454936,0.013716709916590686,23.425309939384462,-0.6123610019766108,-0.6687841483530734,24.5868547205988,0.7912857191903254,1.0505839150856866,39.74621661689529,-0.6488995882911368,25.258599048696006,37.54196944686715,-0.6649193712594315,24.46265820081765,44.46135157988281,-0.667345816829986,23.823455625203902,1
2022-07-15 00:00:00+00:00,15.659000396728516,15.781999588012695,15.44499969482422,15.76200008392334,385935000,15.28449993133545,16.892919998168946,37.35632783411796,15.70774998664856,17.059261524987303,14.356238448309815,0.025370826821749404,23.40062494277954,-0.5456442929810574,-0.6441561772786702,25.11351312453682,0.7552143505641397,1.0218193525313832,42.77730044703998,-0.6123610019766108,24.5868547205988,39.74621661689529,-0.6488995882911368,25.258599048696006,37.54196944686715,-0.6649193712594315,24.46265820081765,1
2022-07-18 00:00:00+00:00,16.302000045776367,16.89699935913086,16.00200080871582,16.10099983215332,670517000,15.442299938201904,16.80826000213623,42.98758516628869,15.73274998664856,17.09440696310295,14.37109301019417,0.021507406828131348,23.378544940948487,-0.46011248359034695,-0.6073474385410056,24.395705945855642,0.7859999792916438,1.0559304152720428,37.35632783411796,-0.5456442929810574,25.11351312453682,42.77730044703998,-0.6123610019766108,24.5868547205988,39.74621661689529,-0.6488995882911368,25.258599048696006,1
2022-07-19 00:00:00+00:00,16.486000061035156,17.110000610351562,16.172000885009766,16.992000579833984,702366000,15.645100021362303,16.771220016479493,59.21532811782678,15.788350009918211,17.26156513922619,14.315134880610238,0.05533822476672268,23.3599249458313,-0.31677995238845114,-0.5492339413104947,22.418435285803383,0.768285751342774,1.0580014638888162,42.98758516628869,-0.46011248359034695,24.395705945855642,37.35632783411796,-0.5456442929810574,25.11351312453682,42.77730044703998,-0.6123610019766108,24.5868547205988,1
2022-07-20 00:00:00+00:00,16.94700050354004,17.933000564575195,16.801000595092773,17.80699920654297,760538000,15.91279993057251,16.75386001586914,69.3424386569919,15.8503999710083,17.54884660026569,14.15195334175091,0.04796366518938444,23.345249938964844,-0.1358582217960631,-0.4665587974076084,21.748475651271132,0.7911428724016466,1.0673769376457884,59.21532811782678,-0.31677995238845114,22.418435285803383,42.98758516628869,-0.46011248359034695,24.395705945855642,37.35632783411796,-0.5456442929810574,25.11351312453682,0
2022-07-21 00:00:00+00:00,17.885000228881836,18.143999099731445,17.545000076293945,18.049999237060547,557049000,16.13199987411499,16.775859985351563,75.29307754281439,15.93489990234375,17.889013720919408,13.980786083768091,0.013646321185227572,23.336839933395385,0.02682243249049776,-0.3678825514279872,21.88138708456965,0.7835713795253214,1.0341407250403403,69.3424386569919,-0.1358582217960631,21.748475651271132,59.21532811782678,-0.31677995238845114,22.418435285803383,42.98758516628869,-0.46011248359034695,24.395705945855642,0
2022-07-22 00:00:00+00:00,17.89299964904785,17.966999053955078,17.136999130249023,17.319000244140625,536671000,16.280099868774414,16.770340003967284,74.06197243207531,15.989599895477294,18.03692922434256,13.942270566612027,-0.04049856087633641,23.321179933547974,0.09565980684116582,-0.27517407977415664,22.555986839361474,0.7939999444144118,1.0484332126878035,75.29307754281439,0.02682243249049776,21.88138708456965,69.3424386569919,-0.1358582217960631,21.748475651271132,59.21532811782678,-0.31677995238845114,22.418435285803383,1
2022-07-25 00:00:00+00:00,17.018999099731445,17.124000549316406,16.64900016784668,17.02400016784668,480748000,16.46729984283447,16.778220024108887,68.18503643545279,15.98449993133545,18.02038625536041,13.948613607310488,-0.01703332017642012,23.302799930572508,0.12496931277517476,-0.19514540126429036,23.674760548178995,0.7764285632542205,1.0285302646814234,74.06197243207531,0.09565980684116582,22.555986839361474,75.29307754281439,0.02682243249049776,21.88138708456965,69.3424386569919,-0.1358582217960631,21.748475651271132,1
2022-07-26 00:00:00+00:00,16.888999938964844,16.91900062561035,16.47800064086914,16.533000946044922,397865000,16.612399959564208,16.785380058288574,61.7131526696443,15.967700004577637,17.978242036720616,13.95715797243466,-0.028841589342151863,23.280089931488035,0.10734042009797662,-0.13464823699183698,24.811111631561424,0.7775713375636514,1.0267629547026131,68.18503643545279,0.12496931277517476,23.674760548178995,74.06197243207531,0.09565980684116582,22.555986839361474,75.29307754281439,0.02682243249049776,21.88138708456965,1
2022-07-27 00:00:00+00:00,17.031999588012695,17.93600082397461,16.913000106811523,17.790000915527344,569776000,16.875000095367433,16.78706008911133,64.82051076461354,16.058100032806397,18.227648096702172,13.888551968910615,0.07602975246808574,23.264884939193724,0.19257885878425895,-0.06920281783661779,26.07818240931801,0.8195713588169645,1.0604860586946419,61.7131526696443,0.10734042009797662,24.811111631561424,68.18503643545279,0.12496931277517476,23.674760548178995,74.06197243207531,0.09565980684116582,22.555986839361474,1
2022-07-28 00:00:00+00:00,17.975000381469727,18.13999938964844,17.440000534057617,17.983999252319336,474646000,17.136200046539308,16.80146007537842,66.03407093020489,16.180200004577635,18.497299807807465,13.863100201347804,0.010904908758192722,23.2513299369812,0.27264213124513503,-0.0008338280202672202,28.088080777828846,0.823285511561803,1.040137547829992,64.82051076461354,0.19257885878425895,26.07818240931801,61.7131526696443,0.10734042009797662,24.811111631561424,68.18503643545279,0.12496931277517476,23.674760548178995,1
2022-07-29 00:00:00+00:00,17.812999725341797,18.24399948120117,17.691999435424805,18.163000106811523,435460000,17.376300048828124,16.80118007659912,74.34115495633296,16.330399990081787,18.75570372622204,13.905096253941537,0.009953339742777345,23.23878993988037,0.34654200397317325,0.06864133837842087,30.405807673764937,0.8055712154933385,1.031200546201188,66.03407093020489,0.27264213124513503,28.088080777828846,64.82051076461354,0.19257885878425895,26.07818240931801,61.7131526696443,0.10734042009797662,24.811111631561424,1
2022-08-01 00:00:00+00:00,18.18199920654297,18.84600067138672,17.989999771118164,18.44099998474121,476469000,17.610300064086914,16.831240081787108,76.27093613034182,16.52630000114441,18.969781855997248,14.082818146291574,0.015305834735167556,23.22629994392395,0.4226681964698926,0.13944670999671524,31.73297537709858,0.8271427154541016,1.0475820406425358,74.34115495633296,0.34654200397317325,30.405807673764937,66.03407093020489,0.27264213124513503,28.088080777828846,64.82051076461354,0.19257885878425895,26.07818240931801,1
2022-08-02 00:00:00+00:00,18.121999740600582,18.9379997253418,18.09199905395508,18.525999069213867,489527000,17.7636999130249,16.85928005218506,76.28206351629895,16.704399967193602,19.18735191601214,14.221448018375064,0.0046092448643233475,23.210199937820434,0.4842750469426953,0.20841237738591128,33.72242069430093,0.8225713457380023,1.0467610388914859,76.27093613034182,0.4226681964698926,31.73297537709858,74.34115495633296,0.34654200397317325,30.405807673764937,66.03407093020489,0.27264213124513503,28.088080777828846,1
2022-08-03 00:00:00+00:00,18.18400001525879,18.968000411987305,18.136999130249023,18.89299964904785,418146000,17.87229995727539,16.903260040283204,76.85737447427857,16.89254994392395,19.442563966666228,14.342535921181671,0.019810029054997624,23.19535493850708,0.5563001179615021,0.27798992550102947,36.13496863553975,0.828714302607945,1.045818014092107,76.28206351629895,0.4842750469426953,33.72242069430093,76.27093613034182,0.4226681964698926,31.73297537709858,74.34115495633296,0.34654200397317325,30.405807673764937,0
2022-08-04 00:00:00+00:00,18.849000930786133,19.27400016784668,18.76000022888184,19.21500015258789,409652000,17.988800048828125,16.9496000289917,76.61478226826415,17.060399961471557,19.761168784130287,14.359631138812828,0.017043376357457785,23.180319938659668,0.6320770642790166,0.34880735325662693,38.10550621911642,0.8361428805759973,1.0273987170945507,76.85737447427857,0.5563001179615021,36.13496863553975,76.28206351629895,0.4842750469426953,33.72242069430093,76.27093613034182,0.4226681964698926,31.73297537709858,0
2022-08-05 00:00:00+00:00,18.809999465942383,19.22900009155273,18.666000366210938,18.98900032043457,386068000,18.15580005645752,17.006300048828123,72.65454948067065,17.217949962615968,19.98527896015252,14.450620965079418,-0.01176163571993949,23.163814935684204,0.6662148325978414,0.41228884912486985,40.70113780066812,0.7952857698713025,1.030161776186447,76.61478226826415,0.6320770642790166,38.10550621911642,76.85737447427857,0.5563001179615021,36.13496863553975,76.28206351629895,0.4842750469426953,33.72242069430093,0
2022-08-08 00:00:00+00:00,17.50200080871582,18.23900032043457,17.242000579833984,17.792999267578125,981859000,18.232699966430665,17.022660026550295,55.99639948162587,17.34999990463257,19.94918244554169,14.750817363723446,-0.0629838871280336,23.14226492881775,0.589961264157111,0.44782333213131814,41.64591121759504,0.8479999814714699,1.0578239013497461,72.65454948067065,0.6662148325978414,40.70113780066812,76.61478226826415,0.6320770642790166,38.10550621911642,76.85737447427857,0.5563001179615021,36.13496863553975,1
2022-08-09 00:00:00+00:00,17.25200080871582,17.44700050354004,16.724000930786133,17.086000442504883,668263000,18.28799991607666,17.007360038757323,44.51377973611758,17.450199937820436,19.826170970187032,15.07422890545384,-0.03973466274241433,23.11423493385315,0.4670964679181395,0.4516779592886825,40.32332974174505,0.8434998648507249,1.0432312564287762,55.99639948162587,0.589961264157111,41.64591121759504,72.65454948067065,0.6662148325978414,40.70113780066812,76.61478226826415,0.6320770642790166,38.10550621911642,1
2022-08-10 00:00:00+00:00,17.697999954223633,18.118000030517575,17.316999435424805,18.097000122070312,597422000,18.31869983673096,16.993080024719237,50.32021327800054,17.596849966049195,19.72814044887241,15.465559483225984,0.05917123103019262,23.091089935302733,0.44616138583962694,0.4505746445988714,37.712999840520204,0.8744284766060958,1.04625516089434,44.51377973611758,0.4670964679181395,40.32332974174505,55.99639948162587,0.589961264157111,41.64591121759504,72.65454948067065,0.6662148325978414,40.70113780066812,1
2022-08-11 00:00:00+00:00,18.131000518798828,18.707000732421875,17.875999450683594,17.941999435424805,509327000,18.314499855041504,16.97847999572754,54.605939095127454,17.725349950790406,19.58434348376421,15.8663564178166,-0.008564993402220056,23.064969930648804,0.4123100686287344,0.4429217294048441,35.943491734676044,0.8685714176722927,1.0464869829533645,50.32021327800054,0.44616138583962694,37.712999840520204,44.51377973611758,0.4670964679181395,40.32332974174505,55.99639948162587,0.589961264157111,41.64591121759504,1
2022-08-12 00:00:00+00:00,18.15999984741211,18.718000411987305,17.952999114990234,18.708999633789062,478094000,18.369099807739257,16.986259994506835,61.64478070495724,17.87269992828369,19.533004543395887,16.212395313171495,0.042748869830521175,23.034929933547975,0.4422748921235744,0.4427923619485902,35.13598678187086,0.8761429105486181,1.0426113370861985,54.605939095127454,0.4123100686287344,35.943491734676044,50.32021327800054,0.44616138583962694,37.712999840520204,44.51377973611758,0.4670964679181395,40.32332974174505,0
2022-08-15 00:00:00+00:00,18.701000213623047,19.16399955749512,18.613000869750977,19.03199958801269,457666000,18.428199768066406,16.975060005187988,67.6807615792427,18.01924991607666,19.53196241271452,16.5065374194388,0.017264416085629675,23.00783493041992,0.48647781409179913,0.45152945237723197,35.56627855182989,0.8764999934605184,1.0296028937837531,61.64478070495724,0.4422748921235744,35.13598678187086,54.605939095127454,0.4123100686287344,35.943491734676044,50.32021327800054,0.44616138583962694,37.712999840520204,0
2022-08-16 00:00:00+00:00,18.920000076293945,19.142000198364254,18.500999450683597,18.878999710083008,451240000,18.46349983215332,16.97824001312256,59.13130064046363,18.113599872589116,19.591529501043844,16.63567024413438,-0.008039085815557234,22.97752492904663,0.5033607078321545,0.4618957034682165,34.514864515080866,0.8220714841570163,1.034646817291645,67.6807615792427,0.48647781409179913,35.56627855182989,61.64478070495724,0.4422748921235744,35.13598678187086,54.605939095127454,0.4123100686287344,35.943491734676044,0
2022-08-17 00:00:00+00:00,18.52300071716309,18.6879997253418,18.145000457763672,18.334999084472656,446799000,18.4076997756958,16.969220008850098,52.7799757751982,18.1399998664856,19.613726641541454,16.666273091429733,-0.028815119125183752,22.941364927291872,0.46745568056770637,0.4630076988881145,32.590395226413946,0.8245000839233386,1.0299255582187543,59.13130064046363,0.5033607078321545,34.514864515080866,67.6807615792427,0.48647781409179913,35.56627855182989,61.64478070495724,0.4422748921235744,35.13598678187086,0
2022-08-18 00:00:00+00:00,18.301000595092773,18.864999771118164,18.183000564575195,18.77300071716309,415447000,18.36349983215332,16.966160011291503,54.640903732330486,18.176149940490724,19.67582280252667,16.676477078454777,0.02388882762810507,22.90609493255615,0.46893813212137303,0.46419378553476626,30.086131995784395,0.8337857382638104,1.037507517206575,52.7799757751982,0.46745568056770637,32.590395226413946,59.13130064046363,0.5033607078321545,34.514864515080866,67.6807615792427,0.48647781409179913,35.56627855182989,0
2022-08-19 00:00:00+00:00,18.4060001373291,18.520000457763672,17.770000457763672,17.849000930786133,441588000,18.24949989318848,16.950180015563966,45.89914890738396,18.202649974823,19.656582184099044,16.74871776554695,-0.049219610668431724,22.863334941864014,0.39104618804792324,0.4495642660373977,27.176130236170373,0.8442856924874435,1.0422059640224897,54.640903732330486,0.46893813212137303,30.086131995784395,52.7799757751982,0.46745568056770637,32.590395226413946,59.13130064046363,0.5033607078321545,34.514864515080866,0
2022-08-22 00:00:00+00:00,17.489999771118164,17.558000564575195,16.965999603271484,17.034000396728516,409593000,18.17360000610352,16.929900016784668,40.61400374318191,18.20314998626709,19.655381379836477,16.750918592697705,-0.04566084887428612,22.815514945983885,0.2605490817060314,0.41176122917112445,24.42628073389661,0.8469285964965813,1.0348933735203882,45.89914890738396,0.39104618804792324,27.176130236170373,54.640903732330486,0.46893813212137303,30.086131995784395,52.7799757751982,0.46745568056770637,32.590395226413946,1
2022-08-23 00:00:00+00:00,16.98900032043457,17.46500015258789,16.969999313354492,17.180999755859375,369986000,18.183099937438964,16.934039993286135,38.92339978858252,18.23554992675781,19.553605452408483,16.91749440110714,0.008629761401149905,22.75241494178772,0.16706498337218179,0.362821980011336,21.752281128542936,0.8229285648890896,1.0291691726141592,40.61400374318191,0.2605490817060314,24.42628073389661,45.89914890738396,0.39104618804792324,27.176130236170373,54.640903732330486,0.46893813212137303,30.086131995784395,0
2022-08-24 00:00:00+00:00,17.011999130249023,17.4060001373291,16.895000457763672,17.222000122070312,522661000,18.09559993743897,16.965539989471434,36.618776787264736,18.20714988708496,19.588581051259272,16.825718722910647,0.0023863783710813546,22.689764938354493,0.09518926621722557,0.3092954372525139,19.63242063932979,0.8227142606462746,1.030245615017466,38.92339978858252,0.16706498337218179,21.752281128542936,40.61400374318191,0.2605490817060314,24.42628073389661,45.89914890738396,0.39104618804792324,27.176130236170373,0
2022-08-25 00:00:00+00:00,16.8439998626709,17.94700050354004,16.83300018310547,17.913000106811523,770691000,18.09270000457764,17.007079982757567,43.200203077599554,18.20359992980957,19.58780771273109,16.81939214688805,0.04012309719215956,22.625309934616087,0.09291411034905295,0.2660191718718217,17.503115198175045,0.8620714460100444,1.0661795466236994,36.618776787264736,0.09518926621722557,19.63242063932979,38.92339978858252,0.16706498337218179,21.752281128542936,40.61400374318191,0.2605490817060314,24.42628073389661,0
2022-08-26 00:00:00+00:00,17.85700035095215,17.923999786376953,16.23699951171875,16.260000228881836,769127000,17.847800064086915,17.001739978790283,40.84120692826214,18.10844993591309,19.7433334283,16.473566443526174,-0.09227934282773353,22.553324937820435,-0.041790507563124635,0.20445723598483248,17.208085800229963,0.8577857698713027,1.1038985234581453,43.200203077599554,0.09291411034905295,17.503115198175045,36.618776787264736,0.09518926621722557,19.63242063932979,38.92339978858252,0.16706498337218179,21.752281128542936,0
2022-08-29 00:00:00+00:00,16.020000457763672,16.33799934387207,15.767000198364258,15.800999641418455,496132000,17.52470006942749,17.005739974975587,42.08841089454757,17.976449918746948,19.8992366242689,16.053663213224993,-0.028228818019822688,22.485034937858583,-0.18346749999779988,0.126872288788306,17.139348003485424,0.8222143990652899,1.036214824527436,40.84120692826214,-0.041790507563124635,17.208085800229963,43.200203077599554,0.09291411034905295,17.503115198175045,36.618776787264736,0.09518926621722557,19.63242063932979,0
2022-08-30 00:00:00+00:00,15.960000038146973,16.038999557495117,15.182000160217283,15.468000411987305,530181000,17.18360013961792,16.997499980926513,32.33911892979407,17.82354998588562,20.02804363896553,15.619056332805709,-0.021074567241826547,22.410424942970277,-0.3189412360195014,0.03770958382674451,19.380553566463284,0.8097143854413715,1.0564483854718631,42.08841089454757,-0.18346749999779988,17.139348003485424,40.84120692826214,-0.041790507563124635,17.208085800229963,43.200203077599554,0.09291411034905295,17.503115198175045,0
2022-08-31 00:00:00+00:00,15.383999824523926,15.539999961853027,14.958999633789062,15.093999862670898,573710000,16.859500217437745,16.96805997848511,31.41478321653254,17.633599996566772,20.090346436795556,15.176853556337992,-0.024178984959592142,22.33394494533539,-0.451281771184032,-0.0600886871754108,22.03592869594141,0.7918571744646347,1.0388395175003289,32.33911892979407,-0.3189412360195014,19.380553566463284,42.08841089454757,-0.18346749999779988,17.139348003485424,40.84120692826214,-0.041790507563124635,17.208085800229963,0
2022-09-01 00:00:00+00:00,14.208999633789062,14.380000114440918,13.270000457763672,13.937000274658203,1178865000,16.375900173187254,16.91959997177124,20.36762169885692,17.36970000267029,20.2144652230252,14.52493478231538,-0.0766529480945658,22.253504948616026,-0.6421208268816478,-0.17649511511665822,24.902034282589778,0.8667142050606865,1.0836472960351584,31.41478321653254,-0.451281771184032,22.03592869594141,32.33911892979407,-0.3189412360195014,19.380553566463284,42.08841089454757,-0.18346749999779988,17.139348003485424,0
2022-09-02 00:00:00+00:00,14.100000381469728,14.17099952697754,13.590999603271484,13.647000312805176,743157000,15.95570011138916,16.86803997039795,16.42350693040035,17.102600002288817,20.2897381266454,13.915461877932238,-0.02080791821324257,22.170724954605102,-0.8074548893921989,-0.3026870699717664,27.983265987705387,0.8687857219151088,1.0426752954629213,20.36762169885692,-0.6421208268816478,24.902034282589778,31.41478321653254,-0.451281771184032,22.03592869594141,32.33911892979407,-0.3189412360195014,19.380553566463284,1
2022-09-06 00:00:00+00:00,13.730999946594238,13.779000282287598,13.35099983215332,13.46500015258789,535751000,15.598800086975098,16.794819984436035,16.364326239000093,16.886200046539308,20.44232707839406,13.330073014684556,-0.013336275814877174,22.091744956970214,-0.9423068897309967,-0.4306110339236125,32.23481698885126,0.8535714149475103,1.0320575578994107,16.42350693040035,-0.8074548893921989,27.983265987705387,20.36762169885692,-0.6421208268816478,24.902034282589778,31.41478321653254,-0.451281771184032,22.03592869594141,1
2022-09-07 00:00:00+00:00,13.562999725341797,13.838000297546388,13.345999717712402,13.71399974822998,512657000,15.252100086212158,16.73171998977661,20.1986417308282,16.71760001182556,20.54336041280331,12.89183961084781,0.018492357431888706,22.001939959526062,-1.0173584106890186,-0.5479605092766937,37.04581961963602,0.836285795484271,1.0368650224966676,16.364326239000093,-0.9423068897309967,32.23481698885126,16.42350693040035,-0.8074548893921989,27.983265987705387,20.36762169885692,-0.6421208268816478,24.902034282589778,1
2022-09-08 00:00:00+00:00,13.458999633789062,14.008000373840332,13.369000434875488,13.989999771118164,624873000,14.928900051116944,16.69187997817993,18.49557900132417,16.512249994277955,20.465044831827512,12.559455156728395,0.020125421318007986,21.906964955329894,-1.0425485359876827,-0.6468781146188916,41.7816365097088,0.8332144192286907,1.0477971365232284,20.1986417308282,-1.0173584106890186,37.04581961963602,16.364326239000093,-0.9423068897309967,32.23481698885126,16.42350693040035,-0.8074548893921989,27.983265987705387,0
2022-09-09 00:00:00+00:00,14.156999588012695,14.473999977111816,14.12600040435791,14.38700008392334,486612000,14.576300048828124,16.66877998352051,25.49546444437874,16.33450002670288,20.33601003325097,12.332990020154789,0.02837743526091896,21.819119958877565,-1.0187339535222613,-0.7212492823995655,45.16303518700504,0.7961429868425646,1.024635393090216,18.49557900132417,-1.0425485359876827,41.7816365097088,20.1986417308282,-1.0173584106890186,37.04581961963602,16.364326239000093,-0.9423068897309967,32.23481698885126,0
2022-09-12 00:00:00+00:00,14.369000434875488,14.54699993133545,14.197999954223633,14.505000114440918,484159000,14.400800037384034,16.655699977874757,30.139779874519988,16.124300050735474,20.041402417654343,12.207197683816606,0.008201850964707713,21.732914958000183,-0.9790531932756164,-0.7728100645747757,46.95708196834274,0.7580000332423623,1.024580925358293,25.49546444437874,-1.0187339535222613,45.16303518700504,18.49557900132417,-1.0425485359876827,41.7816365097088,20.1986417308282,-1.0173584106890186,37.04581961963602,0
2022-09-13 00:00:00+00:00,13.802000045776367,13.92199993133545,13.098999977111816,13.130999565124512,714956000,14.13380002975464,16.62785997390747,23.334212830095424,15.829250049591064,19.7129968341427,11.945503265039427,-0.09472599369016732,21.63519995689392,-1.0464138586315404,-0.8275308233861287,49.321571436195974,0.8230714116777696,1.0628292202199923,30.139779874519988,-0.9790531932756164,46.95708196834274,25.49546444437874,-1.0187339535222613,45.16303518700504,18.49557900132417,-1.0425485359876827,41.7816365097088,1
2022-09-14 00:00:00+00:00,13.253999710083008,13.289999961853027,12.913000106811523,13.128000259399414,588507000,13.899800014495847,16.59113998413086,22.90894656596457,15.541700077056884,19.32500553418516,11.758394619928612,-0.00022841412112017956,21.543324956893922,-1.087503625294378,-0.8795253837677787,51.18383427361406,0.8134999956403464,1.029195373028971,23.334212830095424,-1.0464138586315404,49.321571436195974,30.139779874519988,-0.9790531932756164,46.95708196834274,25.49546444437874,-1.0187339535222613,45.16303518700504,1
2022-09-15 00:00:00+00:00,13.015000343322754,13.232999801635742,12.789999961853027,12.928999900817873,523625000,13.683300018310549,16.547119979858397,14.722535996007096,15.271400117874146,18.986266195267696,11.556534040480596,-0.015158466990359831,21.44108995914459,-1.1231779311957641,-0.9282558932533758,54.96187769297915,0.7655713898794996,1.0346364222911641,22.90894656596457,-1.087503625294378,51.18383427361406,23.334212830095424,-1.0464138586315404,49.321571436195974,30.139779874519988,-0.9790531932756164,46.95708196834274,1
2022-09-16 00:00:00+00:00,12.741999626159668,13.211999893188477,12.616999626159668,13.197999954223633,670751000,13.60939998626709,16.493919982910157,23.04577367832165,14.992650079727174,18.42729837024669,11.558001789207658,0.020805944424884926,21.34369996547699,-1.1168694437391729,-0.9659786033505352,59.465533340697284,0.6875713893345428,1.0471586181072048,14.722535996007096,-1.1231779311957641,54.96187769297915,22.90894656596457,-1.087503625294378,51.18383427361406,23.334212830095424,-1.0464138586315404,49.321571436195974,1
2022-09-19 00:00:00+00:00,13.01200008392334,13.463000297546388,13.010000228881836,13.381999969482422,569685000,13.582899951934817,16.444799976348875,27.6225736221611,14.769300031661988,17.996571680131535,11.542028383192442,0.013941507493330896,21.25343496799469,-1.0845209757825742,-0.989687077836943,63.2754786806849,0.6791428838457385,1.0348193743808631,23.04577367832165,-1.1168694437391729,59.465533340697284,14.722535996007096,-1.1231779311957641,54.96187769297915,22.90894656596457,-1.087503625294378,51.18383427361406,0
2022-09-20 00:00:00+00:00,13.21500015258789,13.482999801635742,13.057000160217283,13.175999641418455,524818000,13.553999900817873,16.405279960632324,28.287226132623587,14.576399993896484,17.69301491837167,11.459785069421295,-0.015393837134490274,21.158684968948364,-1.0632505957101994,-1.0043997814115944,64.98024395267696,0.6483571869986403,1.0326261496661704,27.6225736221611,-1.0845209757825742,63.2754786806849,23.04577367832165,-1.1168694437391729,59.465533340697284,14.722535996007096,-1.1231779311957641,54.96187769297915,0
2022-09-21 00:00:00+00:00,13.213000297546388,14.031000137329102,13.109999656677246,13.26099967956543,807679000,13.508699893951416,16.36885995864868,31.62958443199895,14.380399990081788,17.29374998179272,11.467049998370856,0.0064511263251540996,21.071524963378906,-1.0276883222889488,-1.0090574895870654,63.98265660761217,0.6726429121834896,1.0702517547498764,28.287226132623587,-1.0632505957101994,64.98024395267696,27.6225736221611,-1.0845209757825742,63.2754786806849,23.04577367832165,-1.1168694437391729,59.465533340697284,0
2022-09-22 00:00:00+00:00,13.06999969482422,13.14900016784668,12.428000450134276,12.560999870300291,759162000,13.365799903869627,16.316799964904785,34.81906178407361,14.147349977493286,16.8410235851136,11.453676369872973,-0.05278635292811329,20.984144959449768,-1.043955035050839,-1.0160369986798203,60.985387620135455,0.6018571853637702,1.0580141367555722,31.62958443199895,-1.0276883222889488,63.98265660761217,28.287226132623587,-1.0632505957101994,64.98024395267696,27.6225736221611,-1.0845209757825742,63.2754786806849,0
2022-09-23 00:00:00+00:00,12.420000076293944,12.611000061035156,12.256999969482422,12.515999794006348,663309000,13.17869987487793,16.2596799659729,36.80895328086605,13.877499961853028,16.004530016413224,11.750469907292832,-0.0035825234263670014,20.88458996772766,-1.0483924367760462,-1.0225080862990656,57.35161432430111,0.5857143402099615,1.028881463036153,34.81906178407361,-1.043955035050839,60.985387620135455,31.62958443199895,-1.0276883222889488,63.98265660761217,28.287226132623587,-1.0632505957101994,64.98024395267696,1
2022-09-26 00:00:00+00:00,12.491000175476074,12.659000396728516,12.21399974822998,12.227999687194824,547343000,12.95099983215332,16.18899995803833,35.920779698658066,13.675899934768676,15.607461194042642,11.74433867549471,-0.0230105554131953,20.78659996509552,-1.0628959089072456,-1.0305856508207016,53.32442217967163,0.5869286400931227,1.036433654631688,36.80895328086605,-1.0483924367760462,57.35161432430111,34.81906178407361,-1.043955035050839,60.985387620135455,31.62958443199895,-1.0276883222889488,63.98265660761217,0
2022-09-27 00:00:00+00:00,12.506999969482422,12.736000061035156,12.258000373840332,12.413000106811523,553854000,12.879199886322022,16.115239963531494,34.973444067317175,13.50649995803833,15.237143430518682,11.775856485557975,0.015129246348479342,20.696214966773987,-1.0473883859761415,-1.0339461978517897,49.475680537633316,0.5880714825221475,1.0389949153709375,35.920779698658066,-1.0628959089072456,53.32442217967163,36.80895328086605,-1.0483924367760462,57.35161432430111,34.81906178407361,-1.043955035050839,60.985387620135455,0
2022-09-28 00:00:00+00:00,12.40999984741211,12.822999954223633,12.354000091552734,12.736000061035156,542414000,12.839999866485597,16.030119953155516,35.671854194226086,13.369899940490722,14.863736203028385,11.87606367795306,0.02602110299236915,20.608904967308046,-0.9975361892005861,-1.026664196121549,45.788007790887676,0.5759286199297228,1.037963401262364,34.973444067317175,-1.0473883859761415,49.475680537633316,35.920779698658066,-1.0628959089072456,53.32442217967163,36.80895328086605,-1.0483924367760462,57.35161432430111,0
2022-09-29 00:00:00+00:00,12.447999954223633,12.5,11.946000099182127,12.220000267028809,532763000,12.769099903106689,15.918379974365234,25.8954459142648,13.226199960708618,14.566789166215145,11.885610755202093,-0.04051505900859809,20.52919997215271,-0.9882726432236559,-1.0189858855419704,44.78451092012255,0.5977857453482497,1.0463753470800492,35.671854194226086,-0.9975361892005861,45.788007790887676,34.973444067317175,-1.0473883859761415,49.475680537633316,35.920779698658066,-1.0628959089072456,53.32442217967163,1
2022-09-30 00:00:00+00:00,12.086999893188477,12.633000373840332,12.074999809265137,12.138999938964844,565638000,12.66319990158081,15.80015998840332,23.463441317276747,13.13629994392395,14.516744477645195,11.755855410202704,-0.006628504606707275,20.44820997238159,-0.9762140776089581,-1.010431523955368,44.23686960803381,0.612714358738491,1.046211227609879,25.8954459142648,-0.9882726432236559,44.78451092012255,35.671854194226086,-0.9975361892005861,45.788007790887676,34.973444067317175,-1.0473883859761415,49.475680537633316,1
2022-10-03 00:00:00+00:00,12.347000122070312,12.678000450134276,12.104999542236328,12.51200008392334,547478000,12.576199913024904,15.704019985198975,41.04716010911113,13.07954993247986,14.464905896477818,11.6941939684819,0.030727419625500296,20.358474974632262,-0.9258865393943836,-0.9935225270431712,41.41360619290132,0.5532144137791228,1.0473358884400328,23.463441317276747,-0.9762140776089581,44.23686960803381,25.8954459142648,-0.9882726432236559,44.78451092012255,35.671854194226086,-0.9975361892005861,45.788007790887676,1
2022-10-04 00:00:00+00:00,12.878999710083008,13.220000267028809,12.878999710083008,13.166999816894531,584182000,12.575299930572507,15.626879978179932,50.47456250290118,13.06464991569519,14.438916292101664,11.690383539288716,0.05234972255257575,20.28237497806549,-0.8236540274576907,-0.9595488271260753,37.48556025551157,0.5768572943551203,1.0264772548041001,41.04716010911113,-0.9258865393943836,41.41360619290132,23.463441317276747,-0.9762140776089581,44.23686960803381,25.8954459142648,-0.9882726432236559,44.78451092012255,0
2022-10-05 00:00:00+00:00,12.91100025177002,13.321000099182127,12.621000289916992,13.208999633789062,507131000,12.570099925994873,15.560399951934814,53.542506189108856,13.039399909973143,14.381614790298952,11.697185029647338,0.0031897788014427775,20.209414973258973,-0.7308205466443933,-0.913803171029739,32.40914851140227,0.5952144350324361,1.0554631006406339,50.47456250290118,-0.8236540274576907,37.48556025551157,41.04716010911113,-0.9258865393943836,41.41360619290132,23.463441317276747,-0.9762140776089581,44.23686960803381,0
2022-10-06 00:00:00+00:00,13.220000267028809,13.656000137329102,13.102999687194824,13.130000114440918,644157000,12.626999950408935,15.467199935913088,49.096227561592734,12.996399927139285,14.263382007282114,11.729417846996451,-0.0059807344642558435,20.136469974517823,-0.6560612792128069,-0.8622547926663525,28.43001020990676,0.5922144481113981,1.0422041107636375,53.542506189108856,-0.7308205466443933,32.40914851140227,50.47456250290118,-0.8236540274576907,37.48556025551157,41.04716010911113,-0.9258865393943836,41.41360619290132,0
2022-10-07 00:00:00+00:00,12.505000114440918,12.670000076293944,12.022000312805176,12.076000213623049,672478000,12.582999992370606,15.34903995513916,35.90242050449207,12.880849933624267,14.029875871284974,11.73182399596356,-0.08027417301075546,20.051474971771242,-0.6740924859431843,-0.8246223313217189,25.11504870735398,0.639000143323626,1.0539011600921815,49.096227561592734,-0.6560612792128069,28.43001020990676,53.542506189108856,-0.7308205466443933,32.40914851140227,50.47456250290118,-0.8236540274576907,37.48556025551157,0
2022-10-10 00:00:00+00:00,12.036999702453612,12.12399959564209,11.407999992370604,11.670000076293944,698699000,12.527200031280518,15.219179954528808,34.41639451487244,12.739099931716918,13.733576274434297,11.74462358899954,-0.033620414884648064,19.96282497406006,-0.7129250094540005,-0.8022828669481753,22.930986563099516,0.6597144263131279,1.0627629386176656,35.90242050449207,-0.6740924859431843,25.11504870735398,49.096227561592734,-0.6560612792128069,28.43001020990676,53.542506189108856,-0.7308205466443933,32.40914851140227,1
2022-10-11 00:00:00+00:00,11.560999870300291,11.845999717712402,11.282999992370604,11.586000442504885,667482000,12.444500064849851,15.082079963684082,32.66405036253842,12.661849975585938,13.76250740371723,11.561192547454644,-0.007197912017129604,19.87255497932434,-0.7419256751911867,-0.7902114285967776,23.26033580562153,0.634142943790981,1.0498980524437198,34.41639451487244,-0.7129250094540005,22.930986563099516,35.90242050449207,-0.6740924859431843,25.11504870735398,49.096227561592734,-0.6560612792128069,28.43001020990676,0
2022-10-12 00:00:00+00:00,11.57900047302246,11.734999656677246,11.345000267028809,11.5,492590000,12.320900058746338,14.941559982299804,37.419968361622814,12.580449962615967,13.772922159217124,11.38797776601481,-0.007422789506323468,19.77532998085022,-0.7630524352114065,-0.7847796299197034,23.992658946459724,0.6025000980922155,1.034376322650416,32.66405036253842,-0.7419256751911867,23.26033580562153,34.41639451487244,-0.7129250094540005,22.930986563099516,35.90242050449207,-0.6740924859431843,25.11504870735398,1
2022-10-13 00:00:00+00:00,10.970999717712402,12.07800006866455,10.812999725341797,11.960000038146973,850103000,12.294900035858154,14.802899990081787,43.998275480110784,12.531999969482422,13.743434545431857,11.320565393532988,0.04000000331712816,19.683519978523254,-0.7342138260849111,-0.7746664691527451,24.18496324918321,0.6675715446472169,1.1169888444885507,37.419968361622814,-0.7630524352114065,23.992658946459724,32.66405036253842,-0.7419256751911867,23.26033580562153,34.41639451487244,-0.7129250094540005,22.930986563099516,1
2022-10-14 00:00:00+00:00,12.057000160217283,12.111000061035156,11.20400047302246,11.22700023651123,713432000,12.203700065612791,14.643139991760254,40.14182079111582,12.433449983596802,13.7341543721248,11.132745595068805,-0.06128760863694027,19.589649982452393,-0.7617252837250099,-0.7720782320671981,24.718597737118955,0.7005714688982285,1.080953190799716,43.998275480110784,-0.7342138260849111,24.18496324918321,37.419968361622814,-0.7630524352114065,23.992658946459724,32.66405036253842,-0.7419256751911867,23.26033580562153,1
2022-10-17 00:00:00+00:00,11.517999649047852,11.947999954223633,11.517000198364258,11.887999534606934,580774000,12.141300010681151,14.501119976043702,45.27281910701507,12.358749961853029,13.600342216873736,11.117157706832318,0.058875860351910614,19.501159977912902,-0.7218699258032082,-0.7620365708144001,25.44850983001788,0.7157857077462335,1.037422918158896,40.14182079111582,-0.7617252837250099,24.718597737118955,43.998275480110784,-0.7342138260849111,24.18496324918321,37.419968361622814,-0.7630524352114065,23.992658946459724,1
2022-10-18 00:00:00+00:00,12.343999862670898,12.491999626159668,11.618000030517578,11.967000007629396,659362000,12.021300029754638,14.384599990844729,42.75757968229652,12.298299980163574,13.489041084099714,11.107558876227433,0.006645396712246399,19.413939981460572,-0.6761157480928457,-0.7448524062700893,25.16855673173644,0.7447142601013186,1.0752280593343357,45.27281910701507,-0.7218699258032082,25.44850983001788,40.14182079111582,-0.7617252837250099,24.718597737118955,43.998275480110784,-0.7342138260849111,24.18496324918321,1
2022-10-19 00:00:00+00:00,11.878999710083008,12.350000381469728,11.833999633789062,12.050999641418455,523131000,11.905500030517578,14.283899974822996,48.267370681968224,12.237799978256223,13.34243304718038,11.13316690933207,0.007019272477271299,19.323589978218077,-0.6258626096061946,-0.7210544469373105,22.793403430451065,0.7251428876604356,1.0436032418158399,42.75757968229652,-0.6761157480928457,25.16855673173644,45.27281910701507,-0.7218699258032082,25.44850983001788,40.14182079111582,-0.7617252837250099,24.718597737118955,1
2022-10-20 00:00:00+00:00,12.11299991607666,12.769000053405762,12.104999542236328,12.194000244140623,652398000,11.81190004348755,14.165839977264405,50.55679605539074,12.219449996948242,13.313620515822556,11.125279478073928,0.011866285534577914,19.238109974861146,-0.5679506996390291,-0.6904336974776543,20.113662634519603,0.7365714481898721,1.0548534106798293,48.267370681968224,-0.6258626096061946,22.793403430451065,42.75757968229652,-0.6761157480928457,25.16855673173644,45.27281910701507,-0.7218699258032082,25.44850983001788,1
2022-10-21 00:00:00+00:00,12.097999572753906,12.498000144958496,11.88700008392334,12.465999603271484,609494000,11.850899982452392,14.056319980621335,49.52459181523234,12.2169499874115,13.308492909494904,11.125407065328096,0.022305999154097256,19.162419972419737,-0.49440779338492824,-0.6512285166591091,19.44698717467537,0.7392856734139583,1.0514006946009453,50.55679605539074,-0.5679506996390291,20.113662634519603,48.267370681968224,-0.6258626096061946,22.793403430451065,42.75757968229652,-0.6761157480928457,25.16855673173644,1
2022-10-24 00:00:00+00:00,12.508000373840332,12.710000038146973,12.064000129699709,12.598999977111816,517457000,11.94379997253418,13.934119987487794,43.41983355772084,12.235500001907347,13.340362108480695,11.130637895334,0.010669050062012575,19.084524974822997,-0.4205447140090097,-0.6050917561290892,20.372710805890005,0.7348570823669437,1.0535477371934796,49.52459181523234,-0.49440779338492824,19.44698717467537,50.55679605539074,-0.5679506996390291,20.113662634519603,48.267370681968224,-0.6258626096061946,22.793403430451065,1
2022-10-25 00:00:00+00:00,12.694000244140623,13.300000190734863,12.663999557495115,13.26099967956543,505482000,12.111299896240237,13.818699989318848,50.52674288076943,12.277899980545044,13.47285511662773,11.082944844462356,0.052543829165508926,19.014594974517824,-0.30507315459842665,-0.5450880358229566,20.272786821503484,0.7349285398210803,1.0502211509367383,43.41983355772084,-0.4205447140090097,20.372710805890005,49.52459181523234,-0.49440779338492824,19.44698717467537,50.55679605539074,-0.5679506996390291,20.113662634519603,1
2022-10-26 00:00:00+00:00,12.869000434875488,13.387999534606934,12.708000183105469,12.895999908447266,532953000,12.25089988708496,13.699039993286132,47.75947679760424,12.285899972915647,13.495817001955109,11.07598294387619,-0.027524302838240144,18.942074975967408,-0.24024415783205555,-0.4841192602247764,19.589538307988768,0.7439998899187366,1.0535095484500767,50.52674288076943,-0.30507315459842665,20.272786821503484,43.41983355772084,-0.4205447140090097,20.372710805890005,49.52459181523234,-0.49440779338492824,19.44698717467537,1
2022-10-27 00:00:00+00:00,13.630000114440918,13.838000297546388,13.121999740600586,13.175999641418455,583113000,12.37249984741211,13.595860004425049,62.36510425991061,12.333699941635132,13.606554933165226,11.060844950105038,0.021712138256746005,18.868869976997374,-0.16437822260335544,-0.42017105270049226,20.526025490120585,0.7321427890232638,1.054564896441084,47.75947679760424,-0.24024415783205555,19.589538307988768,50.52674288076943,-0.30507315459842665,20.272786821503484,43.41983355772084,-0.4205447140090097,20.372710805890005,1
2022-10-28 00:00:00+00:00,13.104000091552734,13.850000381469728,13.060999870300291,13.833999633789062,521040000,12.633199787139892,13.497079982757567,73.02127749372706,12.418449926376343,13.852259652203548,10.98464020054914,0.04993928432588901,18.79804497241974,-0.050575815581469286,-0.3462520052766877,22.13060140571562,0.7373571395874031,1.060408890514084,62.36510425991061,-0.16437822260335544,20.526025490120585,47.75947679760424,-0.24024415783205555,19.589538307988768,50.52674288076943,-0.30507315459842665,20.272786821503484,0
2022-10-31 00:00:00+00:00,13.777999877929688,13.838000297546388,13.29699993133545,13.496999740600586,486341000,12.794099807739258,13.410039958953858,69.29133494403493,12.467699909210204,13.980529667644282,10.954870150776127,-0.024360264718047753,18.732654967308044,0.01227879462954995,-0.2745458452954402,22.936574813257604,0.7357857567923417,1.0406858967439736,73.02127749372706,-0.050575815581469286,22.13060140571562,62.36510425991061,-0.16437822260335544,20.526025490120585,47.75947679760424,-0.24024415783205555,19.589538307988768,0
2022-11-01 00:00:00+00:00,13.810999870300291,13.925000190734863,13.519000053405762,13.54300022125244,432817000,12.951699829101562,13.340219955444336,70.79178275400147,12.4864999294281,14.044588333480664,10.928411525375536,0.0034082004546149847,18.665659971237183,0.0650534843382804,-0.2066259793686961,24.512503250341013,0.738500118255616,1.030031817125914,69.29133494403493,0.01227879462954995,22.936574813257604,73.02127749372706,-0.050575815581469286,22.13060140571562,62.36510425991061,-0.16437822260335544,20.526025490120585,1
2022-11-02 00:00:00+00:00,13.850000381469728,14.210000038146973,13.211000442504885,13.218999862670898,672628000,13.068499851226807,13.260979957580568,63.1777262221736,12.486999940872192,14.046070705592385,10.927929176152,-0.023923824358586532,18.602239971160888,0.07981364300569638,-0.1493380548938176,27.098901857182845,0.7195000648498542,1.0756187693725239,70.79178275400147,0.0650534843382804,24.512503250341013,69.29133494403493,0.01227879462954995,22.936574813257604,73.02127749372706,-0.050575815581469286,22.13060140571562,1
2022-11-03 00:00:00+00:00,13.04300022125244,13.781000137329102,12.956000328063965,13.42099952697754,500065000,13.191199779510498,13.184959945678711,75.83607670094219,12.501549911499025,14.091022171180164,10.91207765181788,0.015281009638033805,18.544009971618653,0.10658224603163191,-0.0981539947087277,28.830117233461202,0.7136429377964569,1.0636770444871098,63.1777262221736,0.07981364300569638,27.098901857182845,70.79178275400147,0.0650534843382804,24.512503250341013,69.29133494403493,0.01227879462954995,22.936574813257604,1
2022-11-04 00:00:00+00:00,13.986000061035156,14.229000091552734,13.696999549865724,14.156000137329102,612576000,13.36019983291626,13.109819946289065,76.25000303542126,12.605549907684326,14.343079783272165,10.868020032096489,0.05476496805428965,18.494039974212647,0.18497271309103347,-0.04152865314877547,30.793417485257514,0.7198572840009421,1.0388406628583284,75.83607670094219,0.10658224603163191,28.830117233461202,63.1777262221736,0.07981364300569638,27.098901857182845,70.79178275400147,0.0650534843382804,24.512503250341013,0
2022-11-07 00:00:00+00:00,14.227999687194824,14.411999702453612,13.95400047302246,14.300999641418455,410061000,13.530399799346924,13.070639934539797,76.60738491002715,12.737099885940552,14.57205212697582,10.902147644905284,0.010242971367808495,18.448674969673156,0.2558487065482211,0.017946818790623847,33.28891035746829,0.6901429721287322,1.0328220735205371,76.25000303542126,0.18497271309103347,30.793417485257514,75.83607670094219,0.10658224603163191,28.830117233461202,63.1777262221736,0.07981364300569638,27.098901857182845,1
2022-11-08 00:00:00+00:00,14.800999641418455,14.890999794006348,14.215999603271484,14.60200023651123,595292000,13.664499855041504,13.04665994644165,77.71019161330263,12.88789987564087,14.817802892221868,10.957996859059872,0.02104752133697141,18.40482497215271,0.3324741197594214,0.08085227898438337,36.68041561260655,0.701500075204032,1.0474817254904487,76.60738491002715,0.2558487065482211,33.28891035746829,76.25000303542126,0.18497271309103347,30.793417485257514,75.83607670094219,0.10658224603163191,28.830117233461202,1
2022-11-09 00:00:00+00:00,14.161999702453612,14.211000442504885,13.758999824523926,13.776000022888184,454414000,13.752499866485596,13.012819938659668,64.96405319142602,13.001699876785278,14.853864690141595,11.149535063428958,-0.056567607193820924,18.362084975242613,0.32282764161867306,0.1292473515112413,38.977000536515824,0.7104286466326034,1.0328512699865957,77.71019161330263,0.3324741197594214,36.68041561260655,76.60738491002715,0.2558487065482211,33.28891035746829,76.25000303542126,0.18497271309103347,30.793417485257514,1
2022-11-10 00:00:00+00:00,14.800000190734863,15.77299976348877,14.54699993133545,15.75,700819000,14.00989990234375,13.02593994140625,73.49742406976506,13.19119987487793,15.345498094136012,11.036901655619848,0.14329268102730164,18.32697497844696,0.4690609957609819,0.19721008036118945,42.590848876145195,0.8094286237444198,1.084278534264128,64.96405319142602,0.32282764161867306,38.977000536515824,77.71019161330263,0.3324741197594214,36.68041561260655,76.60738491002715,0.2558487065482211,33.28891035746829,1
2022-11-11 00:00:00+00:00,15.807000160217283,16.388999938964844,15.482000350952148,16.32699966430664,655487000,14.259199905395509,13.07373992919922,75.08072932472751,13.4461998462677,15.81793757362306,11.07446211891234,0.03663489932105657,18.29888997554779,0.6243143262643329,0.2826309295418182,45.86022810406297,0.8280714579990934,1.0585841343142015,73.49742406976506,0.4690609957609819,42.590848876145195,64.96405319142602,0.32282764161867306,38.977000536515824,77.71019161330263,0.3324741197594214,36.68041561260655,0
2022-11-14 00:00:00+00:00,16.218000411987305,16.540000915527344,15.92199993133545,16.295000076293945,527852000,14.538999938964844,13.126699924468994,72.30226680616128,13.66654987335205,16.2391179585062,11.0939817881979,-0.001959918458420251,18.26616497516632,0.7362841841532468,0.37336158046410395,50.03230800287346,0.822142941611154,1.0388142812999033,75.08072932472751,0.6243143262643329,45.86022810406297,73.49742406976506,0.4690609957609819,42.590848876145195,64.96405319142602,0.32282764161867306,38.977000536515824,0
2022-11-15 00:00:00+00:00,16.722000122070312,16.99799919128418,16.381999969482422,16.666000366210938,545876000,14.851299953460693,13.190719928741457,77.68801516689439,13.901499891281128,16.67126938273956,11.131730399822697,0.022767737844734626,18.2270649766922,0.845214618057847,0.4677321879828526,54.010554567502346,0.8237857818603518,1.0376021989347628,72.30226680616128,0.7362841841532468,50.03230800287346,75.08072932472751,0.6243143262643329,45.86022810406297,73.49742406976506,0.4690609957609819,42.590848876145195,0
2022-11-16 00:00:00+00:00,16.16200065612793,16.36199951171875,15.873000144958496,15.90999984741211,649547000,15.120399951934814,13.234639930725098,68.76715883531826,14.094449901580813,16.85908887828414,11.32981092487748,-0.045361844604993706,18.183424973487853,0.8606191659927944,0.546309583584841,55.245169844018434,0.813142912728446,1.0308069906315454,77.68801516689439,0.845214618057847,54.010554567502346,72.30226680616128,0.7362841841532468,50.03230800287346,75.08072932472751,0.6243143262643329,45.86022810406297,0
2022-11-17 00:00:00+00:00,15.71500015258789,16.266000747680664,15.53499984741211,15.677000045776367,710894000,15.346000003814698,13.268379936218262,63.43490377887996,14.268599891662598,16.967197104920995,11.5700026784042,-0.014644865108131455,18.135599970817566,0.844293751668971,0.605906417201667,54.585092108002975,0.8090000833783829,1.0470550954263658,68.76715883531826,0.8606191659927944,55.245169844018434,77.68801516689439,0.845214618057847,54.010554567502346,72.30226680616128,0.7362841841532468,50.03230800287346,1
2022-11-18 00:00:00+00:00,15.965999603271484,16.00200080871582,15.119999885559082,15.409000396728516,492072000,15.47130002975464,13.288819942474364,64.07953165187044,14.41574993133545,17.019779630248912,11.811720232421989,-0.017095085045946368,18.09290497303009,0.8005027142927119,0.644825676619876,52.917065019562095,0.8333572660173686,1.0583333948301896,63.43490377887996,0.844293751668971,54.585092108002975,68.76715883531826,0.8606191659927944,55.245169844018434,77.68801516689439,0.845214618057847,54.010554567502346,1
2022-11-21 00:00:00+00:00,15.147000312805176,15.47700023651123,15.079999923706056,15.31700038909912,404739000,15.572900104522706,13.305059947967528,62.97542461244079,14.551649951934817,17.037479533906676,12.065820369962957,-0.005970537040736801,18.047894973754882,0.7497319269728671,0.6658069266904743,51.04502351212183,0.8311429704938612,1.0263262808231903,64.07953165187044,0.8005027142927119,52.917065019562095,63.43490377887996,0.844293751668971,54.585092108002975,68.76715883531826,0.8606191659927944,55.245169844018434,1
2022-11-22 00:00:00+00:00,15.32800006866455,16.058000564575195,15.121999740600586,16.038000106811523,472866000,15.716500091552737,13.36319995880127,69.48707535912769,14.690499973297118,17.18300572851695,12.197994218077286,0.047071861291165584,18.004444971084595,0.758925938013034,0.6844307289549862,49.14893799910861,0.8266430582318984,1.0618966300774078,62.97542461244079,0.7497319269728671,51.04502351212183,64.07953165187044,0.8005027142927119,52.917065019562095,63.43490377887996,0.844293751668971,54.585092108002975,0
2022-11-23 00:00:00+00:00,16.097999572753906,16.527000427246094,16.04800033569336,16.518999099731445,427241000,15.99079999923706,13.43101993560791,70.62034033177002,14.871649932861327,17.34153809907843,12.401761766644226,0.029991207738902403,17.961499967575072,0.7958507844111864,0.7067147400462264,48.81025075812661,0.8026430947440009,1.0298479612121743,69.48707535912769,0.758925938013034,49.14893799910861,62.97542461244079,0.7497319269728671,51.04502351212183,64.07953165187044,0.8005027142927119,52.917065019562095,0
2022-11-25 00:00:00+00:00,16.31800079345703,16.48699951171875,16.172000885009766,16.270000457763672,167934000,16.04280004501343,13.497839946746826,65.04413019057749,15.026349973678588,17.43589953222742,12.616800415129754,-0.01507347027894812,17.90932497024536,0.795847843233835,0.7245413606837481,47.81935029833773,0.7697143554687499,1.01947802433037,70.62034033177002,0.7958507844111864,48.81025075812661,69.48707535912769,0.758925938013034,49.14893799910861,62.97542461244079,0.7497319269728671,51.04502351212183,1
2022-11-28 00:00:00+00:00,16.025999069213867,16.35700035095215,15.725000381469728,15.82699966430664,303741000,15.992800045013428,13.550419940948489,60.41780683767963,15.125999975204468,17.49238301332402,12.759616937084916,-0.027228075045667377,17.859339971542358,0.7514369531668716,0.7299204791803728,46.31383522575785,0.7821429797581262,1.0401907760986235,65.04413019057749,0.795847843233835,47.81935029833773,70.62034033177002,0.7958507844111864,48.81025075812661,69.48707535912769,0.758925938013034,49.14893799910861,1
2022-11-29 00:00:00+00:00,15.82699966430664,15.932000160217283,15.520000457763672,15.638999938964844,298384000,15.927200031280517,13.595559940338134,57.1904038985997,15.23309998512268,17.479923248999395,12.986276721245968,-0.011878418482928144,17.817789974212648,0.6930815831080324,0.7225526999659048,43.738590711436366,0.7633572305951796,1.0265463717977865,60.41780683767963,0.7514369531668716,46.31383522575785,65.04413019057749,0.795847843233835,47.81935029833773,70.62034033177002,0.7958507844111864,48.81025075812661,1
2022-11-30 00:00:00+00:00,15.696999549865724,16.93000030517578,15.597000122070312,16.92300033569336,565298000,15.95290002822876,13.670499954223631,70.51767655570889,15.402099990844729,17.621968462294863,13.182231519394591,0.08210246190547044,17.781069974899292,0.741890580286908,0.7264202760301054,44.116887226579145,0.798357214246477,1.0854651646260634,57.1904038985997,0.6930815831080324,43.738590711436366,60.41780683767963,0.7514369531668716,46.31383522575785,65.04413019057749,0.795847843233835,47.81935029833773,0
2022-12-01 00:00:00+00:00,16.999000549316406,17.264999389648438,16.635000228881836,17.135000228881836,470977000,16.07540006637573,13.74797996520996,61.72338558228565,15.597900009155271,17.694382791391195,13.501417226919347,0.01252732310956306,17.734269971847535,0.7885883264758551,0.7388538861192554,41.91771814042365,0.7007143156869067,1.0378719057468235,70.51767655570889,0.741890580286908,44.116887226579145,57.1904038985997,0.6930815831080324,43.738590711436366,60.41780683767963,0.7514369531668716,46.31383522575785,0
2022-12-02 00:00:00+00:00,16.659000396728516,16.933000564575195,16.44499969482422,16.875999450683594,371389000,16.195300006866454,13.834279956817626,54.91143232050562,15.770650005340576,17.67218298893119,13.86911702174996,-0.015115306375174997,17.686094970703124,0.7955270874630536,0.7501885263880151,38.58009683830827,0.6852143832615439,1.029674726592094,61.72338558228565,0.7885883264758551,41.91771814042365,70.51767655570889,0.741890580286908,44.116887226579145,57.1904038985997,0.6930815831080324,43.738590711436366,0
2022-12-05 00:00:00+00:00,16.679000854492188,16.9950008392334,16.472000122070312,16.610000610351562,352255000,16.31540002822876,13.91615997314453,52.7047968376588,15.8933500289917,17.668707122339548,14.117992935643851,-0.015761960712866507,17.64660997390747,0.7706783221990374,0.7542864855502197,35.349139837361186,0.6784286499023434,1.031750893230163,54.91143232050562,0.7955270874630536,38.58009683830827,61.72338558228565,0.7885883264758551,41.91771814042365,70.51767655570889,0.741890580286908,44.116887226579145,1
2022-12-06 00:00:00+00:00,16.530000686645508,16.572999954223633,15.819000244140623,15.987000465393066,352694000,16.382400035858154,13.991339988708496,44.411521520001976,15.97765007019043,17.587001135930173,14.368299004450687,-0.037507532935925014,17.608334975242613,0.6927292401613201,0.7419750364724398,31.342990122404462,0.6847144535609652,1.0476641822141883,52.7047968376588,0.7706783221990374,35.349139837361186,54.91143232050562,0.7955270874630536,38.58009683830827,61.72338558228565,0.7885883264758551,41.91771814042365,1
2022-12-07 00:00:00+00:00,15.772000312805176,16.18600082397461,15.666999816894531,16.1200008392334,372388000,16.39060010910034,14.065480003356932,51.92590864104153,16.05355010032654,17.527191243234746,14.579908957418334,0.008319282540101058,17.57198498249054,0.6343733881570817,0.7204547068093682,28.076336651446912,0.665143081120082,1.0331270194131497,44.411521520001976,0.6927292401613201,31.342990122404462,52.7047968376588,0.7706783221990374,35.349139837361186,54.91143232050562,0.7955270874630536,38.58009683830827,1
2022-12-08 00:00:00+00:00,16.273000717163086,17.179000854492188,15.958999633789062,17.16900062561035,515456000,16.455600261688232,14.154140014648435,61.90173195108325,16.223200130462647,17.327884834272922,15.118515426652374,0.06507442504741445,17.545894989967348,0.6651045595666556,0.7093846773608257,27.00272804288415,0.7000716754368371,1.0764459708439422,51.92590864104153,0.6343733881570817,28.076336651446912,44.411521520001976,0.6927292401613201,31.342990122404462,52.7047968376588,0.7706783221990374,35.349139837361186,1
2022-12-09 00:00:00+00:00,17.15999984741211,17.58300018310547,16.975000381469727,17.000999450683594,465338000,16.528700160980225,14.249759998321531,62.90531163260157,16.285750102996825,17.418921046410844,15.152579159582809,-0.009785145832900577,17.512159991264344,0.6682003458954817,0.7011478110677569,27.62023017228413,0.680500166756766,1.0358173660072165,61.90173195108325,0.6651045595666556,27.00272804288415,51.92590864104153,0.6343733881570817,28.076336651446912,44.411521520001976,0.6927292401613201,31.342990122404462,1
2022-12-12 00:00:00+00:00,17.03700065612793,17.538000106811523,16.797000885009766,17.53499984741211,457328000,16.699500179290773,14.35767999649048,66.7776064562456,16.3461501121521,17.609839198974683,15.082461025329517,0.031409941414182185,17.47904999256134,0.7056093230044347,0.7020401134550925,28.11981726472838,0.705071517399379,1.0441149718854306,62.90531163260157,0.6682003458954817,27.62023017228413,61.90173195108325,0.6651045595666556,27.00272804288415,51.92590864104153,0.6343733881570817,28.076336651446912,0
2022-12-13 00:00:00+00:00,18.5310001373291,18.790000915527344,17.711000442504883,18.07200050354004,656589000,16.94280023574829,14.468880004882813,65.82633215348426,16.435000133514404,17.914927566664087,14.95507270036472,0.030624503039683892,17.44748499393463,0.7697148779461074,0.7155750663532956,28.438134348505223,0.7278572491237094,1.0609226156661908,66.7776064562456,0.7056093230044347,28.11981726472838,62.90531163260157,0.6682003458954817,27.62023017228413,61.90173195108325,0.6651045595666556,27.00272804288415,0
2022-12-14 00:00:00+00:00,17.98699951171875,18.25200080871582,17.420000076293945,17.673999786376953,496888000,17.01790018081665,14.559020004272462,59.10452675639591,16.485400104522704,18.063829412132858,14.906970796912548,-0.022023058105001936,17.41846999645233,0.7794190033495489,0.7283438537525463,27.278074623003043,0.752357278551374,1.0477612358655557,65.82633215348426,0.7697148779461074,28.438134348505223,66.7776064562456,0.7056093230044347,28.11981726472838,62.90531163260157,0.6682003458954817,27.62023017228413,0
2022-12-15 00:00:00+00:00,17.145999908447266,17.31999969482422,16.700000762939453,16.95199966430664,478542000,16.99960012435913,14.633880004882812,55.00292566297538,16.53750009536743,18.10470861863889,14.970291572095968,-0.040850974923448136,17.38212999820709,0.7205442314252757,0.7267839292870922,25.404801742618588,0.797143050602504,1.0371256828479112,59.10452675639591,0.7794190033495489,27.278074623003043,65.82633215348426,0.7697148779461074,28.438134348505223,66.7776064562456,0.7056093230044347,28.11981726472838,0
2022-12-16 00:00:00+00:00,16.86400032043457,17.041000366210938,16.40999984741211,16.570999145507812,478232000,16.969100093841554,14.70269998550415,55.50784048654592,16.582200050354004,18.09616155092256,15.068238549785454,-0.02247525521139815,17.34641499042511,0.6358127393134723,0.7085896912923683,24.544187045640083,0.7970716612679618,1.038452195287396,55.00292566297538,0.7205442314252757,25.404801742618588,59.10452675639591,0.7794190033495489,27.278074623003043,65.82633215348426,0.7697148779461074,28.438134348505223,0
2022-12-19 00:00:00+00:00,16.57200050354004,16.608999252319336,16.145000457763672,16.253999710083008,354039000,16.933500003814697,14.78625997543335,54.467524931581565,16.62445001602173,18.04482758730906,15.204072444734395,-0.019129771997528522,17.313004984855652,0.5368942336727471,0.674250599768444,24.288185596338742,0.8007858821323941,1.0287394723691408,55.50784048654592,0.6358127393134723,24.544187045640083,55.00292566297538,0.7205442314252757,25.404801742618588,59.10452675639591,0.7794190033495489,27.278074623003043,0
2022-12-20 00:00:00+00:00,16.06399917602539,16.309999465942383,15.85200023651123,16.084999084472656,403260000,16.943299865722658,14.874559955596924,42.73577714985805,16.662849950790406,17.97153235724925,15.354167544331563,-0.010397479305079171,17.28666998386383,0.439793995772515,0.6273592789692582,21.273474590040813,0.7382858140128,1.0288922043021589,54.467524931581565,0.5368942336727471,24.288185596338742,55.50784048654592,0.6358127393134723,24.544187045640083,55.00292566297538,0.7205442314252757,25.404801742618588,0
2022-12-21 00:00:00+00:00,16.11400032043457,16.62700080871582,16.101999282836914,16.500999450683594,325025000,16.981399726867675,14.972859935760498,44.69189249612749,16.68599991798401,17.964166831709235,15.407833004258784,0.02586262915069204,17.261604981422423,0.39189162781882203,0.580265748739171,19.154082243329697,0.7320002828325546,1.0326047416011566,42.73577714985805,0.439793995772515,21.273474590040813,54.467524931581565,0.5368942336727471,24.288185596338742,55.50784048654592,0.6358127393134723,24.544187045640083,0
2022-12-22 00:00:00+00:00,16.0939998626709,16.13800048828125,14.881999969482422,15.33899974822998,565045000,16.798399639129638,15.049639930725098,38.82182499757594,16.626999950408937,18.03950246218441,15.214497438633469,-0.07041995885924801,17.22322998046875,0.25720014814007186,0.5156526286193512,19.0164411705617,0.7983573504856656,1.0843972934669015,44.69189249612749,0.39189162781882203,19.154082243329697,42.73577714985805,0.439793995772515,21.273474590040813,54.467524931581565,0.5368942336727471,24.288185596338742,0
2022-12-23 00:00:00+00:00,15.196000099182127,15.33899974822998,14.883000373840332,15.206000328063965,349326000,16.618899726867674,15.114559936523438,39.58766266879015,16.57379994392395,18.117016841567693,15.030583046280208,-0.008670670992178775,17.185969977378846,0.13813193939686386,0.4401484907748538,19.05616624948849,0.7935715402875629,1.0306389412709518,38.82182499757594,0.25720014814007186,19.0164411705617,44.69189249612749,0.39189162781882203,19.154082243329697,42.73577714985805,0.439793995772515,21.273474590040813,0
2022-12-27 00:00:00+00:00,15.074000358581545,15.100000381469728,14.055999755859377,14.121000289916992,464902000,16.277499771118165,15.172439937591554,37.04886651941469,16.48849997520447,18.35934026822013,14.617659682188808,-0.07135341409565232,17.14607497692108,-0.04328198148656881,0.3434623963225693,19.83609127402078,0.8192144121442521,1.0742743770449448,39.58766266879015,0.13813193939686386,19.05616624948849,38.82182499757594,0.25720014814007186,19.0164411705617,44.69189249612749,0.39189162781882203,19.154082243329697,1
2022-12-28 00:00:00+00:00,13.927000045776367,14.26200008392334,13.883999824523926,14.03600025177002,351066000,15.873899745941165,15.215399951934817,35.43879461800603,16.408349990844727,18.550155935240326,14.266544046449129,-0.006019406302800401,17.1096049785614,-0.1917027831535556,0.23642936042734436,21.10464420594213,0.8091429301670618,1.02722560243279,37.04886651941469,-0.04328198148656881,19.83609127402078,39.58766266879015,0.13813193939686386,19.05616624948849,38.82182499757594,0.25720014814007186,19.0164411705617,1
2022-12-29 00:00:00+00:00,14.402000427246094,14.68299961090088,14.22700023651123,14.602999687194824,354923000,15.566799736022949,15.268119945526124,30.776146834349817,16.2923499584198,18.56415123458644,14.020548682253157,0.040396083303952945,17.067754979133607,-0.260571515728806,0.1370291851961143,21.382107267939677,0.768214225769043,1.0320516881147863,35.43879461800603,-0.1917027831535556,21.10464420594213,37.04886651941469,-0.04328198148656881,19.83609127402078,39.58766266879015,0.13813193939686386,19.05616624948849,1
2022-12-30 00:00:00+00:00,14.333999633789062,14.628999710083008,14.232999801635742,14.61400032043457,310490000,15.332999801635742,15.319379959106444,31.686371344298408,16.166299962997435,18.51953562724044,13.813064298754432,0.0007533132558643629,17.018344979286194,-0.310681480585119,0.04748705203986763,21.189458140230577,0.7530713762555804,1.0278226595915327,30.776146834349817,-0.260571515728806,21.382107267939677,35.43879461800603,-0.1917027831535556,21.10464420594213,37.04886651941469,-0.04328198148656881,19.83609127402078,0
2023-01-03 00:00:00+00:00,14.85099983215332,14.996000289916992,14.095999717712402,14.3149995803833,401277000,15.107399845123291,15.3617999458313,24.371227222912708,16.038249969482422,18.50486344427016,13.571636494694683,-0.020459883228083786,16.96608997344971,-0.3702528057548644,-0.03606091951907878,20.66655937254987,0.7644286155700684,1.063847941985533,31.686371344298408,-0.310681480585119,21.189458140230577,30.776146834349817,-0.260571515728806,21.382107267939677,35.43879461800603,-0.1917027831535556,21.10464420594213,1
2023-01-04 00:00:00+00:00,14.56700038909912,14.852999687194824,14.241000175476074,14.74899959564209,431324000,14.9568998336792,15.407459945678712,23.110536207433285,15.945199918746948,18.46091750618531,13.429482331308586,0.03031785036539758,16.907569975852965,-0.37808500738282724,-0.10446573709182848,21.812828718521985,0.7184999329703194,1.0429744754004464,24.371227222912708,-0.3702528057548644,20.66655937254987,31.686371344298408,-0.310681480585119,21.189458140230577,30.776146834349817,-0.260571515728806,21.382107267939677,1
2023-01-05 00:00:00+00:00,14.491000175476074,14.564000129699709,14.14799976348877,14.265000343322754,389168000,14.774899959564207,15.440779953002927,22.793302025214444,15.859099912643432,18.484282623491016,13.233917201795853,-0.032815734326980706,16.845224981307982,-0.4185223136024856,-0.1672770523939599,23.63811983178625,0.7019998686654227,1.029403475626604,23.110536207433285,-0.37808500738282724,21.812828718521985,24.371227222912708,-0.3702528057548644,20.66655937254987,31.686371344298408,-0.310681480585119,21.189458140230577,1
2023-01-06 00:00:00+00:00,14.473999977111816,15.010000228881836,14.034000396728516,14.859000205993652,405044000,14.610700035095215,15.472739963531494,32.94769895966053,15.796049880981446,18.455200883610747,13.136898878352143,0.04164036791972059,16.786899981498717,-0.3980498742896934,-0.21343161677310662,25.061456784909723,0.7021427835736956,1.069545375841719,22.793302025214444,-0.4185223136024856,23.63811983178625,23.110536207433285,-0.37808500738282724,21.812828718521985,24.371227222912708,-0.3702528057548644,20.66655937254987,1
2023-01-09 00:00:00+00:00,15.284000396728516,16.055999755859375,15.140999794006348,15.628000259399414,504231000,14.63960008621216,15.527379970550538,42.773954473266286,15.718999862670898,18.298765746864337,13.139233978477462,0.051753149118038966,16.736869978904725,-0.3161292993508411,-0.23397115328865353,24.2657850351565,0.7425712857927594,1.0604319380689269,32.94769895966053,-0.3980498742896934,25.061456784909723,22.793302025214444,-0.4185223136024856,23.63811983178625,23.110536207433285,-0.37808500738282724,21.812828718521985,1
2023-01-10 00:00:00+00:00,15.506999969482422,15.961999893188477,15.472000122070312,15.909000396728516,384101000,14.709900093078613,15.582039985656738,47.34166053075963,15.664399909973143,18.175223479809404,13.153576340136883,0.017980556223762267,16.675664982795716,-0.2259279342488405,-0.23236250948069093,23.23081306087645,0.7444284984043666,1.0316700987107152,42.773954473266286,-0.3161292993508411,24.2657850351565,32.94769895966053,-0.3980498742896934,25.061456784909723,22.793302025214444,-0.4185223136024856,23.63811983178625,1
2023-01-11 00:00:00+00:00,15.84000015258789,16.027999877929688,15.562999725341797,16.000999450683594,353285000,14.897900009155274,15.625379981994628,49.34498089378874,15.58769989013672,17.94707596772105,13.228323812552386,0.0057828305777147815,16.61720998287201,-0.14534371587052775,-0.2149587507586583,23.35104251849658,0.7449285643441337,1.0298785684504457,47.34166053075963,-0.2259279342488405,23.23081306087645,42.773954473266286,-0.3161292993508411,24.2657850351565,32.94769895966053,-0.3980498742896934,25.061456784909723,1
2023-01-12 00:00:00+00:00,16.100000381469727,16.636999130249023,15.491999626159668,16.51099967956543,551409000,15.145399951934817,15.685659980773924,50.07685391189784,15.509649848937988,17.61230532755231,13.406994370323666,0.03187302333542963,16.55866998195648,-0.03986781465625455,-0.17994056353817756,23.756572838490722,0.7879998343331474,1.0739090841543733,49.34498089378874,-0.14534371587052775,23.35104251849658,47.34166053075963,-0.2259279342488405,23.23081306087645,42.773954473266286,-0.3161292993508411,24.2657850351565,1
2023-01-13 00:00:00+00:00,16.277999877929688,16.922000885009766,16.165000915527344,16.89900016784668,447287000,15.375,15.75277997970581,63.60782086227673,15.470899868011475,17.42922153019925,13.512578205823704,0.02349951522084104,16.49988498210907,0.0741759396583479,-0.1291172628988725,25.51737118114576,0.7264284406389508,1.0468295655186313,50.07685391189784,-0.03986781465625455,23.756572838490722,49.34498089378874,-0.14534371587052775,23.35104251849658,47.34166053075963,-0.2259279342488405,23.23081306087645,0
2023-01-17 00:00:00+00:00,16.89900016784668,17.72800064086914,16.89900016784668,17.70199966430664,511102000,15.683799934387206,15.842439975738523,69.49390457267657,15.508399868011477,17.60964698763823,13.407152748384725,0.04751757432299497,16.449944977760314,0.2267380894553881,-0.05794619242802038,27.846684616065087,0.7530713762555804,1.0490561846729713,63.60782086227673,0.0741759396583479,25.51737118114576,50.07685391189784,-0.03986781465625455,23.756572838490722,49.34498089378874,-0.14534371587052775,23.35104251849658,1
2023-01-18 00:00:00+00:00,17.66699981689453,17.87299919128418,17.281999588012695,17.37700080871582,439624000,15.99000005722046,15.92156000137329,78.85502928974398,15.548699951171876,17.76359962770587,13.33380027463788,-0.018359443099873696,16.400399985313417,0.3177570948110038,0.017194465019784458,31.974904770929175,0.7131427356175015,1.0341974087119767,69.49390457267657,0.2267380894553881,27.846684616065087,63.60782086227673,0.0741759396583479,25.51737118114576,50.07685391189784,-0.03986781465625455,23.756572838490722,1
2023-01-19 00:00:00+00:00,17.035999298095703,17.19700050354004,16.731000900268555,16.764999389648438,452932000,16.191600036621093,15.97373998641968,72.11865199388127,15.574249935150146,17.834726749395404,13.313773120904887,-0.0352190476253198,16.350664982795717,0.33662649184708116,0.08108087038524381,35.16592872844904,0.7322855676923481,1.0278524641800721,78.85502928974398,0.3177570948110038,31.974904770929175,69.49390457267657,0.2267380894553881,27.846684616065087,63.60782086227673,0.0741759396583479,25.51737118114576,1
2023-01-20 00:00:00+00:00,17.01099967956543,17.856000900268555,16.825000762939453,17.839000701904297,564967000,16.54900007247925,16.044500007629395,74.23607147984478,15.661950016021729,18.132225668232444,13.191674363811016,0.06406211460520561,16.30305998325348,0.4332493264929447,0.151514561606784,37.75086647703119,0.7640000070844378,1.061277865710419,72.11865199388127,0.33662649184708116,35.16592872844904,78.85502928974398,0.3177570948110038,31.974904770929175,69.49390457267657,0.2267380894553881,27.846684616065087,1
2023-01-23 00:00:00+00:00,18.06399917602539,19.2450008392334,17.81800079345703,19.19300079345703,655163000,16.982400131225585,16.13632001876831,78.55094087767044,15.7965500831604,18.712485091373917,12.880615074946888,0.07590111767909713,16.26936998844147,0.6120250666214808,0.24361666260972337,40.26815806584876,0.8376428740365165,1.0800875509165078,74.23607147984478,0.4332493264929447,37.75086647703119,72.11865199388127,0.33662649184708116,35.16592872844904,78.85502928974398,0.3177570948110038,31.974904770929175,1
2023-01-24 00:00:00+00:00,18.82699966430664,19.4950008392334,18.81999969482422,19.26499938964844,496204000,17.346100044250488,16.246100006103514,81.76335043264778,15.992850065231323,19.28359722854452,12.702102901918124,0.0037512943893565076,16.243659987449647,0.7508603628101476,0.34506540264980823,43.57802362810588,0.8215714863368443,1.0358661612834572,78.55094087767044,0.6120250666214808,40.26815806584876,74.23607147984478,0.4332493264929447,37.75086647703119,72.11865199388127,0.33662649184708116,35.16592872844904,1
2023-01-25 00:00:00+00:00,18.913000106811523,19.3700008392334,18.57999992370605,19.322999954223636,449537000,17.6875,16.31756000518799,80.83873193712282,16.198700046539308,19.784082995160176,12.613317097918442,0.003010670460044773,16.21923498630524,0.8557044676783754,0.44719321565552167,44.28951870502507,0.8342858723231726,1.0425188869091109,81.76335043264778,0.7508603628101476,43.57802362810588,78.55094087767044,0.6120250666214808,40.26815806584876,74.23607147984478,0.4332493264929447,37.75086647703119,0
2023-01-26 00:00:00+00:00,19.701000213623047,20.166000366210938,19.277999877929688,19.802000045776367,489535000,18.06760005950928,16.387060012817383,87.35662875690211,16.482750034332277,20.26955144571033,12.69594862295422,0.024789116218365992,16.202649989128112,0.9663065005317222,0.5510158726307618,45.50570396901613,0.8547859191894533,1.0460628952123747,80.83873193712282,0.8557044676783754,44.28951870502507,81.76335043264778,0.7508603628101476,43.57802362810588,78.55094087767044,0.6120250666214808,40.26815806584876,0
2023-01-27 00:00:00+00:00,19.46199989318848,20.62800025939941,19.405000686645508,20.364999771118164,542142000,18.45300006866455,16.46846000671387,87.30351951045753,16.799200010299682,20.77800769174821,12.820392328851153,0.028431457632577928,16.19488998889923,1.0868601339850414,0.6581847249016177,48.301340644912216,0.8724287578037807,1.063024969310904,87.35662875690211,0.9663065005317222,45.50570396901613,80.83873193712282,0.8557044676783754,44.28951870502507,81.76335043264778,0.7508603628101476,43.57802362810588,1
2023-01-30 00:00:00+00:00,19.950000762939453,20.13999938964844,19.149999618530277,19.16200065612793,488611000,18.67930011749268,16.518380012512207,72.61326317752501,17.027150058746336,20.998551289102785,13.055748828389888,-0.059071894353583065,16.183179993629455,1.0729593745662243,0.741139654834539,52.36600143585432,0.8737145151410781,1.051697117015094,87.30351951045753,1.0868601339850414,48.301340644912216,87.35662875690211,0.9663065005317222,45.50570396901613,80.83873193712282,0.8557044676783754,44.28951870502507,1
2023-01-31 00:00:00+00:00,19.170000076293945,19.687000274658203,18.950000762939453,19.53700065612793,498017000,18.86280021667481,16.590920028686522,72.93880058436076,17.273300075531004,21.22515223224956,13.321447918812453,0.019569981586451846,16.169850001335146,1.0797555388441715,0.8088628316364656,56.396267309726156,0.8913573537554057,1.0388917932478452,72.61326317752501,1.0729593745662243,52.36600143585432,87.30351951045753,1.0868601339850414,48.301340644912216,87.35662875690211,0.9663065005317222,45.50570396901613,1
2023-02-01 00:00:00+00:00,19.69099998474121,21.191999435424805,19.61100006103516,20.94300079345703,660477000,19.219400215148926,16.696240043640138,76.79462848274162,17.604700136184693,21.623079883275626,13.586320389093762,0.07196601781799594,16.1682750082016,1.184934817665468,0.884077228842266,61.11443762472516,0.9763572556631903,1.080617988346801,72.93880058436076,1.0797555388441715,56.396267309726156,72.61326317752501,1.0729593745662243,52.36600143585432,87.30351951045753,1.0868601339850414,48.301340644912216,1
2023-02-02 00:00:00+00:00,21.0,21.948999404907227,20.700000762939453,21.708999633789062,564276000,19.71380023956299,16.822240028381348,77.42140034182557,17.95270013809204,22.132052990877924,13.77334728530616,0.036575409984768825,16.16790500164032,1.3149420254560376,0.9702501881650203,65.70247493868203,0.9837857655116488,1.0603380964219062,76.79462848274162,1.184934817665468,61.11443762472516,72.93880058436076,1.0797555388441715,56.396267309726156,72.61326317752501,1.0729593745662243,52.36600143585432,1
2023-02-03 00:00:00+00:00,21.0,21.7450008392334,20.78899955749512,21.100000381469727,429366000,20.03990020751953,16.93790002822876,71.65687853141787,18.29445013999939,22.319077263439727,14.269823016559055,-0.02805284732565272,16.16241500377655,1.3532332931929076,1.0468468091705978,67.82199346424927,0.9980001449584955,1.0459859205390962,77.42140034182557,1.3149420254560376,65.70247493868203,76.79462848274162,1.184934817665468,61.11443762472516,72.93880058436076,1.0797555388441715,56.396267309726156,1
2023-02-06 00:00:00+00:00,20.80599975585937,21.56999969482422,20.785999298095703,21.089000701904297,452197000,20.229500198364256,17.038920040130616,69.0131465114805,18.605950164794923,22.472276119088395,14.73962421050145,-0.0005213118183206022,16.16045000553131,1.3669346448368849,1.1108643763038553,69.04757798950796,0.9947858537946423,1.0377177149621255,71.65687853141787,1.3532332931929076,67.82199346424927,77.42140034182557,1.3149420254560376,65.70247493868203,76.79462848274162,1.184934817665468,61.11443762472516,1
2023-02-07 00:00:00+00:00,21.381999969482425,22.25900077819824,21.149999618530277,22.17300033569336,664150000,20.52030029296875,17.152000064849855,74.80860899879572,18.93320016860962,22.84590747768221,15.02049285953703,0.05140118534356053,16.170400004386902,1.4485646245201877,1.1784044259471218,68.50212492805848,1.0361430304391035,1.0524350439560446,69.0131465114805,1.3669346448368849,69.04757798950796,71.65687853141787,1.3532332931929076,67.82199346424927,77.42140034182557,1.3149420254560376,65.70247493868203,0
2023-02-08 00:00:00+00:00,22.386999130249023,22.87800025939941,22.007999420166016,22.20499992370605,559651000,20.808500289916992,17.2707000541687,79.93617957885071,19.248000144958496,23.14930847303056,15.346691816886434,0.0014431780782133696,16.18385000705719,1.4985645515264139,1.2424364510629804,69.90362993915033,1.052143096923827,1.0395311187820284,74.80860899879572,1.4485646245201877,68.50212492805848,69.0131465114805,1.3669346448368849,69.04757798950796,71.65687853141787,1.3532332931929076,67.82199346424927,0
2023-02-09 00:00:00+00:00,22.606000900268555,23.020000457763672,22.1200008392334,22.33699989318848,523876000,21.062000274658203,17.400900058746338,77.61543341969961,19.56480016708374,23.38407655325465,15.745523780912828,0.0059446057165488675,16.1960250043869,1.5311905368999525,1.3001872682303748,71.09691043572016,1.0385001046316955,1.0406871421511874,79.93617957885071,1.4985645515264139,69.90362993915033,74.80860899879572,1.4485646245201877,68.50212492805848,69.0131465114805,1.3669346448368849,69.04757798950796,1
2023-02-10 00:00:00+00:00,21.690000534057617,22.077999114990234,20.81100082397461,21.26499938964844,550737000,21.15200023651123,17.51342004776001,63.177306857191375,19.80250015258789,23.4072513114714,16.19774899370438,-0.04799214346895975,16.208410000801088,1.4537870318600774,1.3309072209563153,69.16384021375458,1.04557146344866,1.0608811801860112,77.61543341969961,1.5311905368999525,71.09691043572016,79.93617957885071,1.4985645515264139,69.90362993915033,74.80860899879572,1.4485646245201877,68.50212492805848,1
2023-02-13 00:00:00+00:00,21.538000106811523,22.04800033569336,20.96199989318848,21.788000106811523,474919000,21.41460018157959,17.610720043182372,65.17503536270723,20.046950149536134,23.48173747137203,16.61216282770024,0.024594438381111416,16.225274996757506,1.4182967414531227,1.3483851250556769,66.86802409574632,1.0749285561697814,1.0518080549584283,63.177306857191375,1.4537870318600774,69.16384021375458,77.61543341969961,1.5311905368999525,71.09691043572016,79.93617957885071,1.4985645515264139,69.90362993915033,1
2023-02-14 00:00:00+00:00,21.577999114990234,23.048999786376957,21.36599922180176,22.97100067138672,675474000,21.75800018310547,17.72744005203247,69.32613668445822,20.310400199890136,23.795784384413235,16.825016015367037,0.05429596836679651,16.241220002174376,1.4686984479499365,1.3724477896345288,65.86157674526875,1.1387142453874848,1.078770037717584,65.17503536270723,1.4182967414531227,66.86802409574632,63.177306857191375,1.4537870318600774,69.16384021375458,77.61543341969961,1.5311905368999525,71.09691043572016,0
2023-02-15 00:00:00+00:00,22.548999786376957,22.854999542236328,22.106000900268555,22.763999938964844,420575000,21.94010009765625,17.845200061798096,66.15754086410857,20.57975015640259,23.941042844770788,17.21845746803439,-0.009011393773529441,16.262304997444154,1.4749367812462637,1.3929455879568757,64.09108587699423,1.137071337018693,1.0338821411139396,69.32613668445822,1.4686984479499365,65.86157674526875,65.17503536270723,1.4182967414531227,66.86802409574632,63.177306857191375,1.4537870318600774,69.16384021375458,0
2023-02-16 00:00:00+00:00,22.132999420166016,22.549999237060547,21.927000045776367,22.00200080871582,412026000,21.969400215148926,17.953040065765382,58.739996855368965,20.84160022735596,23.73500597373336,17.948194480978554,-0.03347386805008379,16.274649996757507,1.4022297125412315,1.394802412873747,61.58601435661484,1.109499931335448,1.0284124225832791,66.15754086410857,1.4749367812462637,64.09108587699423,69.32613668445822,1.4686984479499365,65.86157674526875,65.17503536270723,1.4182967414531227,66.86802409574632,0
2023-02-17 00:00:00+00:00,21.631000518798828,21.739999771118164,20.975000381469727,21.38800048828125,465888000,21.99820022583008,18.061060066223146,62.682315794461,21.01905021667481,23.549671701534876,18.48842873181474,-0.027906567487777867,16.283580002784728,1.2803055765975913,1.371903045618516,58.87680221222506,1.09607137952532,1.0364719607025263,58.739996855368965,1.4022297125412315,61.58601435661484,66.15754086410857,1.4749367812462637,64.09108587699423,69.32613668445822,1.4686984479499365,65.86157674526875,1
2023-02-21 00:00:00+00:00,21.0,21.49399948120117,20.618000030517575,20.655000686645508,410015000,21.9548002243042,18.151760063171388,56.11999216512704,21.09215021133423,23.48117853630409,18.703121886364368,-0.03427154408554278,16.285185008049012,1.1117176730742528,1.3198659711096634,56.326025517860295,1.1059999465942376,1.042487120447521,62.682315794461,1.2803055765975913,58.87680221222506,58.739996855368965,1.4022297125412315,61.58601435661484,66.15754086410857,1.4749367812462637,64.09108587699423,1
2023-02-22 00:00:00+00:00,20.707000732421875,21.10400009155273,20.42099952697754,20.753999710083008,513184000,21.812900161743165,18.22346004486084,48.792633591813626,21.16660022735596,23.40386487027955,18.92933558443237,0.0047929808833899745,16.29473500728607,0.9748613440002778,1.2508650456877866,51.71406407668775,1.0365715026855458,1.0334459909111158,56.11999216512704,1.1117176730742528,56.326025517860295,62.682315794461,1.2803055765975913,58.87680221222506,58.739996855368965,1.4022297125412315,61.58601435661484,1
2023-02-23 00:00:00+00:00,23.440000534057617,23.88800048828125,23.024999618530277,23.66399955749512,1117995000,21.95880012512207,18.35672004699707,59.80343077945741,21.38365020751953,23.70840734078005,19.05889307425901,0.1402139292696596,16.319680008888245,1.0886649333341651,1.2184250232170624,48.65768092878549,1.1712145124162936,1.0374810373093966,48.792633591813626,0.9748613440002778,51.71406407668775,56.11999216512704,1.1117176730742528,56.326025517860295,62.682315794461,1.2803055765975913,58.87680221222506,0
2023-02-24 00:00:00+00:00,23.225000381469727,23.474000930786133,22.94700050354004,23.285999298095703,589716000,22.053700065612794,18.471740036010743,61.22176061599137,21.5578501701355,23.90560416961458,19.210096170656417,-0.015973642092115936,16.351360001564025,1.1352669848164965,1.2017934155369492,45.59228475120944,1.154142924717494,1.0229659831647624,59.80343077945741,1.0886649333341651,48.65768092878549,48.792633591813626,0.9748613440002778,51.71406407668775,56.11999216512704,1.1117176730742528,56.326025517860295,0
2023-02-27 00:00:00+00:00,23.670000076293945,23.8799991607666,23.45400047302246,23.500999450683597,452994000,22.277300071716308,18.58032001495361,62.12790974236217,21.71465015411377,24.14442031228792,19.284879995939622,0.009233022376904154,16.38089000225067,1.1759920574399594,1.1966331439175513,43.02952467660384,1.1405714579990927,1.0181631567814684,61.22176061599137,1.1352669848164965,45.59228475120944,59.80343077945741,1.0886649333341651,48.65768092878549,48.792633591813626,0.9748613440002778,51.71406407668775,0
2023-02-28 00:00:00+00:00,23.371999740600582,23.825000762939453,23.20599937438965,23.215999603271484,455963000,22.420100021362305,18.691160011291505,55.702565420282006,21.917350101470948,24.115878541760832,19.718821661181064,-0.012127137316443881,16.413820004463197,1.1717625161697427,1.1916590183679896,39.596414399230355,1.1012144088745115,1.0266741965542299,62.12790974236217,1.1759920574399594,43.02952467660384,61.22176061599137,1.1352669848164965,45.59228475120944,59.80343077945741,1.0886649333341651,48.65768092878549,1
2023-03-01 00:00:00+00:00,23.191999435424805,23.256000518798828,22.507999420166016,22.697999954223636,460026000,22.392799949646,18.806080017089844,52.5594434843778,22.07540006637573,23.98950337825815,20.161296754493318,-0.02231218374826527,16.44643500804901,1.1137734446958696,1.1760819036335657,33.997450121986226,1.0925001416887556,1.0332326780656766,55.702565420282006,1.1717625161697427,39.596414399230355,62.12790974236217,1.1759920574399594,43.02952467660384,61.22176061599137,1.1352669848164965,45.59228475120944,1
2023-03-02 00:00:00+00:00,22.488000869750977,23.3799991607666,22.43199920654297,23.31399917602539,389415000,22.44779987335205,18.9409400177002,54.8294577604766,22.19394998550415,24.106442299641717,20.28145767136659,0.027138920743857486,16.47447500705719,1.1047873756826299,1.1618229980433785,28.406953378462227,1.095928737095424,1.0422610550889784,52.5594434843778,1.1137734446958696,33.997450121986226,55.702565420282006,1.1717625161697427,39.596414399230355,62.12790974236217,1.1759920574399594,43.02952467660384,0
2023-03-03 00:00:00+00:00,23.31999969482422,23.899999618530277,23.1299991607666,23.88999938964844,412393000,22.636599731445312,19.093660011291504,63.6448702649904,22.30299997329712,24.343500236322637,20.262499710271605,0.024706195160861588,16.50760500431061,1.1311055736885365,1.1556795131724102,27.152992954081384,1.041928836277553,1.0332901204367426,54.8294577604766,1.1047873756826299,28.406953378462227,52.5594434843778,1.1137734446958696,33.997450121986226,55.702565420282006,1.1717625161697427,39.596414399230355,1
2023-03-06 00:00:00+00:00,23.891000747680664,24.24799919128418,23.48699951171875,23.554000854492188,437429000,22.853199768066407,19.243040046691892,59.36175388764961,22.425699996948243,24.456721806513613,20.394678187382876,-0.014064401161175466,16.534490008354187,1.1120318505332527,1.1469499806445786,26.26922294679992,1.0187144960675922,1.03240088965752,63.6448702649904,1.1311055736885365,27.152992954081384,54.8294577604766,1.1047873756826299,28.406953378462227,52.5594434843778,1.1137734446958696,33.997450121986226,0
2023-03-07 00:00:00+00:00,23.600000381469727,24.125,23.24099922180176,23.288000106811523,515154000,23.11649971008301,19.378780059814453,51.86141825692699,22.535649967193603,24.498944840715023,20.572355093672183,-0.011293229941015892,16.566240010261534,1.0631958898355478,1.1301991624827725,23.52836310250307,0.9616430827549526,1.0380362638353768,59.36175388764961,1.1120318505332527,26.26922294679992,63.6448702649904,1.1311055736885365,27.152992954081384,54.8294577604766,1.1047873756826299,28.406953378462227,0
2023-03-08 00:00:00+00:00,23.48699951171875,24.200000762939453,23.423999786376957,24.18099975585937,513573000,23.459199714660645,19.55562005996704,57.70025199151239,22.636049938201904,24.722752711283952,20.54934716511985,0.038345913987979374,16.60152500629425,1.0840543440296457,1.1209701987921472,21.223337948642097,0.9650002888270787,1.033128457293353,51.86141825692699,1.0631958898355478,23.52836310250307,59.36175388764961,1.1120318505332527,26.26922294679992,63.6448702649904,1.1311055736885365,27.152992954081384,0
2023-03-09 00:00:00+00:00,24.174999237060547,24.45400047302246,23.382999420166016,23.43600082397461,501257000,23.436399841308592,19.72022006988525,57.80705906199696,22.697599983215333,24.80330198362295,20.59189798280772,-0.030809269236448333,16.63523500919342,1.028612427888575,1.1024986446114329,19.81621264236483,0.9817146573747907,1.0458025522565249,57.70025199151239,1.0840543440296457,21.223337948642097,51.86141825692699,1.0631958898355478,23.52836310250307,59.36175388764961,1.1120318505332527,26.26922294679992,1
2023-03-10 00:00:00+00:00,23.40900039672852,23.62700080871582,22.72599983215332,22.96500015258789,474866000,23.40429992675781,19.897100067138677,58.721381848346205,22.7289999961853,24.83078673249154,20.627213259879063,-0.0200973141673938,16.665570006370544,0.9358802471216912,1.0691749651134845,19.72829897120959,0.9727146966116769,1.0396462634523012,57.80705906199696,1.028612427888575,19.81621264236483,57.70025199151239,1.0840543440296457,21.223337948642097,51.86141825692699,1.0631958898355478,23.52836310250307,1
2023-03-13 00:00:00+00:00,22.75200080871582,23.29800033569336,22.29700088500977,22.965999603271484,421890000,23.3507999420166,20.075700054168703,63.90660713306018,22.814050006866456,24.80092067544198,20.82717933829093,4.352060426526805e-05,16.699630007743835,0.8526412554400977,1.0258682231788072,19.74076807843596,0.981643268040248,1.0448939055008317,58.721381848346205,0.9358802471216912,19.72829897120959,57.80705906199696,1.028612427888575,19.81621264236483,57.70025199151239,1.0840543440296457,21.223337948642097,1
2023-03-14 00:00:00+00:00,23.496000289916992,24.2189998626709,23.459999084472656,24.0629997253418,474910000,23.435499954223637,20.26490005493164,67.77694732728264,22.92779998779297,24.92778300579869,20.927816969787244,0.047766269312050635,16.735070004463196,0.8652187930006967,0.9937383371431852,22.171591809933364,1.0223575319562639,1.0323529756103271,63.90660713306018,0.8526412554400977,19.74076807843596,58.721381848346205,0.9358802471216912,19.72829897120959,57.80705906199696,1.028612427888575,19.81621264236483,1
2023-03-15 00:00:00+00:00,23.76099967956543,24.285999298095703,23.36000061035156,24.22800064086914,524486000,23.588500022888184,20.45718006134033,54.29747960761277,22.99064998626709,25.073630155791992,20.90766981674219,0.006857038499384238,16.766955008506773,0.878375412066017,0.9706657521277515,20.42150087703061,0.8646430969238283,1.0396403537478422,67.77694732728264,0.8652187930006967,22.171591809933364,63.90660713306018,0.8526412554400977,19.74076807843596,58.721381848346205,0.9358802471216912,19.72829897120959,1
2023-03-16 00:00:00+00:00,24.027000427246094,25.58799934387207,23.893999099731445,25.541000366210938,583253000,23.81120014190674,20.681700077056885,65.03936054318618,23.1295000076294,25.49933946852133,20.759660546737457,0.05419348235970234,16.800605006217957,0.9834140471209167,0.9732154111263847,20.234318012915164,0.9344288962227958,1.070896472251046,54.29747960761277,0.878375412066017,20.42150087703061,67.77694732728264,0.8652187930006967,22.171591809933364,63.90660713306018,0.8526412554400977,19.74076807843596,1
2023-03-17 00:00:00+00:00,25.98200035095215,26.39900016784668,25.667999267578125,25.725000381469727,848547000,23.994700241088868,20.90122009277344,64.89419781096805,23.31564998626709,25.888749368254384,20.7425506042798,0.007204103700738651,16.835870003700258,1.0691803402230846,0.9924083969457247,20.1181927449779,0.9532860347202846,1.028479075936078,65.03936054318618,0.9834140471209167,20.234318012915164,54.29747960761277,0.878375412066017,20.42150087703061,67.77694732728264,0.8652187930006967,22.171591809933364,1
2023-03-20 00:00:00+00:00,25.614999771118164,26.02400016784668,25.1299991607666,25.899999618530277,432747000,24.22930011749268,21.133920078277587,68.24361798975849,23.54124994277954,26.192728801936667,20.889771083622414,0.006802691330049848,16.873770003318786,1.13815181566439,1.0215570806894578,20.33139918302337,0.9729288646153041,1.0355750512111361,64.89419781096805,1.0691803402230846,20.1181927449779,65.03936054318618,0.9834140471209167,20.234318012915164,54.29747960761277,0.878375412066017,20.42150087703061,1
2023-03-21 00:00:00+00:00,26.18000030517578,26.392000198364254,25.381000518798828,26.198999404907227,547408000,24.52040004730225,21.360720062255854,74.52711792748065,23.818449878692626,26.356186832136235,21.280712925249016,0.01154439346643965,16.906805005073547,1.2030707401722402,1.0578598125860144,22.869470424256463,0.9917144775390623,1.0398329324652358,68.24361798975849,1.13815181566439,20.33139918302337,64.89419781096805,1.0691803402230846,20.1181927449779,65.03936054318618,0.9834140471209167,20.234318012915164,1
2023-03-22 00:00:00+00:00,26.424999237060547,27.589000701904297,26.23699951171875,26.468000411987305,797295000,24.74910011291504,21.577520065307617,73.22534386354731,24.104149913787843,26.47001639596928,21.738283431606405,0.01026760613726685,16.94554501056671,1.26168170734379,1.0986241915375696,26.17607533048057,1.0232860020228791,1.0515303279851675,74.52711792748065,1.2030707401722402,22.869470424256463,68.24361798975849,1.13815181566439,20.33139918302337,64.89419781096805,1.0691803402230846,20.1181927449779,1
2023-03-23 00:00:00+00:00,27.114999771118164,27.499000549316406,26.690000534057617,27.19099998474121,564889000,25.1246000289917,21.80316005706787,73.79271566970993,24.280499935150143,27.006600463411253,21.55439940688904,0.027315987664351837,16.98757001399994,1.3508990212466614,1.1490791574793882,27.49078188744873,1.0419288362775525,1.0303109778595347,73.22534386354731,1.26168170734379,26.17607533048057,74.52711792748065,1.2030707401722402,22.869470424256463,68.24361798975849,1.13815181566439,20.33139918302337,0
2023-03-24 00:00:00+00:00,27.0310001373291,27.16699981689453,26.354999542236328,26.77899932861328,454920000,25.50599994659424,22.018720054626463,72.99300049607923,24.455149936676023,27.35500944941672,21.55529042393533,-0.01515209651572702,17.026835007667543,1.3725376163085485,1.1937708492452204,27.918618166033394,1.0472860336303706,1.0308101039181161,73.79271566970993,1.3508990212466614,27.49078188744873,73.22534386354731,1.26168170734379,26.17607533048057,74.52711792748065,1.2030707401722402,22.869470424256463,1
2023-03-27 00:00:00+00:00,26.83699989318848,27.0,26.364999771118164,26.5310001373291,361026000,25.8625,22.219120063781737,73.18084721739743,24.606649971008306,27.611324762670318,21.60197517934629,-0.009260958120238416,17.06625000476837,1.3540660659405326,1.2258298925842828,29.693345663616054,1.0295002801077704,1.0240849700130645,72.99300049607923,1.3725376163085485,27.918618166033394,73.79271566970993,1.3508990212466614,27.49078188744873,73.22534386354731,1.26168170734379,26.17607533048057,1
2023-03-28 00:00:00+00:00,26.44700050354004,26.51300048828125,25.850000381469727,26.40999984741211,356104000,26.097200012207036,22.409340057373047,67.90937043698301,24.76634998321533,27.79920223882847,21.73349772760219,-0.004560713478220735,17.108060002326965,1.3145106564458295,1.2435660453565922,30.676809698481758,1.0130002158028737,1.0256479728057097,73.18084721739743,1.3540660659405326,29.693345663616054,72.99300049607923,1.3725376163085485,27.918618166033394,73.79271566970993,1.3508990212466614,27.49078188744873,1
2023-03-29 00:00:00+00:00,26.825000762939453,27.077999114990234,26.597000122070312,26.983999252319336,393694000,26.37279987335205,22.5949800491333,79.31261071966482,24.98064994812012,28.003817431683565,21.95748246455667,0.02173416918680804,17.15810999393463,1.3143288988976067,1.257718616064795,31.547474825606635,0.9842143739972793,1.0180847084525442,67.90937043698301,1.3145106564458295,30.676809698481758,73.18084721739743,1.3540660659405326,29.693345663616054,72.99300049607923,1.3725376163085485,27.918618166033394,1
2023-03-30 00:00:00+00:00,27.22900009155273,27.499000549316406,27.101999282836918,27.382999420166016,364516000,26.55699977874756,22.795100021362305,86.93979603488343,25.18409996032715,28.28175757452644,22.08644234612786,0.014786546801893508,17.216789989471437,1.331037462368709,1.272382385325578,33.15008616902505,0.9566429683140344,1.0146484125520179,79.31261071966482,1.3143288988976067,31.547474825606635,67.90937043698301,1.3145106564458295,30.676809698481758,73.18084721739743,1.3540660659405326,29.693345663616054,1
2023-03-31 00:00:00+00:00,27.13999938964844,27.833999633789062,27.104999542236328,27.777000427246094,433933000,26.762199783325197,23.015340042114257,87.74517491458384,25.378450012207036,28.618707977614488,22.138192046799578,0.01438852629087517,17.276494989395143,1.3603899789023863,1.2899839040409398,35.61796024846315,0.9372144426618304,1.0268954105834525,86.93979603488343,1.331037462368709,33.15008616902505,79.31261071966482,1.3143288988976067,31.547474825606635,67.90937043698301,1.3145106564458295,30.676809698481758,0
2023-04-03 00:00:00+00:00,27.50900077819824,28.0,27.336000442504883,27.96500015258789,398716000,26.96869983673096,23.21786003112793,85.70644148971449,25.598999977111816,28.915952340210517,22.28204761401312,0.0067681795172307435,17.33368498802185,1.3828810741750992,1.3085633380677717,36.92384031696195,0.8951429639543805,1.0242902965593554,87.74517491458384,1.3603899789023863,35.61796024846315,86.93979603488343,1.331037462368709,33.15008616902505,79.31261071966482,1.3143288988976067,31.547474825606635,0
2023-04-04 00:00:00+00:00,27.965999603271484,28.0,27.30699920654297,27.452999114990234,368592000,27.09409980773926,23.383059997558597,77.74907947711543,25.80724992752075,29.03507478471363,22.579425070327872,-0.018308637039298414,17.392944984436035,1.343899586569858,1.3156305877681889,40.79940084859339,0.8785002572195868,1.0253781379717104,85.70644148971449,1.3828810741750992,36.92384031696195,87.74517491458384,1.3603899789023863,35.61796024846315,86.93979603488343,1.331037462368709,33.15008616902505,1
2023-04-05 00:00:00+00:00,26.82900047302246,26.99799919128418,26.395000457763672,26.881000518798828,515015000,27.13539981842041,23.5353800201416,63.21499243832154,25.942249965667724,29.10896181574788,22.77553811558757,-0.02083555948825555,17.447949986457825,1.2524139223787465,1.3029872546903005,40.89952151212549,0.833071572440011,1.0228451874621258,77.74907947711543,1.343899586569858,40.79940084859339,85.70644148971449,1.3828810741750992,36.92384031696195,87.74517491458384,1.3603899789023863,35.61796024846315,1
2023-04-06 00:00:00+00:00,26.583999633789062,27.07999992370605,26.427000045776367,27.03700065612793,397654000,27.11999988555908,23.68966003417969,63.01071323190062,26.12229995727539,29.09240142803175,23.152198486519037,0.005803360526703827,17.500304989814758,1.1789090520173353,1.2781716141557076,39.96213494657675,0.818428720746721,1.0247095726642665,63.21499243832154,1.2524139223787465,40.89952151212549,77.74907947711543,1.343899586569858,40.79940084859339,85.70644148971449,1.3828810741750992,36.92384031696195,0
2023-04-10 00:00:00+00:00,26.822999954223636,27.621000289916992,26.66900062561035,27.57900047302246,395279000,27.2,23.84520004272461,65.52043567520982,26.35299997329712,28.98843152426988,23.71756842232436,0.020046595544675805,17.556399989128114,1.1511213577597559,1.2527615628765172,40.80167570185362,0.8225714819771898,1.0356968630985157,63.01071323190062,1.1789090520173353,39.96213494657675,63.21499243832154,1.2524139223787465,40.89952151212549,77.74907947711543,1.343899586569858,40.79940084859339,0
2023-04-11 00:00:00+00:00,27.724000930786133,27.790000915527344,27.125999450683597,27.16900062561035,314378000,27.263800048828124,23.98128005981445,58.78624221252423,26.563150024414064,28.680842269471132,24.445457779356992,-0.014866378055041096,17.611119990348815,1.083525639584792,1.2189143782181724,40.279296977582774,0.7977858952113556,1.0244784147419501,65.52043567520982,1.1511213577597559,40.80167570185362,63.01071323190062,1.1789090520173353,39.96213494657675,63.21499243832154,1.2524139223787465,40.89952151212549,0
2023-04-12 00:00:00+00:00,27.3700008392334,27.468000411987305,26.447999954223636,26.4950008392334,446259000,27.27230014801025,24.12794006347656,50.22785173605768,26.684750080108643,28.447529490452123,24.92197066976516,-0.024807676795502775,17.657964997291565,0.9644517960662462,1.1680218617877873,37.07080479567953,0.7713572638375411,1.0385662605690067,58.78624221252423,1.083525639584792,40.279296977582774,65.52043567520982,1.1511213577597559,40.80167570185362,63.01071323190062,1.1789090520173353,39.96213494657675,1
2023-04-13 00:00:00+00:00,26.733999252319336,26.886999130249023,26.32900047302246,26.46299934387207,353615000,27.22020015716553,24.266460037231447,43.04546733310885,26.79650001525879,28.13609170929477,25.456908321222805,-0.0012078314530166168,17.70593499660492,0.8576165937244191,1.1059408081751139,34.287956077657036,0.7375714438302169,1.0211933095522674,50.22785173605768,0.9644517960662462,37.07080479567953,58.78624221252423,1.083525639584792,40.279296977582774,65.52043567520982,1.1511213577597559,40.80167570185362,1
2023-04-14 00:00:00+00:00,26.503999710083008,26.882999420166016,26.21999931335449,26.757999420166016,395660000,27.15770015716553,24.382760009765622,49.7948025594327,26.857349967956544,28.06042074499384,25.654279190919247,0.011147643260712048,17.75981499195099,0.787673161010261,1.0422872787421433,31.83819450395859,0.7252142769949772,1.0252860459257849,43.04546733310885,0.8576165937244191,34.287956077657036,50.22785173605768,0.9644517960662462,37.07080479567953,58.78624221252423,1.083525639584792,40.279296977582774,1
2023-04-17 00:00:00+00:00,26.565000534057617,27.006000518798828,26.433000564575195,27.00200080871582,321471000,27.0802001953125,24.48862003326416,54.60591057662106,26.921199989318847,28.00040275786915,25.841997220768544,0.009118820309335751,17.817114996910096,0.7433623411782335,0.9825022912293614,28.983642328514325,0.7207856859479627,1.0216774464489495,49.7948025594327,0.787673161010261,31.83819450395859,43.04546733310885,0.8576165937244191,34.287956077657036,50.22785173605768,0.9644517960662462,37.07080479567953,1
2023-04-18 00:00:00+00:00,27.53300094604492,28.11000061035156,27.35700035095215,27.66699981689453,604812000,27.050400161743163,24.619960021972656,61.11012583709892,27.00954999923706,28.024125474345407,25.99497452412871,0.0246277678787441,17.879654994010924,0.7532228751112378,0.9366464080057367,29.012312355552854,0.7512856892177029,1.0275249570398606,54.60591057662106,0.7433623411782335,28.983642328514325,49.7948025594327,0.787673161010261,31.83819450395859,43.04546733310885,0.8576165937244191,34.287956077657036,0
2023-04-19 00:00:00+00:00,27.36100006103516,28.0,27.23200035095215,27.93099975585937,358660000,27.09820022583008,24.75680000305176,58.855434300657535,27.09615001678467,28.115082611219684,26.07721742234965,0.009542051567283938,17.946694993972777,0.7734244523823115,0.9040020168810518,27.989521458576238,0.7584285736083977,1.028202101907692,61.11012583709892,0.7532228751112378,29.012312355552854,54.60591057662106,0.7433623411782335,28.983642328514325,49.7948025594327,0.787673161010261,31.83819450395859,0
2023-04-20 00:00:00+00:00,27.67099952697754,28.030000686645508,27.0,27.10400009155273,427713000,27.12050018310547,24.855419998168944,47.58442203553513,27.12795000076294,28.10309664777032,26.15280335375556,-0.029608666769371683,18.007394995689392,0.7144664618963574,0.866094905884113,24.98466929495271,0.7952142442975718,1.0381481735794633,58.855434300657535,0.7734244523823115,27.989521458576238,61.11012583709892,0.7532228751112378,29.012312355552854,54.60591057662106,0.7433623411782335,28.983642328514325,0
2023-04-21 00:00:00+00:00,26.95199966430664,27.183000564575195,26.722000122070312,27.11899948120117,345103000,27.128700065612797,24.95369998931885,43.902882160775775,27.124349975585936,28.09904806949168,26.1496518816802,0.0005534013281349726,18.067339992523195,0.6613287686739469,0.8251416784420798,21.091604054370777,0.7760714122227252,1.017251719197626,47.58442203553513,0.7144664618963574,24.98466929495271,58.855434300657535,0.7734244523823115,27.989521458576238,61.11012583709892,0.7532228751112378,29.012312355552854,0
2023-04-24 00:00:00+00:00,27.01300048828125,27.36599922180176,26.67099952697754,27.04199981689453,339282000,27.075,25.04779998779297,41.26773545560912,27.1375,28.09959516918265,26.17540483081735,-0.0028393254094795095,18.123259992599486,0.6060177392966075,0.7813168906129854,17.563214780184836,0.7782857077462327,1.026058254551774,43.902882160775775,0.6613287686739469,21.091604054370777,47.58442203553513,0.7144664618963574,24.98466929495271,58.855434300657535,0.7734244523823115,27.989521458576238,1
2023-04-25 00:00:00+00:00,27.077999114990234,27.246999740600582,26.225000381469727,26.24099922180176,378527000,26.98219985961914,25.147319984436034,39.128094522924975,27.122999954223637,28.13121832337751,26.11478158506976,-0.029620612399839708,18.175274987220764,0.49187921878791485,0.7234293562479713,14.485532087637186,0.801785605294363,1.0389704230415564,41.26773545560912,0.6060177392966075,17.563214780184836,43.902882160775775,0.6613287686739469,21.091604054370777,47.58442203553513,0.7144664618963574,24.98466929495271,1
2023-04-26 00:00:00+00:00,27.00200080871582,27.32999992370605,26.70499992370605,26.95599937438965,406337000,27.028299713134764,25.2506799697876,50.65592831012676,27.15029993057251,28.105398117500823,26.19520174364419,0.0272474438394803,18.23429498195648,0.4538860400341207,0.6695206930052013,13.17050170081163,0.8040000370570579,1.023403857022489,39.128094522924975,0.49187921878791485,14.485532087637186,41.26773545560912,0.6060177392966075,17.563214780184836,43.902882160775775,0.6613287686739469,21.091604054370777,1
2023-04-27 00:00:00+00:00,27.363000869750977,27.4950008392334,26.625,27.22599983215332,377161000,27.10459976196289,25.33577995300293,51.62064083759768,27.16239995956421,28.11475503953897,26.210044879589447,0.010016340110921451,18.29501498222351,0.4404853121137613,0.6237136168269134,12.56083994458424,0.8195001057216089,1.0326760878585315,50.65592831012676,0.4538860400341207,13.17050170081163,39.128094522924975,0.49187921878791485,14.485532087637186,41.26773545560912,0.6060177392966075,17.563214780184836,1
2023-04-28 00:00:00+00:00,27.225000381469727,27.757999420166016,27.07099914550781,27.749000549316406,292216000,27.20369987487793,25.43547996520996,51.46249150439277,27.180700016021728,28.16445161397221,26.196948418071244,0.01920960553835882,18.35793998718262,0.46668724560097274,0.5923083425817253,10.102239118224714,0.8005715778895779,1.0253777214119637,51.62064083759768,0.4404853121137613,12.56083994458424,50.65592831012676,0.4538860400341207,13.17050170081163,39.128094522924975,0.49187921878791485,14.485532087637186,1
2023-05-01 00:00:00+00:00,27.84000015258789,29.058000564575195,27.780000686645508,28.90999984741211,570329000,27.39449977874756,25.573639945983885,63.26374210490676,27.23734998703003,28.465751907614035,26.008948066446024,0.041839319438995215,18.425629987716675,0.5745127814222215,0.5887492303498245,9.324452409188664,0.8466429029192238,1.0460043141231472,51.46249150439277,0.46668724560097274,10.102239118224714,51.62064083759768,0.4404853121137613,12.56083994458424,50.65592831012676,0.4538860400341207,13.17050170081163,0
2023-05-02 00:00:00+00:00,28.68000030517578,28.836000442504883,28.08300018310547,28.209999084472656,402730000,27.448799705505373,25.71007991790772,63.01409596371147,27.249599933624268,28.512944188273483,25.98625567897505,-0.02421310157848766,18.48786998271942,0.5966038066725083,0.5903201456143613,11.796180115985948,0.8328571319580076,1.0268133837015183,63.26374210490676,0.5745127814222215,9.324452409188664,51.46249150439277,0.46668724560097274,10.102239118224714,51.62064083759768,0.4404853121137613,12.56083994458424,1
2023-05-03 00:00:00+00:00,27.84000015258789,28.367000579833984,27.472000122070312,27.802000045776367,383387000,27.43589973449707,25.85301990509033,59.61235227975395,27.267049980163574,28.551685371956896,25.98241458837025,-0.014462922791119825,18.546374983787537,0.574565754346704,0.5871692673608299,13.160446822714757,0.8569286891392297,1.032578642027766,63.01409596371147,0.5966038066725083,11.796180115985948,63.26374210490676,0.5745127814222215,9.324452409188664,51.46249150439277,0.46668724560097274,10.102239118224714,1
2023-05-04 00:00:00+00:00,27.650999069213867,27.858999252319336,27.239999771118164,27.562000274658203,321850000,27.481699752807614,25.98917991638184,55.81766188311348,27.301099967956542,28.57873280237349,26.02346713353959,-0.0086324642372132,18.599224982261656,0.5316064352632566,0.5760567009413152,14.642744159346934,0.8537857873099186,1.0227239165345912,59.61235227975395,0.574565754346704,13.160446822714757,63.01409596371147,0.5966038066725083,11.796180115985948,63.26374210490676,0.5745127814222215,9.324452409188664,1
2023-05-05 00:00:00+00:00,27.826000213623047,28.7549991607666,27.731000900268555,28.68000030517578,361494000,27.63779983520508,26.08949993133545,60.778518898412834,27.38324995040893,28.79375842044025,25.97274148037762,0.040563094818104384,18.65358998775482,0.5810758437119432,0.5770605294954408,16.896351408275088,0.8980714253016876,1.0369261197668538,55.81766188311348,0.5316064352632566,14.642744159346934,59.61235227975395,0.574565754346704,13.160446822714757,63.01409596371147,0.5966038066725083,11.796180115985948,1
2023-05-08 00:00:00+00:00,28.52199935913086,29.21999931335449,28.350000381469727,29.150999069213867,344979000,27.84869976043701,26.20679992675781,59.77601841509093,27.461849880218505,29.078431516345777,25.845268244091237,0.016422550872605246,18.709094986915588,0.6507845312948746,0.5918053298553276,16.428960708164734,0.8810713631766178,1.0306877925988818,60.778518898412834,0.5810758437119432,16.896351408275088,55.81766188311348,0.5316064352632566,14.642744159346934,59.61235227975395,0.574565754346704,13.160446822714757,0
2023-05-09 00:00:00+00:00,28.89900016784668,28.972999572753903,28.450000762939453,28.57099914550781,314869000,28.081699752807616,26.308199920654296,54.04755586221538,27.53194980621338,29.2152747302242,25.84862488220256,-0.019896399513750884,18.765354981422423,0.6517154517973154,0.6037873542437252,16.97553971467609,0.8762855529785151,1.0183830859679883,59.77601841509093,0.6507845312948746,16.428960708164734,60.778518898412834,0.5810758437119432,16.896351408275088,55.81766188311348,0.5316064352632566,14.642744159346934,0
2023-05-10 00:00:00+00:00,29.0049991607666,29.113000869750977,28.461000442504883,28.88500022888184,369350000,28.27459983825684,26.421579933166505,62.045179371532086,27.6514497756958,29.363905428971325,25.93899412242028,0.010990203099824125,18.8246599817276,0.6700663682231109,0.6170431570396024,18.92740802024003,0.8492855344499856,1.022908556168404,54.04755586221538,0.6517154517973154,16.97553971467609,59.77601841509093,0.6507845312948746,16.428960708164734,60.778518898412834,0.5810758437119432,16.896351408275088,1
2023-05-11 00:00:00+00:00,28.895999908447266,28.950000762939453,28.246000289916992,28.577999114990234,322149000,28.409799766540527,26.53917991638184,59.492513813073415,27.75719976425171,29.421171789492337,26.09322773901108,-0.010628392295619182,18.884884972572326,0.6523176655314806,0.6240980587379781,21.11118780977794,0.8666426794869554,1.0249238995183956,62.045179371532086,0.6700663682231109,18.92740802024003,54.04755586221538,0.6517154517973154,16.97553971467609,59.77601841509093,0.6507845312948746,16.428960708164734,1
2023-05-12 00:00:00+00:00,28.52899932861328,28.780000686645508,28.04599952697754,28.34000015258789,274222000,28.46889972686768,26.63969993591309,58.27173224969881,27.8362998008728,29.44992158058881,26.222678021156792,-0.008328048490893303,18.937634968757628,0.6119924950198232,0.6216769459943472,22.80172059844383,0.8694284984043659,1.0261713318137202,59.492513813073415,0.6523176655314806,21.11118780977794,62.045179371532086,0.6700663682231109,18.92740802024003,54.04755586221538,0.6517154517973154,16.97553971467609,1
2023-05-15 00:00:00+00:00,28.507999420166016,28.9689998626709,28.152000427246094,28.952999114990234,293926000,28.47319965362549,26.740959930419923,67.70697462538577,27.93384971618652,29.57082865751381,26.296870774859237,0.02163016792878758,18.992479968070985,0.6223246291408522,0.6218064826236482,25.004842784196693,0.8547856467110765,1.0290210082063687,58.27173224969881,0.6119924950198232,22.80172059844383,59.492513813073415,0.6523176655314806,21.11118780977794,62.045179371532086,0.6700663682231109,18.92740802024003,1
2023-05-16 00:00:00+00:00,28.840999603271484,29.8700008392334,28.832000732421875,29.21299934387207,449405000,28.57349967956543,26.85413990020752,65.6670848729202,28.0111496925354,29.73858066808036,26.28371871699044,0.008980079329578672,19.047729964256288,0.6440683464497177,0.6262588553888622,28.314291493866822,0.8511427470615932,1.0360016676069337,67.70697462538577,0.6223246291408522,25.004842784196693,58.27173224969881,0.6119924950198232,22.80172059844383,59.492513813073415,0.6523176655314806,21.11118780977794,1
2023-05-17 00:00:00+00:00,29.583999633789062,30.198999404907227,29.43000030517578,30.17799949645996,432535000,28.81109962463379,26.991939888000488,68.68827620382987,28.12349967956543,30.10289076622494,26.14410859290592,0.0330332445918573,19.10641496181488,0.7307442813403142,0.6471559405791526,31.883906769201253,0.8594284057617188,1.026129768663176,65.6670848729202,0.6440683464497177,28.314291493866822,67.70697462538577,0.6223246291408522,25.004842784196693,58.27173224969881,0.6119924950198232,22.80172059844383,1
2023-05-18 00:00:00+00:00,30.40999984741211,31.827999114990234,30.31999969482422,31.67799949645996,748725000,29.222699546813963,27.1418798828125,72.13521009315386,28.352199649810792,30.82986680862176,25.874532490999822,0.04970508400253504,19.17217496395111,0.9099833268376152,0.6997214178308451,36.494695778434355,0.9282140731811521,1.0497361291340461,68.68827620382987,0.7307442813403142,31.883906769201253,65.6670848729202,0.6440683464497177,28.314291493866822,67.70697462538577,0.6223246291408522,25.004842784196693,0
2023-05-19 00:00:00+00:00,31.535999298095703,31.57999992370605,30.916000366210938,31.263999938964844,473908000,29.48109951019287,27.298439865112304,64.48081058578705,28.55944967269897,31.28392783384259,25.83497151155536,-0.013068993120647687,19.234029965400694,1.0070169923491363,0.7611805327345034,39.0354313512641,0.8891425813947402,1.0214775375090506,72.13521009315386,0.9099833268376152,36.494695778434355,68.68827620382987,0.7307442813403142,31.883906769201253,65.6670848729202,0.6440683464497177,28.314291493866822,0
2023-05-22 00:00:00+00:00,30.900999069213867,31.520000457763672,30.68000030517578,31.176000595092773,372000000,29.68359966278076,27.4626598739624,69.73125812228606,28.76614971160889,31.629618255470263,25.902681167747502,-0.0028147180157327423,19.293834967613222,1.0645446516592614,0.821853356519455,39.88889428764654,0.8900711877005438,1.0273794049619414,64.48081058578705,1.0070169923491363,39.0354313512641,72.13521009315386,0.9099833268376152,36.494695778434355,68.68827620382987,0.7307442813403142,31.883906769201253,1
2023-05-23 00:00:00+00:00,31.0,31.288000106811523,30.631000518798828,30.6879997253418,356253000,29.89529972076416,27.61709987640381,68.99684142412374,28.98849973678589,31.713654654185707,26.263344819386077,-0.01565309406068549,19.352329964637757,1.0585557723163,0.8691938396788241,42.784822704483126,0.8730711255754741,1.0214488451857615,69.73125812228606,1.0645446516592614,39.88889428764654,64.48081058578705,1.0070169923491363,39.0354313512641,72.13521009315386,0.9099833268376152,36.494695778434355,1
2023-05-24 00:00:00+00:00,30.209999084472656,30.60700035095215,29.80599975585937,30.538000106811523,721419000,30.060599708557127,27.7465998840332,69.82414323667416,29.167599773406984,31.79955268049649,26.53564686631748,-0.004887891679900225,19.416054968833922,1.0298345352011218,0.9013219787832837,44.73092275177576,0.891856874738421,1.0268738039875784,68.99684142412374,1.0585557723163,42.784822704483126,69.73125812228606,1.0645446516592614,39.88889428764654,64.48081058578705,1.0070169923491363,39.0354313512641,1
2023-05-25 00:00:00+00:00,38.52299880981445,39.47999954223633,36.6349983215332,37.97999954223633,1543911000,31.00079975128174,28.021639862060542,83.62256171714913,29.70529975891113,34.31673269901176,25.093866818810504,0.24369635894280006,19.52052496433258,1.5892599079772403,1.0389095646220752,48.00971904655743,1.445356913975307,1.0776580142227248,69.82414323667416,1.0298345352011218,44.73092275177576,68.99684142412374,1.0585557723163,42.784822704483126,69.73125812228606,1.0645446516592614,39.88889428764654,0
2023-05-26 00:00:00+00:00,37.88999938964844,39.16999816894531,37.54999923706055,38.94599914550781,714397000,32.06139965057373,28.289739837646483,84.18848467297124,30.265149688720705,36.357509356763885,24.172790020677525,0.025434429039348228,19.624769959449768,2.086504713598675,1.2484285944173952,51.802709918634726,1.498928342546736,1.043142449129157,83.62256171714913,1.5892599079772403,48.00971904655743,69.82414323667416,1.0298345352011218,44.73092275177576,68.99684142412374,1.0585557723163,42.784822704483126,1
2023-05-30 00:00:00+00:00,40.595001220703125,41.9379997253418,39.94900131225586,40.11100006103516,923401000,33.17719974517822,28.577459831237796,88.69886329184072,30.825199699401857,38.296354590963816,23.354044807839895,0.029913237330867926,19.73561496257782,2.5452406917361863,1.5077910138811534,55.65805016426629,1.6625713620867053,1.0497884389534349,84.18848467297124,2.086504713598675,51.802709918634726,83.62256171714913,1.5892599079772403,48.00971904655743,69.82414323667416,1.0298345352011218,44.73092275177576,0
2023-05-31 00:00:00+00:00,39.48799896240234,40.29499816894531,37.821998596191406,37.83399963378906,1002580000,34.03929977416992,28.81613983154297,76.51869801999953,31.306399726867674,39.29045187244152,23.322347581293823,-0.056767480835214434,19.83123996257782,2.6940025699640486,1.7450333250977326,57.48464500882601,1.7926427296229777,1.0653852166607327,88.69886329184072,2.5452406917361863,55.65805016426629,84.18848467297124,2.086504713598675,51.802709918634726,83.62256171714913,1.5892599079772403,48.00971904655743,1
2023-06-01 00:00:00+00:00,38.48899841308594,40.04999923706055,38.34000015258789,39.77000045776367,635873000,34.99849987030029,29.087559852600094,80.24538430262909,31.90479974746704,40.549594222081296,23.260005272852787,0.05117092675143953,19.934929966926575,2.9342918272406777,1.9828850255263215,59.32887518781619,1.9006426674979078,1.0446009149104616,76.51869801999953,2.6940025699640486,57.48464500882601,88.69886329184072,2.5452406917361863,55.65805016426629,84.18848467297124,2.086504713598675,51.802709918634726,0
2023-06-02 00:00:00+00:00,40.09700012207031,40.5,39.05799865722656,39.32699966430664,482731000,35.76339988708496,29.34473983764649,79.36601026768746,32.493049716949464,41.48764017867302,23.498459255225917,-0.011139069357756326,20.037169966697693,3.0537743236090904,2.1970628851428753,61.81351183363387,1.9512141091482984,1.0369194887692137,80.24538430262909,2.9342918272406777,59.32887518781619,76.51869801999953,2.6940025699640486,57.48464500882601,88.69886329184072,2.5452406917361863,55.65805016426629,0
2023-06-05 00:00:00+00:00,38.90900039672852,39.56499862670898,38.70700073242188,39.17100143432617,396094000,36.55410003662109,29.584339866638185,77.99452690229023,33.017599773406985,42.29507971215061,23.74011983466336,-0.003966695433469725,20.14134997844696,3.10014081582397,2.3776784712790944,62.99858448661336,1.954142570495605,1.022166478364427,79.36601026768746,3.0537743236090904,61.81351183363387,80.24538430262909,2.9342918272406777,59.32887518781619,76.51869801999953,2.6940025699640486,57.48464500882601,0
2023-06-06 00:00:00+00:00,38.83000183105469,39.15999984741211,38.14799880981445,38.65399932861328,388729000,37.301899909973145,29.821839866638182,75.50656245558719,33.492749786376955,42.908786608391225,24.076712964362688,-0.013198593009670523,20.240754971504213,3.0598962663534124,2.514122030293958,63.12163925057,1.9530713217599047,1.026528286389096,77.99452690229023,3.10014081582397,62.99858448661336,79.36601026768746,3.0537743236090904,61.81351183363387,80.24538430262909,2.9342918272406777,59.32887518781619,1
2023-06-07 00:00:00+00:00,38.915000915527344,39.499000549316406,37.35599899291992,37.47499847412109,511998000,37.98059978485107,30.040719833374023,69.48880394351738,33.93794975280762,43.21513086786177,24.66076863775347,-0.030501393774782004,20.338884959220888,2.899443673488463,2.591186358932859,62.53808141689428,2.035714285714285,1.0573669989873018,75.50656245558719,3.0598962663534124,63.12163925057,77.99452690229023,3.10014081582397,62.99858448661336,79.36601026768746,3.0537743236090904,61.81351183363387,1
2023-06-08 00:00:00+00:00,37.7239990234375,38.86399841308594,37.505001068115234,38.5099983215332,417772000,38.77779960632324,30.282719802856445,68.71165073709675,34.41919965744019,43.59070271575792,25.247696599122463,0.02761840932767079,20.44626494884491,2.823254949829554,2.6376000771121983,61.00453053882405,2.017071451459612,1.036235096820889,69.48880394351738,2.899443673488463,62.53808141689428,75.50656245558719,3.0598962663534124,63.12163925057,77.99452690229023,3.10014081582397,62.99858448661336,1
2023-06-09 00:00:00+00:00,39.0369987487793,39.71099853515625,38.56700134277344,38.77000045776367,427717000,38.85679969787598,30.51843982696533,70.73251144493156,34.92879972457886,43.86328906485777,25.99431038429995,0.0067515488850355965,20.55420995235443,2.7521299954390557,2.66050606077757,60.225958138944584,2.0484286717006137,1.0296625911414596,68.71165073709675,2.823254949829554,61.00453053882405,69.48880394351738,2.899443673488463,62.53808141689428,75.50656245558719,3.0598962663534124,63.12163925057,1
2023-06-12 00:00:00+00:00,39.20000076293945,39.52999877929688,38.61800003051758,39.48199844360352,388701000,38.91039962768555,30.760419807434083,72.17771075225566,35.48589963912964,44.07329991228514,26.898499365974143,0.018364662817466515,20.665509943962096,2.72183957140593,2.672772762903242,60.02109933785007,2.0535714285714293,1.023615897976555,70.73251144493156,2.7521299954390557,60.225958138944584,68.71165073709675,2.823254949829554,61.00453053882405,69.48880394351738,2.899443673488463,62.53808141689428,1
2023-06-13 00:00:00+00:00,40.18600082397461,41.10100173950195,39.7400016784668,41.02199935913086,613208000,39.00149955749512,31.025319786071776,76.12498155625656,36.08934965133667,44.43665213273685,27.74204716993648,0.039005140981581476,20.781054940223694,2.7899387188134313,2.69620595408528,59.041097766070855,2.1222859791346957,1.0342476095508726,72.17771075225566,2.72183957140593,60.02109933785007,70.73251144493156,2.7521299954390557,60.225958138944584,68.71165073709675,2.823254949829554,61.00453053882405,1
2023-06-14 00:00:00+00:00,40.82400131225586,43.0,40.55199813842773,42.99700164794922,740465000,39.51779975891113,31.325959815979004,78.83626781345936,36.77854976654053,45.01070054364097,28.546398989440085,0.04814495440673228,20.91473994731903,2.9690486183824447,2.750774486944713,59.969378894500316,2.2341432571411133,1.0603669849563468,76.12498155625656,2.7899387188134313,59.041097766070855,72.17771075225566,2.72183957140593,60.02109933785007,70.73251144493156,2.7521299954390557,60.225958138944584,1
2023-06-15 00:00:00+00:00,42.60200119018555,43.28900146484375,42.14699935913086,42.65299987792969,568622000,39.80609970092773,31.629959831237795,66.10823003675836,37.40229978561401,45.41623598907995,29.38836358214808,-0.008000599037955025,21.04899994850159,3.048099838745415,2.8102395573048535,56.95848071019302,1.6770005907331194,1.0270956918185798,78.83626781345936,2.9690486183824447,59.969378894500316,76.12498155625656,2.7899387188134313,59.041097766070855,72.17771075225566,2.72183957140593,60.02109933785007,1
2023-06-16 00:00:00+00:00,43.45000076293945,43.72100067138672,42.6609992980957,42.69200134277344,655709000,40.14259986877441,31.94617984771729,63.79437061477319,37.952999877929685,45.8231030796563,30.08289667620307,0.0009143897253502953,21.185119953155517,3.0784096030202264,2.8638735664479285,54.15925477957065,1.6375721522739954,1.0248470825984222,66.10823003675836,3.048099838745415,56.95848071019302,78.83626781345936,2.9690486183824447,59.969378894500316,76.12498155625656,2.7899387188134313,59.041097766070855,1
2023-06-20 00:00:00+00:00,42.99800109863281,43.9900016784668,42.67399978637695,43.80799865722656,451153000,40.606299591064456,32.281599807739255,63.66322970956546,38.580199813842775,46.2012052214416,30.959194406243952,0.026140665214844372,21.328689947128296,3.1561004052087682,2.9223189342000966,49.98005500883287,1.5178579602922713,1.0308384941340782,63.79437061477319,3.0784096030202264,54.15925477957065,66.10823003675836,3.048099838745415,56.95848071019302,78.83626781345936,2.9690486183824447,59.969378894500316,0
2023-06-21 00:00:00+00:00,43.5009994506836,43.6150016784668,42.08000183105469,43.04499816894531,551603000,41.04539947509765,32.59091976165772,71.68537449415207,39.1736496925354,46.19163094924827,32.15566843582253,-0.01741692183318644,21.47422993659973,3.120136175320283,2.961882382424134,48.916103302031495,1.4646434783935547,1.0364781316686942,63.66322970956546,3.1561004052087682,49.98005500883287,63.79437061477319,3.0784096030202264,54.15925477957065,66.10823003675836,3.048099838745415,56.95848071019302,0
2023-06-22 00:00:00+00:00,42.25299835205078,43.42599868774414,42.23400115966797,43.025001525878906,417737000,41.60039978027344,32.908039779663085,66.11545773521348,39.79049978256226,45.75819993509595,33.82279963002856,-0.00046455207148399236,21.6211199426651,3.0548067909143697,2.9804672641221814,47.71644286440779,1.391500473022461,1.0282236467146402,71.68537449415207,3.120136175320283,48.916103302031495,63.66322970956546,3.1561004052087682,49.98005500883287,63.79437061477319,3.0784096030202264,54.15925477957065,0
2023-06-23 00:00:00+00:00,42.4640007019043,42.80899810791016,42.01499938964844,42.20899963378906,358140000,41.97029991149903,33.2223197555542,63.76049888294836,40.374049758911134,44.54395810216224,36.20414141566003,-0.018965760909945173,21.764839940071106,2.903716019251128,2.9651170151479707,45.83045718939734,1.3606433868408203,1.0188979823823905,66.11545773521348,3.0548067909143697,47.71644286440779,71.68537449415207,3.120136175320283,48.916103302031495,63.66322970956546,3.1561004052087682,49.98005500883287,0
2023-06-26 00:00:00+00:00,42.46099853515625,42.76399993896485,40.09999847412109,40.63199996948242,594322000,42.1564998626709,33.50569976806641,56.14225962895487,40.50664978027344,44.52180660661782,36.49149295392905,-0.03736169248238297,21.899429941177367,2.626448734678533,2.897383359054083,42.60351439989988,1.4896436418805823,1.0664339542696741,63.76049888294836,2.903716019251128,45.83045718939734,66.11545773521348,3.0548067909143697,47.71644286440779,71.68537449415207,3.120136175320283,48.916103302031495,1
2023-06-27 00:00:00+00:00,40.79899978637695,41.93999862670898,40.448001861572266,41.8759994506836,462175000,42.39589996337891,33.80805976867676,62.76544936942645,40.65314979553223,44.64227431740565,36.66402527365881,0.03061625029866888,22.038859939575197,2.478521917805182,2.8136110708043027,40.37322248030437,1.5231432233537963,1.0368867854150834,56.14225962895487,2.626448734678533,42.60351439989988,63.76049888294836,2.903716019251128,45.83045718939734,66.11545773521348,3.0548067909143697,47.71644286440779,1
2023-06-28 00:00:00+00:00,40.65999984741211,41.845001220703125,40.51800155639648,41.117000579833984,582639000,42.405400085449216,34.09035976409912,64.92623720474012,40.70344982147217,44.689159109352325,36.717740533592014,-0.01812491357354873,22.17250994205475,2.2738326565653466,2.7056553879565115,39.236940706427426,1.4670715332031274,1.032750866610724,62.76544936942645,2.478521917805182,40.37322248030437,56.14225962895487,2.626448734678533,42.60351439989988,63.76049888294836,2.903716019251128,45.83045718939734,1
2023-06-29 00:00:00+00:00,41.55799865722656,41.59999847412109,40.59999847412109,40.821998596191406,380514000,42.18789978027344,34.35345973968506,60.0872586813467,40.85284976959228,44.60270802791069,37.10299151127387,-0.0071746960985102914,22.3040949344635,2.0640180326074926,2.577327916886708,38.448979657207396,1.4392858232770667,1.0246305427976163,64.92623720474012,2.2738326565653466,39.236940706427426,62.76544936942645,2.478521917805182,40.37322248030437,56.14225962895487,2.626448734678533,42.60351439989988,1
2023-06-30 00:00:00+00:00,41.68000030517578,42.54999923706055,41.5009994506836,42.30199813842773,501148000,42.15279960632324,34.640879707336424,63.92743531410782,40.97944965362549,44.74630631606688,37.212592991184096,0.03625495059358519,22.449949927330017,1.9941744242421748,2.4606972183578013,37.5335218137323,1.476928710937502,1.025276494548607,60.0872586813467,2.0640180326074926,38.448979657207396,64.92623720474012,2.2738326565653466,39.236940706427426,62.76544936942645,2.478521917805182,40.37322248030437,0
2023-07-03 00:00:00+00:00,42.516998291015625,42.89799880981445,42.20199966430664,42.41299819946289,198209000,42.124899291992186,34.94705966949463,62.132623471547525,41.1337495803833,44.86828384758166,37.39921531318495,0.002623990967800971,22.596374917030335,1.9255827197166937,2.35367431862958,36.67777766301299,1.4615001678466812,1.0164920892622173,63.92743531410782,1.9941744242421748,37.5335218137323,60.0872586813467,2.0640180326074926,38.448979657207396,64.92623720474012,2.2738326565653466,39.236940706427426,1
2023-07-05 00:00:00+00:00,42.1349983215332,43.17699813842773,42.084999084472656,42.31700134277344,323618000,41.97579956054688,35.25101970672608,56.08839768700538,41.29104957580567,44.94156887825322,37.64053027335811,-0.0022633829430778185,22.743314924240114,1.8422409487460953,2.2513876446528833,34.52781298842667,1.4238570077078698,1.0259474653133107,62.132623471547525,1.9255827197166937,36.67777766301299,63.92743531410782,1.9941744242421748,37.5335218137323,60.0872586813467,2.0640180326074926,38.448979657207396,0
2023-07-06 00:00:00+00:00,41.84400177001953,42.17900085449219,41.34600067138672,42.10300064086914,303582000,41.881599807739256,35.55223972320557,44.962805183416336,41.46349964141846,44.909636551567,38.01736273126992,-0.005057085689292196,22.88783992767334,1.738879209528946,2.148885957628096,31.224384210946976,1.318356922694616,1.0201470558114207,56.08839768700538,1.8422409487460953,34.52781298842667,62.132623471547525,1.9255827197166937,36.67777766301299,63.92743531410782,1.9941744242421748,37.5335218137323,1
2023-07-07 00:00:00+00:00,42.321998596191406,43.2140007019043,42.18000030517578,42.50299835205078,355881000,41.82939949035645,35.87747970581054,49.160125146094906,41.71489963531494,44.62834252486999,38.8014567457599,0.009500456145478786,23.03344491958618,1.6699901519513176,2.0531067964927403,28.92356129049647,1.3161424909319206,1.024513996900129,44.962805183416336,1.738879209528946,31.224384210946976,56.08839768700538,1.8422409487460953,34.52781298842667,62.132623471547525,1.9255827197166937,36.67777766301299,1
2023-07-10 00:00:00+00:00,42.65700149536133,42.81100082397461,41.64899826049805,42.18000030517578,353908000,41.82649955749512,36.18195972442627,47.22161040526755,41.89839973449707,44.39429912770597,39.40250034128817,-0.007599417909287642,23.17846492290497,1.571219790828387,1.95672939535987,27.4433774979478,1.322856903076173,1.0278998922425144,49.160125146094906,1.6699901519513176,28.92356129049647,44.962805183416336,1.738879209528946,31.224384210946976,56.08839768700538,1.8422409487460953,34.52781298842667,1
2023-07-11 00:00:00+00:00,42.48099899291992,42.757999420166016,42.06700134277344,42.40499877929688,298244000,42.00379943847656,36.48553970336914,41.57153974980544,42.08014965057373,44.10105566820653,40.05924363294093,0.005334245436064977,23.324184918403624,1.4938785623476818,1.8641592287574325,27.40777111938672,1.2782137734549397,1.0164261310608316,47.22161040526755,1.571219790828387,27.4433774979478,49.160125146094906,1.6699901519513176,28.92356129049647,44.962805183416336,1.738879209528946,31.224384210946976,1
2023-07-12 00:00:00+00:00,43.03300094604492,43.935001373291016,42.777000427246094,43.902000427246094,481277000,42.206399536132814,36.808599700927736,54.73116404603417,42.30114974975586,44.07767622808117,40.52462327143054,0.03530248062829999,23.480889921188353,1.535678260527142,1.7984630351113746,24.43526301266232,1.2640713282993867,1.0270706439086212,41.57153974980544,1.4938785623476818,27.40777111938672,47.22161040526755,1.571219790828387,27.4433774979478,49.160125146094906,1.6699901519513176,28.92356129049647,1
2023-07-13 00:00:00+00:00,44.51800155639648,46.15499877929688,44.492000579833984,45.97700119018555,478204000,42.69239959716797,37.149939727783206,63.28294099815891,42.5488998413086,44.87220402158344,40.22559566103375,0.047264378450775135,23.64819492816925,1.7164538312380984,1.7820611943367195,23.06566885115347,1.3398571014404308,1.0373774651126084,54.73116404603417,1.535678260527142,24.43526301266232,41.57153974980544,1.4938785623476818,27.40777111938672,47.22161040526755,1.571219790828387,27.4433774979478,1
2023-07-14 00:00:00+00:00,46.58300018310547,48.0880012512207,45.060001373291016,45.46900177001953,772075000,43.157099914550784,37.49511978149414,65.08702415999988,42.67249984741211,45.334510832666176,40.01048886215805,-0.011048989864838266,23.814399938583374,1.7980022154429847,1.7852493985579727,23.27288319621926,1.4839997972760892,1.0671992850786842,63.28294099815891,1.7164538312380984,23.06566885115347,54.73116404603417,1.535678260527142,24.43526301266232,41.57153974980544,1.4938785623476818,27.40777111938672,1
2023-07-17 00:00:00+00:00,46.28900146484375,46.49599838256836,45.262001037597656,46.46099853515625,510488000,43.57299995422363,37.86829975128174,78.52042315219943,42.86289978027344,46.0180871940488,39.70771236649808,0.021816990180567375,23.9846399307251,1.9205369909939805,1.8123069170451744,27.140857259949623,1.3818566458565849,1.0272634288516247,65.08702415999988,1.7980022154429847,23.27288319621926,63.28294099815891,1.7164538312380984,23.06566885115347,54.73116404603417,1.535678260527142,24.43526301266232,0
2023-07-18 00:00:00+00:00,46.70100021362305,47.89599990844727,45.73400115966797,47.49399948120117,569164000,44.08110008239746,38.2669397354126,78.06756913858591,43.10299968719482,46.87414093660156,39.33185843778809,0.02223372244708144,24.158429927825928,2.0770581927085203,1.8652571721778437,30.780170972236302,1.4297139304024842,1.0472733348046952,78.52042315219943,1.9205369909939805,27.140857259949623,65.08702415999988,1.7980022154429847,23.27288319621926,63.28294099815891,1.7164538312380984,23.06566885115347,0
2023-07-19 00:00:00+00:00,47.4640007019043,47.81800079345703,46.742000579833984,47.07699966430664,427502000,44.55709991455078,38.634879722595215,80.8297308240873,43.266449737548825,47.4292799722826,39.10361950281505,-0.008780052668750038,24.33271492481232,2.142753642359864,1.9207564662142478,33.7835810339998,1.4095712389264787,1.0230199863137066,78.06756913858591,2.0770581927085203,30.780170972236302,78.52042315219943,1.9205369909939805,27.140857259949623,65.08702415999988,1.7980022154429847,23.27288319621926,0
2023-07-20 00:00:00+00:00,46.50699996948242,47.08700180053711,45.0620002746582,45.52000045776367,537865000,44.89879989624024,38.96225975036621,71.49526984784133,43.39019985198975,47.67079639576176,39.10960330821774,-0.03307345875152434,24.49961992740631,2.0456005264096504,1.9457252782533283,35.102941096361675,1.482785633632115,1.0449381188925544,80.8297308240873,2.142753642359864,33.7835810339998,78.06756913858591,2.0770581927085203,30.780170972236302,78.52042315219943,1.9205369909939805,27.140857259949623,1
2023-07-21 00:00:00+00:00,45.78799819946289,45.86600112915039,44.09999847412109,44.30899810791016,963769000,45.07939987182617,39.27701972961426,59.41458547393504,43.45439968109131,47.75042097910479,39.15837838307783,-0.026603742040318124,24.658604917526244,1.8495675498061033,1.9264937325638836,35.25790202715517,1.4855000632149837,1.0400454130642576,71.49526984784133,2.0456005264096504,35.102941096361675,80.8297308240873,2.142753642359864,33.7835810339998,78.06756913858591,2.0770581927085203,30.780170972236302,1
2023-07-24 00:00:00+00:00,44.73099899291992,45.10900115966797,44.040000915527344,44.61199951171875,382516000,45.32259979248047,39.591559715271,60.13271820969632,43.57454967498779,47.85830948166187,39.29078986831372,0.006838371814922528,24.815829916000368,1.6990738191549326,1.8810097498820935,35.035842957191036,1.5121429988316133,1.0242733928682486,59.41458547393504,1.8495675498061033,35.25790202715517,71.49526984784133,2.0456005264096504,35.102941096361675,80.8297308240873,2.142753642359864,33.7835810339998,1
2023-07-25 00:00:00+00:00,44.94100189208984,46.18299865722656,44.92300033569336,45.67900085449219,348081000,45.65,39.93357975006104,64.21925186491671,43.82689971923829,47.97321948213635,39.68057995634022,0.023917362020349664,24.97817992210388,1.6469198772516975,1.8341917753560144,36.16575341332891,1.5463572910853804,1.0280479556600781,60.13271820969632,1.6990738191549326,35.035842957191036,59.41458547393504,1.8495675498061033,35.25790202715517,71.49526984784133,2.0456005264096504,35.102941096361675,1
2023-07-26 00:00:00+00:00,46.02099990844727,46.053001403808594,44.630001068115234,45.45199966430664,364237000,45.804999923706056,40.27581974029541,64.14870841786265,44.00569972991944,48.10595376785592,39.90544569198296,-0.004969486765015851,25.13978991985321,1.5691818520163991,1.7811897906880914,38.053909157726444,1.5786429813929976,1.031884389460837,64.21925186491671,1.6469198772516975,36.16575341332891,60.13271820969632,1.6990738191549326,35.035842957191036,59.41458547393504,1.8495675498061033,35.25790202715517,1
2023-07-27 00:00:00+00:00,46.51900100708008,47.39500045776367,45.75,45.900001525878906,455976000,45.79729995727539,40.61475978851318,64.29353803364175,44.24484977722168,48.19072935220129,40.29897020224208,0.00985659299659103,25.30890992641449,1.5261316177606972,1.7301781561026126,40.94108717998743,1.6380716051374173,1.0359562941587688,64.14870841786265,1.5691818520163991,38.053909157726444,64.21925186491671,1.6469198772516975,36.16575341332891,60.13271820969632,1.6990738191549326,35.035842957191036,1
2023-07-28 00:00:00+00:00,46.667999267578125,47.027000427246094,46.38100051879883,46.75,331194000,45.92539978027344,40.965499801635744,68.4125638446727,44.54124984741211,48.2902186626907,40.79228103213352,0.018518484659349133,25.48430992603302,1.54281713452432,1.6927059517869543,43.29997244940446,1.6355713435581762,1.013928114987201,64.29353803364175,1.5261316177606972,40.94108717998743,64.14870841786265,1.5691818520163991,38.053909157726444,64.21925186491671,1.6469198772516975,36.16575341332891,0
2023-07-31 00:00:00+00:00,46.75400161743164,47.130001068115234,46.50600051879883,46.729000091552734,251055000,45.952199935913086,41.2965198135376,67.71259834029797,44.76259994506836,48.47749824912583,41.04770164101089,-0.00044919590261527365,25.66002492427826,1.5366326648245376,1.661491294394471,45.35249162767023,1.6307858058384497,1.0134176351944986,68.4125638446727,1.54281713452432,43.29997244940446,64.29353803364175,1.5261316177606972,40.94108717998743,64.14870841786265,1.5691818520163991,38.053909157726444,0
2023-08-01 00:00:00+00:00,46.459999084472656,46.900001525878906,46.027000427246094,46.50699996948242,237858000,45.85349998474121,41.59309982299805,61.91564674470084,44.96730003356934,48.58702640452032,41.34757366261835,-0.00475079975251691,25.835059924125673,1.496566387774088,1.6285063130703947,47.93514468256984,1.5838571275983553,1.0189671516833418,67.71259834029797,1.5366326648245376,45.35249162767023,68.4125638446727,1.54281713452432,43.29997244940446,64.29353803364175,1.5261316177606972,40.94108717998743,0
2023-08-02 00:00:00+00:00,45.83100128173828,45.84000015258789,43.387001037597656,44.26900100708008,530142000,45.57270011901856,41.853199844360354,42.30214570669541,45.06490001678467,48.4834104187038,41.64638961486554,-0.04812176583892536,25.99660492897034,1.269590710602472,1.5567231925768101,46.22675478812714,1.6457857404436393,1.0565376508245996,61.91564674470084,1.496566387774088,47.93514468256984,67.71259834029797,1.5366326648245376,45.35249162767023,68.4125638446727,1.54281713452432,43.29997244940446,1
2023-08-03 00:00:00+00:00,43.79999923706055,45.11800003051758,43.79999923706055,44.51499938964844,324176000,45.47220001220703,42.119979820251466,45.596370403135154,45.18549995422363,48.322651507920895,42.048348400526365,0.00555689934202519,26.163044924736024,1.096916296492246,1.4647618133598974,44.84185270011797,1.5236429486955925,1.030091342840523,42.30214570669541,1.269590710602472,46.22675478812714,61.91564674470084,1.496566387774088,47.93514468256984,67.71259834029797,1.5366326648245376,45.35249162767023,1
2023-08-04 00:00:00+00:00,44.98500061035156,45.641998291015625,44.39300155639648,44.68000030517578,362666000,45.5093002319336,42.39981983184814,41.0994634643306,45.29435005187988,48.18064863077189,42.40805147298788,0.0037066363650386513,26.327004928588867,0.96229207019163,1.364267864726244,40.95354053572603,1.5247143336704814,1.0281349917966784,45.596370403135154,1.096916296492246,44.84185270011797,42.30214570669541,1.269590710602472,46.22675478812714,61.91564674470084,1.496566387774088,47.93514468256984,0
2023-08-07 00:00:00+00:00,45.11100006103516,45.540000915527344,44.5629997253418,45.41699981689453,322154000,45.58980026245117,42.6973998260498,39.30374432697079,45.45620002746582,47.94249415788565,42.96990589704599,0.0164950650556146,26.494254927635193,0.9046429414585546,1.2723428800727061,38.05299827172594,1.4400716509137845,1.0219240445258884,41.0994634643306,0.96229207019163,40.95354053572603,45.596370403135154,1.096916296492246,44.84185270011797,42.30214570669541,1.269590710602472,46.22675478812714,0
2023-08-08 00:00:00+00:00,44.85300064086914,45.242000579833984,44.055999755859375,44.66400146484375,353843000,45.48830032348633,42.83107986450195,37.98906061247051,45.56915016174317,47.64281829426317,43.49548202922316,-0.01657965860991717,26.65731993675232,0.7890986792794905,1.1756940399140632,35.401514657353125,1.4604287828717923,1.0269203021279043,39.30374432697079,0.9046429414585546,38.05299827172594,41.0994634643306,0.96229207019163,40.95354053572603,45.596370403135154,1.096916296492246,44.84185270011797,0
2023-08-09 00:00:00+00:00,44.27399826049805,44.3120002746582,42.13399887084961,42.55400085449219,586449000,45.19850044250488,42.90323989868164,36.0068000790439,45.50175018310547,47.870243139599246,43.1332572266117,-0.04724163848177376,26.809119939804077,0.5212608333928657,1.0448073986098236,34.54397275630156,1.4965002877371663,1.0516922547628262,37.98906061247051,0.7890986792794905,35.401514657353125,39.30374432697079,0.9046429414585546,38.05299827172594,41.0994634643306,0.96229207019163,40.95354053572603,1
2023-08-10 00:00:00+00:00,42.15999984741211,43.57400131225586,41.834999084472656,42.38800048828125,492705000,44.84730033874512,42.948779907226566,39.94558077389666,45.32230014801026,48.05502125358045,42.589579042440064,-0.0039009344098702714,26.958729944229127,0.2922338783891547,0.8942926945656899,34.4746619243675,1.494571685791016,1.041568119178677,36.0068000790439,0.5212608333928657,34.54397275630156,37.98906061247051,0.7890986792794905,35.401514657353125,39.30374432697079,0.9046429414585546,38.05299827172594,1
2023-08-11 00:00:00+00:00,41.7509994506836,42.01800155639648,40.63899993896485,40.85499954223633,533085000,44.25780029296875,43.00919990539551,32.57906130083181,45.091600036621095,48.47399048849744,41.70920958474475,-0.03616591791039403,27.100009942054747,-0.012824168986433904,0.7128693218552652,35.10075936741289,1.5431431361607142,1.033932961428744,39.94558077389666,0.2922338783891547,34.4746619243675,36.0068000790439,0.5212608333928657,34.54397275630156,37.98906061247051,0.7890986792794905,35.401514657353125,1
2023-08-14 00:00:00+00:00,40.48600006103516,43.79999923706055,40.31100082397461,43.75299835205078,690286000,43.96020011901855,43.08885986328125,42.36561461572984,44.95620002746582,48.32455503829184,41.58784501663981,0.07093376189659417,27.252469935417174,-0.020504225047794478,0.5661946124746533,34.835666754099854,1.680143083844866,1.0865520166150497,32.57906130083181,-0.012824168986433904,35.10075936741289,39.94558077389666,0.2922338783891547,34.4746619243675,36.0068000790439,0.5212608333928657,34.54397275630156,0
2023-08-15 00:00:00+00:00,44.560001373291016,45.26800155639648,43.709999084472656,43.93999862670898,676512000,43.703499984741214,43.1811198425293,43.9875881242571,44.77849998474121,47.95251675387008,41.60448321561234,0.004273999078955315,27.407689929008484,-0.01137029577785853,0.45068163082415097,32.987444777165614,1.6897860935756133,1.0356440746867295,42.36561461572984,-0.020504225047794478,34.835666754099854,32.57906130083181,-0.012824168986433904,35.10075936741289,39.94558077389666,0.2922338783891547,34.4746619243675,0
2023-08-16 00:00:00+00:00,44.52000045776367,44.67499923706055,43.40599822998047,43.48600006103516,527451000,43.62519989013672,43.26741981506348,40.40539516097241,44.59895000457764,47.628489070062216,41.56941093909306,-0.010332238959102957,27.559239931106568,-0.040300917163975214,0.35248512122652575,32.16799449704571,1.6416432516915453,1.0292356139434107,43.9875881242571,-0.01137029577785853,32.987444777165614,42.36561461572984,-0.020504225047794478,34.835666754099854,32.57906130083181,-0.012824168986433904,35.10075936741289,1
2023-08-17 00:00:00+00:00,43.970001220703125,44.0620002746582,43.0009994506836,43.34400177001953,452395000,43.50810012817383,43.3612198638916,35.655323677483125,44.49015007019043,47.53666043379334,41.443639706587525,-0.0032653794512332857,27.70678994178772,-0.07383558770802523,0.2672209794396156,31.059987625046453,1.6369291033063607,1.0246738642712578,40.40539516097241,-0.040300917163975214,32.16799449704571,43.9875881242571,-0.01137029577785853,32.987444777165614,42.36561461572984,-0.020504225047794478,34.835666754099854,1
2023-08-18 00:00:00+00:00,42.6349983215332,43.57799911499024,41.65999984741211,43.29899978637695,583768000,43.37000007629395,43.47769989013672,35.58338335796084,44.43965015411377,47.53194409954551,41.34735620868203,-0.0010382517027697213,27.855799942016603,-0.10285766061620905,0.19320525142845069,30.46844676097863,1.7293575831821981,1.046039348886298,35.655323677483125,-0.07383558770802523,31.059987625046453,40.40539516097241,-0.040300917163975214,32.16799449704571,43.9875881242571,-0.01137029577785853,32.987444777165614,1
2023-08-21 00:00:00+00:00,44.49399948120117,47.06499862670898,44.22200012207031,46.96699905395508,692573000,43.525,43.64683990478515,51.49915013431757,44.55740013122559,47.85017773912973,41.26462252332144,0.08471325632635462,28.022919936180116,0.16818034532368387,0.18820027020749736,28.364968442573154,1.936000279017856,1.064289233792928,35.58338335796084,-0.10285766061620905,30.46844676097863,35.655323677483125,-0.07383558770802523,31.059987625046453,40.40539516097241,-0.040300917163975214,32.16799449704571,1
2023-08-22 00:00:00+00:00,48.1349983215332,48.1870002746582,45.33300018310547,45.667999267578125,755293000,43.62539978027344,43.784799880981446,54.856622380357976,44.55685005187989,47.84884231347101,41.26485779028876,-0.027657713129269346,28.18516493320465,0.2749915596644783,0.20555852809889358,29.22078415032348,1.9170003618512825,1.0629563470325167,51.49915013431757,0.16818034532368387,28.364968442573154,35.58338335796084,-0.10285766061620905,30.46844676097863,35.655323677483125,-0.07383558770802523,31.059987625046453,1
2023-08-23 00:00:00+00:00,45.86600112915039,47.20000076293945,45.20800018310547,47.11600112915039,779046000,44.08159980773926,43.937479934692384,58.33387316821801,44.64005012512207,48.1067724768301,41.17332777341405,0.031707144713919444,28.353639941215516,0.4710518725678483,0.2586571969926845,28.60146248881447,1.9651432037353505,1.0440630103469697,54.856622380357976,0.2749915596644783,29.22078415032348,51.49915013431757,0.16818034532368387,28.364968442573154,35.58338335796084,-0.10285766061620905,30.46844676097863,0
2023-08-24 00:00:00+00:00,50.21599960327149,50.26599884033203,47.15900039672852,47.16299819946289,1156044000,44.55909957885742,44.06029991149902,58.016396281315714,44.70319995880127,48.30975276042804,41.0966471571745,0.0009974757871253903,28.518674931526185,0.6230413213624573,0.3315340218666391,29.322442012855593,2.1009289877755286,1.0658834669408948,58.33387316821801,0.4710518725678483,28.60146248881447,54.856622380357976,0.2749915596644783,29.22078415032348,51.49915013431757,0.16818034532368387,28.364968442573154,1
2023-08-25 00:00:00+00:00,47.012001037597656,47.80500030517578,45.02399826049805,46.01800155639648,925341000,45.07539978027344,44.12071990966797,51.89053793855539,44.66660003662109,48.19980587248281,41.13339420075937,-0.024277435421386162,28.677259941101074,0.6436824242889756,0.39396370235110645,27.79306974561508,2.2297861916678277,1.0617671053687308,58.016396281315714,0.6230413213624573,29.322442012855593,58.33387316821801,0.4710518725678483,28.60146248881447,54.856622380357976,0.2749915596644783,29.22078415032348,1
2023-08-28 00:00:00+00:00,46.48199844360352,46.97999954223633,44.88800048828125,46.834999084472656,685192000,45.383599853515626,44.20435989379883,56.801800574344206,44.67189998626709,48.2184247545738,41.12537521796039,0.017753868061282985,28.838424935340882,0.7176924083168075,0.4587094435442467,26.170077087268766,2.282000405447822,1.0466048616823829,51.89053793855539,0.6436824242889756,27.79306974561508,58.016396281315714,0.6230413213624573,29.322442012855593,58.33387316821801,0.4710518725678483,28.60146248881447,1
2023-08-29 00:00:00+00:00,46.66600036621094,49.08100128173828,46.39099884033203,48.78400039672852,701397000,45.86800003051758,44.32619987487793,69.71769343757312,44.7857500076294,48.706739986490064,40.86476002876873,0.04161420626358092,29.013464937210085,0.9229744958311983,0.5515624540016371,25.916999478142866,2.2934289659772586,1.057985439172471,56.801800574344206,0.7176924083168075,26.170077087268766,51.89053793855539,0.6436824242889756,27.79306974561508,58.016396281315714,0.6230413213624573,29.322442012855593,0
2023-08-30 00:00:00+00:00,49.04399871826172,49.92699813842773,48.42499923706055,49.26399993896485,735206000,46.44580001831055,44.435319900512695,71.33814211459156,45.03549995422363,49.42609909016488,40.64490081828238,0.009839282107510838,29.181034936904908,1.1115803740811927,0.6635660380175482,26.321928386049365,2.2765001569475425,1.0310170144559894,69.71769343757312,0.9229744958311983,25.916999478142866,56.801800574344206,0.7176924083168075,26.170077087268766,51.89053793855539,0.6436824242889756,27.79306974561508,0
2023-08-31 00:00:00+00:00,49.380001068115234,49.74399948120117,48.95800018310547,49.35499954223633,528570000,47.04689979553223,44.56151992797852,78.9707071626383,45.27749996185303,50.06307784476604,40.49192207894001,0.0018471825954899934,29.346174936294556,1.2539401573120301,0.7816408618764447,26.852706588432547,2.2077143532889214,1.0160545629959563,71.33814211459156,1.1115803740811927,26.321928386049365,69.71769343757312,0.9229744958311983,25.916999478142866,56.801800574344206,0.7176924083168075,26.170077087268766,0
2023-09-01 00:00:00+00:00,49.762001037597656,49.79999923706055,48.141998291015625,48.50899887084961,463830000,47.56789970397949,44.67119987487793,68.84610628857062,45.46894989013672,50.45600381018748,40.48189597008596,-0.017141134216053233,29.507244930267333,1.2836984506465257,0.8820523796304609,27.228816121823066,2.076928819928849,1.0344398031843713,78.9707071626383,1.2539401573120301,26.852706588432547,71.33814211459156,1.1115803740811927,26.321928386049365,69.71769343757312,0.9229744958311983,25.916999478142866,0
2023-09-05 00:00:00+00:00,48.22299957275391,48.85100173950195,47.86000061035156,48.54800033569336,382653000,47.72599983215332,44.79797988891602,68.47635957165241,45.62549991607666,50.79878253333911,40.45221729881422,0.0008040047362674052,29.666654930114746,1.295495538623804,0.9647410114291295,28.26849038792852,2.036428724016461,1.0207062498226556,68.84610628857062,1.2836984506465257,27.228816121823066,78.9707071626383,1.2539401573120301,26.852706588432547,71.33814211459156,1.1115803740811927,26.321928386049365,0
2023-09-06 00:00:00+00:00,48.44100189208984,48.54899978637695,46.58000183105469,47.06100082397461,468670000,47.865299987792966,44.926559906005856,63.23780718806439,45.7453498840332,50.93587678598186,40.55482298208455,-0.030629469832673673,29.82240993499756,1.1713537457780276,1.006063558298909,27.647048351721793,2.08642850603376,1.0422713155414594,68.47635957165241,1.295495538623804,28.26849038792852,68.84610628857062,1.2836984506465257,27.228816121823066,78.9707071626383,1.2539401573120301,26.852706588432547,0
2023-09-07 00:00:00+00:00,45.525001525878906,46.34400177001953,45.152000427246094,46.24100112915039,433330000,47.77779998779297,45.0138599395752,60.21437200585453,45.92969989776611,50.90021757061454,40.95918222491769,-0.017424187341261943,29.97522994041443,0.9953298156618473,1.0039168097714968,26.36522383841015,2.146999904087611,1.0263997460022645,63.23780718806439,1.1713537457780276,27.647048351721793,68.47635957165241,1.295495538623804,28.26849038792852,68.84610628857062,1.2836984506465257,27.228816121823066,0
2023-09-08 00:00:00+00:00,45.94200134277344,46.60599899291992,45.27099990844727,45.571998596191406,473069000,47.61870002746582,45.102959899902345,57.67645845534742,46.08889980316162,50.77776997372537,41.40002963259788,-0.014467734621282813,30.126044931411744,0.7927088157545867,0.9616752109681148,25.282593380021122,2.1053570338657908,1.029489056728865,60.21437200585453,0.9953298156618473,26.36522383841015,63.23780718806439,1.1713537457780276,27.647048351721793,68.47635957165241,1.295495538623804,28.26849038792852,0
2023-09-11 00:00:00+00:00,46.14799880981445,46.16299819946289,44.3120002746582,45.178001403808594,473966000,47.53470001220703,45.19007995605469,42.24265667939556,46.30504989624024,50.32952104713392,42.28057874534655,-0.008645598273491983,30.27534993648529,0.5934964749448,0.8880394637634519,24.68426723184655,1.968571254185267,1.0417719334115292,57.67645845534742,0.7927088157545867,25.282593380021122,60.21437200585453,0.9953298156618473,26.36522383841015,63.23780718806439,1.1713537457780276,27.647048351721793,1
2023-09-12 00:00:00+00:00,44.73799896240234,45.67300033569336,44.53099822998047,44.869998931884766,349256000,47.33819999694824,45.24143997192383,46.21441861862319,46.360899925231934,50.26546588620673,42.45633396425714,-0.006817532036684226,30.41950993061066,0.40608493979854643,0.7916485589704709,24.11147472617572,1.8462856837681352,1.0256451045587394,42.24265667939556,0.5934964749448,24.68426723184655,57.67645845534742,0.7927088157545867,25.282593380021122,60.21437200585453,0.9953298156618473,26.36522383841015,0
2023-09-13 00:00:00+00:00,44.59999847412109,45.93000030517578,44.50299835205078,45.48500061035156,398355000,47.00830001831055,45.3028800201416,41.59884085354615,46.438150024414064,50.19955661569034,42.67674343313779,0.01370630026981745,30.56433993816376,0.3036847548203525,0.6940557981404473,23.41714672201707,1.8059286390032077,1.0320652991026893,46.21441861862319,0.40608493979854643,24.11147472617572,42.24265667939556,0.5934964749448,24.68426723184655,57.67645845534742,0.7927088157545867,25.282593380021122,0
2023-09-14 00:00:00+00:00,45.95000076293945,45.98699951171875,45.13100051879883,45.58100128173828,370097000,46.64000015258789,45.3681600189209,41.89218514966117,46.54290008544922,50.06736841842817,43.01843175247027,0.002110600639738669,30.71089494228363,0.2276540679558039,0.6007754521035186,23.904467651926154,1.6420715876987992,1.018966984624313,41.59884085354615,0.3036847548203525,23.41714672201707,46.21441861862319,0.40608493979854643,24.11147472617572,42.24265667939556,0.5934964749448,24.68426723184655,0
2023-09-15 00:00:00+00:00,45.34099960327149,45.5989990234375,43.80799865722656,43.900001525878906,506831000,46.09450035095215,45.404100036621095,39.710458204579936,46.570700073242186,49.996313240656114,43.14508690582826,-0.036879395111771185,30.85125995159149,0.031394671022368925,0.48689929588728864,24.98043441248728,1.571357182094028,1.0408829533671358,41.89218514966117,0.2276540679558039,23.904467651926154,41.59884085354615,0.3036847548203525,23.41714672201707,46.21441861862319,0.40608493979854643,24.11147472617572,0
2023-09-18 00:00:00+00:00,42.74800109863281,44.242000579833984,42.0,43.96599960327149,500271000,45.64020042419433,45.43336006164551,34.96489768371492,46.60405006408691,49.906317827275146,43.30178230089868,0.0015033730090801,30.992894949913026,-0.117462783888719,0.3660268799320871,26.656909648751906,1.5820715767996643,1.0533809661865234,39.710458204579936,0.031394671022368925,24.98043441248728,41.89218514966117,0.2276540679558039,23.904467651926154,41.59884085354615,0.3036847548203525,23.41714672201707,0
2023-09-19 00:00:00+00:00,43.83300018310547,43.96599960327149,43.00199890136719,43.52000045776367,373064000,45.13740043640136,45.46016006469726,17.255544787799806,46.43170013427734,50.00305278508133,42.86034748347336,-0.010144182994411777,31.125879950523377,-0.26832866719132653,0.23915577050740439,29.052663036661734,1.458785738263811,1.022417578869192,34.96489768371492,-0.117462783888719,26.656909648751906,39.710458204579936,0.031394671022368925,24.98043441248728,41.89218514966117,0.2276540679558039,23.904467651926154,0
2023-09-20 00:00:00+00:00,43.59999847412109,43.90299987792969,42.22299957275391,42.23899841308594,367108000,44.6552001953125,45.45684005737305,10.261353455106672,46.260250091552734,50.28626458178736,42.23423560131811,-0.029434789319934707,31.251399941444397,-0.48565875405864034,0.09419286559419544,32.38373519035084,1.471500124250139,1.0397887483640518,17.255544787799806,-0.26832866719132653,29.052663036661734,34.96489768371492,-0.117462783888719,26.656909648751906,39.710458204579936,0.031394671022368925,24.98043441248728,0
2023-09-21 00:00:00+00:00,41.58300018310547,42.09999847412109,40.97999954223633,41.016998291015625,450736000,44.13279991149902,45.39914001464844,8.184568505155951,45.955299949646,50.58679971886953,41.32380018042247,-0.028930613129589,31.372104935646057,-0.7478785326633286,-0.07422141405730937,35.18783688974154,1.5052858080182752,1.0273303793166328,10.261353455106672,-0.48565875405864034,32.38373519035084,17.255544787799806,-0.26832866719132653,29.052663036661734,34.96489768371492,-0.117462783888719,26.656909648751906,1
2023-09-22 00:00:00+00:00,41.571998596191406,42.1150016784668,41.23099899291992,41.61000061035156,479236000,43.73660011291504,45.31180000305176,14.500393560911649,45.67765007019043,50.65702976539316,40.69827037498771,0.014457477242205474,31.497104935646057,-0.8974935185443229,-0.2388758349547121,38.637532120106,1.465285982404436,1.0214402441643162,8.184568505155951,-0.7478785326633286,35.18783688974154,10.261353455106672,-0.48565875405864034,32.38373519035084,17.255544787799806,-0.26832866719132653,29.052663036661734,1
2023-09-25 00:00:00+00:00,41.59099960327149,42.5359992980957,41.17699813842773,42.22200012207031,419091000,43.44099998474121,45.24685997009277,19.261431945498416,45.48784999847412,50.69670382316119,40.27899617378705,0.014707990933470416,31.628279933929445,-0.9556649165926743,-0.3822336512823046,42.0615391387157,1.4915716988699776,1.033003891034002,14.500393560911649,-0.8974935185443229,38.637532120106,8.184568505155951,-0.7478785326633286,35.18783688974154,10.261353455106672,-0.48565875405864034,32.38373519035084,1
2023-09-26 00:00:00+00:00,42.0009994506836,42.81999969482422,41.65499877929688,41.9109992980957,402282000,43.1451000213623,45.15585998535156,21.746773581920507,45.24165000915527,50.64427145611825,39.8390285621923,-0.007365847735196329,31.757234926223756,-1.0151592125135167,-0.508818763528547,45.40139590573944,1.4341433388846256,1.0279678537910883,19.261431945498416,-0.9556649165926743,42.0615391387157,14.500393560911649,-0.8974935185443229,38.637532120106,8.184568505155951,-0.7478785326633286,35.18783688974154,1
2023-09-27 00:00:00+00:00,42.33000183105469,42.87200164794922,41.62900161743164,42.46799850463867,444935000,42.84339981079101,45.05533996582031,28.68602272697888,44.92584991455078,50.19332339813499,39.65837643096657,0.013290048337460503,31.883729915618897,-1.0057698015305405,-0.6082089711289458,48.77074607368217,1.386571884155273,1.0298589921022052,21.746773581920507,-1.0151592125135167,45.40139590573944,19.261431945498416,-0.9556649165926743,42.0615391387157,14.500393560911649,-0.8974935185443229,38.637532120106,1
2023-09-28 00:00:00+00:00,42.459999084472656,43.44599914550781,42.1150016784668,43.0890007019043,424663000,42.59419975280762,44.97557998657226,35.896873666124264,44.61709995269776,49.52558356231724,39.70861634307828,0.01462282704935558,32.014169921875,-0.9374130244653571,-0.6740497817962281,50.92991132891187,1.3862860543387276,1.0316038801850873,28.68602272697888,-1.0057698015305405,48.77074607368217,21.746773581920507,-1.0151592125135167,45.40139590573944,19.261431945498416,-0.9556649165926743,42.0615391387157,1
2023-09-29 00:00:00+00:00,43.82699966430664,44.14400100708008,43.30699920654297,43.499000549316406,397830000,42.55409965515137,44.93515998840332,40.48078378787551,44.32430000305176,48.71401457087548,39.93458543522805,0.009515185795292425,32.143989925384524,-0.8404678349544596,-0.7073333924278744,53.5087689468212,1.3294290815080916,1.019327171493578,35.896873666124264,-0.9374130244653571,50.92991132891187,28.68602272697888,-1.0057698015305405,48.77074607368217,21.746773581920507,-1.0151592125135167,45.40139590573944,1
2023-10-02 00:00:00+00:00,44.02999877929688,45.17499923706055,43.86100006103516,44.78200149536133,433298000,42.63569984436035,44.944620056152345,49.550758732433856,44.13795013427735,48.07251576958669,40.203384498968006,0.029494952294141452,32.27753993034363,-0.6525879918075361,-0.6963843123038068,54.615180408208666,1.3675716945103236,1.0299582584573284,40.48078378787551,-0.8404678349544596,53.5087689468212,35.896873666124264,-0.9374130244653571,50.92991132891187,28.68602272697888,-1.0057698015305405,48.77074607368217,0
2023-10-03 00:00:00+00:00,44.80799865722656,45.130001068115234,43.24599838256836,43.516998291015625,470850000,42.63539962768554,44.92272003173828,40.57831848095977,43.886400032043454,47.233207508213766,40.53959255587314,-0.028248027379409013,32.406754922866824,-0.5988637208361496,-0.6768801940102754,56.526485754240575,1.400214603969029,1.0435647864775919,49.550758732433856,-0.6525879918075361,54.615180408208666,40.48078378787551,-0.8404678349544596,53.5087689468212,35.896873666124264,-0.9374130244653571,50.92991132891187,1
2023-10-04 00:00:00+00:00,43.742000579833984,44.14300155639648,43.29199981689453,44.04100036621094,361821000,42.815599822998045,44.889960021972655,42.917588293745474,43.73540000915527,46.73347350564072,40.737326512669824,0.012041319387221971,32.54219992637634,-0.5081466624146458,-0.6431334876911495,56.40737077959219,1.3998576572963164,1.0196572517578606,40.57831848095977,-0.5988637208361496,56.526485754240575,49.550758732433856,-0.6525879918075361,54.615180408208666,40.48078378787551,-0.8404678349544596,53.5087689468212,1
2023-10-05 00:00:00+00:00,44.04999923706055,44.900001525878906,43.88800048828125,44.6879997253418,393483000,43.18269996643066,44.87468002319336,54.00486627439196,43.65774993896484,46.45639362767913,40.85910625025056,0.014690841573781643,32.68278492927551,-0.3796687143484476,-0.5904405330226092,55.057574527365865,1.3442148481096534,1.0230587182450446,42.917588293745474,-0.5081466624146458,56.40737077959219,40.57831848095977,-0.5988637208361496,56.526485754240575,49.550758732433856,-0.6525879918075361,54.615180408208666,1
2023-10-06 00:00:00+00:00,44.19300079345703,45.78900146484375,44.0260009765625,45.762001037597656,434436000,43.59790000915528,44.87192001342773,58.27954742814215,43.66725006103516,46.494398543566376,40.84010157850393,0.024033327042087604,32.83032493591308,-0.18900732597590775,-0.510153891613269,54.283998286919534,1.3100005558558867,1.0400445293502762,54.00486627439196,-0.3796687143484476,55.057574527365865,42.917588293745474,-0.5081466624146458,56.40737077959219,40.57831848095977,-0.5988637208361496,56.526485754240575,1
2023-10-09 00:00:00+00:00,44.84199905395508,45.60499954223633,44.36800003051758,45.27299880981445,409675000,43.90299987792969,44.84237998962402,58.04938885755424,43.67199993133545,46.51013344605322,40.83386641661768,-0.010685770217553237,32.97626493453979,-0.07648354042485295,-0.42341982137558576,51.31133713168798,1.340714863368442,1.027880443357102,58.27954742814215,-0.18900732597590775,54.283998286919534,54.00486627439196,-0.3796687143484476,55.057574527365865,42.917588293745474,-0.5081466624146458,56.40737077959219,1
2023-10-10 00:00:00+00:00,45.310001373291016,46.25899887084961,45.0880012512207,45.79800033569336,368582000,44.291699981689455,44.82375999450684,67.56141698876147,43.71840000152588,46.66718656940229,40.76961343364947,0.011596349693652197,33.122749938964844,0.05442819152059286,-0.32785021879635,48.49268463425533,1.304357528686523,1.0259713801262638,58.04938885755424,-0.07648354042485295,51.31133713168798,58.27954742814215,-0.18900732597590775,54.283998286919534,54.00486627439196,-0.3796687143484476,55.057574527365865,0
2023-10-11 00:00:00+00:00,46.19599914550781,46.85900115966797,46.04999923706055,46.805999755859375,378137000,44.72550010681152,44.82973999023437,79.18133535368297,43.78444995880127,46.95098610895036,40.617913808652176,0.022009681924483937,33.28008493900299,0.2367843091375832,-0.21492331320956337,47.8576629586043,1.2902148110525944,1.017567903062121,67.56141698876147,0.05442819152059286,48.49268463425533,58.04938885755424,-0.07648354042485295,51.31133713168798,58.27954742814215,-0.18900732597590775,54.283998286919534,0
2023-10-12 00:00:00+00:00,46.777000427246094,47.60900115966797,46.33000183105469,46.94499969482422,481325000,45.11110000610351,44.88325996398926,78.18273929185764,43.85264987945557,47.23360183346709,40.471697925444055,0.002969703450195871,33.43877993583679,0.38804582879324556,-0.09432948480900158,47.385387471890745,1.3031430925641736,1.0276062870292393,79.18133535368297,0.2367843091375832,47.8576629586043,67.56141698876147,0.05442819152059286,48.49268463425533,58.04938885755424,-0.07648354042485295,51.31133713168798,0
2023-10-13 00:00:00+00:00,46.959999084472656,47.11600112915039,45.27999877929688,45.46099853515625,474115000,45.3072998046875,44.902179946899416,65.66699362975527,43.93069972991943,47.38747581190116,40.47392364793771,-0.031611485127596706,33.59547992706299,0.3837515328372092,0.0012867187202405816,45.81642609886243,1.3372146061488546,1.0405477561693968,78.18273929185764,0.38804582879324556,47.385387471890745,79.18133535368297,0.2367843091375832,47.8576629586043,67.56141698876147,0.05442819152059286,48.49268463425533,0
2023-10-16 00:00:00+00:00,45.0629997253418,46.22499847412109,44.9119987487793,46.095001220703125,375099000,45.43859977722168,44.93047996520996,69.6247466862101,44.03714981079101,47.62706262756446,40.447236994017565,0.013946079188220661,33.75577493190765,0.4265895319142814,0.08634728135904875,44.24487358052864,1.3477859497070297,1.0292349430424197,65.66699362975527,0.3837515328372092,45.81642609886243,78.18273929185764,0.38804582879324556,47.385387471890745,79.18133535368297,0.2367843091375832,47.8576629586043,0
2023-10-17 00:00:00+00:00,44.0,44.75400161743164,42.47999954223633,43.9379997253418,812333000,45.480699920654295,44.900899963378905,55.99510250817545,44.05804977416992,47.64014421498571,40.475955333354136,-0.04679469439719919,33.90244993209839,0.28322215228015324,0.12572225554326966,40.666773763048965,1.5172146388462597,1.0535311228742918,69.6247466862101,0.4265895319142814,44.24487358052864,65.66699362975527,0.3837515328372092,45.81642609886243,78.18273929185764,0.38804582879324556,47.385387471890745,0
2023-10-18 00:00:00+00:00,42.59099960327149,43.21900177001953,41.82500076293945,42.19599914550781,627294000,45.296199798583984,44.85153991699219,46.66317725335849,44.05589981079102,47.64263986450861,40.46915975707343,-0.03964678844561198,34.04035992622376,0.028706670103915144,0.10631913845539875,36.70955092999488,1.573071888514926,1.033329371946247,55.99510250817545,0.28322215228015324,40.666773763048965,69.6247466862101,0.4265895319142814,44.24487358052864,65.66699362975527,0.3837515328372092,45.81642609886243,1
2023-10-19 00:00:00+00:00,42.81100082397461,43.297000885009766,41.88199996948242,42.10100173950195,501233000,45.0375,44.84247993469239,44.65024727189281,44.110099983215335,47.5324812982124,40.687718668218274,-0.0022513368075079976,34.17928993701935,-0.17860532889051228,0.049334244986216545,34.24899311465371,1.598786217825752,1.0337854189522562,46.66317725335849,0.028706670103915144,36.70955092999488,55.99510250817545,0.28322215228015324,40.666773763048965,69.6247466862101,0.4265895319142814,44.24487358052864,1
2023-10-20 00:00:00+00:00,41.88999938964844,42.470001220703125,41.07799911499024,41.387001037597656,477266000,44.6,44.82245994567871,36.41675241611994,44.09895000457764,47.55689525429953,40.64100475485574,-0.01695923309193792,34.312479944229125,-0.3959511923128147,-0.03972284247358972,34.32829188527908,1.578500747680662,1.0338868040241258,44.65024727189281,-0.17860532889051228,34.24899311465371,46.66317725335849,0.028706670103915144,36.70955092999488,55.99510250817545,0.28322215228015324,40.666773763048965,1
2023-10-23 00:00:00+00:00,41.229000091552734,43.24800109863281,40.94499969482422,42.97499847412109,478530000,44.37019996643066,44.864859924316406,47.88611736644402,44.136599922180174,47.524179597477456,40.74902024688289,0.0383694734267126,34.45602993488312,-0.4350462904587502,-0.11878753207062182,32.840002381814394,1.608429227556499,1.0562462186096857,36.41675241611994,-0.3959511923128147,34.32829188527908,44.65024727189281,-0.17860532889051228,34.24899311465371,46.66317725335849,0.028706670103915144,36.70955092999488,0
2023-10-24 00:00:00+00:00,43.07699966430664,43.696998596191406,42.69100189208984,43.66299819946289,401463000,44.15669975280762,44.86305992126465,48.544354505815626,44.22419986724854,47.45650657867991,40.991893155817166,0.01600930191437011,34.60004992485047,-0.40583539165170635,-0.17619710398683874,30.95479511190871,1.6195002964564722,1.0235646075171632,47.88611736644402,-0.4350462904587502,32.840002381814394,36.41675241611994,-0.3959511923128147,34.32829188527908,44.65024727189281,-0.17860532889051228,34.24899311465371,0
2023-10-25 00:00:00+00:00,43.39799880981445,43.650001525878906,41.55500030517578,41.77899932861328,398379000,43.653999710083006,44.81983993530273,39.77216975223119,44.18974990844727,47.5142398390749,40.86525997781963,-0.0431486372567238,34.73080492019653,-0.528614963290579,-0.2466806758475868,31.94006266707641,1.6977857862200045,1.0504151415068619,48.544354505815626,-0.40583539165170635,30.95479511190871,47.88611736644402,-0.4350462904587502,32.840002381814394,36.41675241611994,-0.3959511923128147,34.32829188527908,0
2023-10-26 00:00:00+00:00,41.85300064086914,42.25600051879883,39.880001068115234,40.32600021362305,541001000,42.99209976196289,44.75663993835449,31.38356174047365,44.0515998840332,47.77445426356368,40.32874550450273,-0.03477821724646035,34.852889919281004,-0.7346944435391691,-0.3442834293859033,33.06992358440441,1.7415714263916005,1.0595787208386824,39.77216975223119,-0.528614963290579,31.94006266707641,48.544354505815626,-0.40583539165170635,30.95479511190871,47.88611736644402,-0.4350462904587502,32.840002381814394,1
2023-10-27 00:00:00+00:00,41.130001068115234,41.20600128173828,40.01499938964844,40.5,416784000,42.49599990844727,44.6997599029541,33.29366867064007,43.90164985656738,47.94593387933709,39.85736583379767,0.004314828781808444,34.97538492202759,-0.873899814694866,-0.4502067064476959,34.199784501732395,1.7270714896065837,1.0297638862990448,31.38356174047365,-0.7346944435391691,33.06992358440441,39.77216975223119,-0.528614963290579,31.94006266707641,48.544354505815626,-0.40583539165170635,30.95479511190871,1
2023-10-30 00:00:00+00:00,41.08700180053711,41.76599884033203,40.48099899291992,41.1609992980957,388028000,42.00259971618652,44.65699989318848,33.92274529160841,43.7205997467041,47.920165428509485,39.52103406489872,0.01632097032335067,35.09863492012024,-0.9202755909409035,-0.5442204833463374,33.98067689232139,1.7352145058768127,1.03174328399447,33.29366867064007,-0.873899814694866,34.199784501732395,31.38356174047365,-0.7346944435391691,33.06992358440441,39.77216975223119,-0.528614963290579,31.94006266707641,1
2023-10-31 00:00:00+00:00,40.45000076293945,40.87900161743164,39.22999954223633,40.77999877929688,517969000,41.68679962158203,44.53325988769532,28.15716421451907,43.58374977111816,47.984797344509104,39.18270219772722,-0.009256347642085716,35.21803991317749,-0.9765156212265467,-0.6306795109223793,32.3866963053416,1.7973572867257244,1.0420342109211584,33.92274529160841,-0.9202755909409035,33.98067689232139,33.29366867064007,-0.873899814694866,34.199784501732395,31.38356174047365,-0.7346944435391691,33.06992358440441,1
2023-11-01 00:00:00+00:00,40.88399887084961,42.38100051879883,40.86899948120117,42.32500076293945,437593000,41.6996997833252,44.46639991760254,34.802635855291484,43.49794979095459,47.92827428916595,39.06762529274324,0.03788626851129129,35.341154918670654,-0.8862019183822625,-0.681783992414356,29.990411719669535,1.8203574589320577,1.0369962821892214,28.15716421451907,-0.9765156212265467,32.3866963053416,33.92274529160841,-0.9202755909409035,33.98067689232139,33.29366867064007,-0.873899814694866,34.199784501732395,1
2023-11-02 00:00:00+00:00,43.32799911499024,43.88399887084961,42.89400100708008,43.50600051879883,409172000,41.840199661254886,44.39419990539551,43.43828253855989,43.43884983062744,47.833725360128064,39.043974301126816,0.027903124266296153,35.47179991722107,-0.7111333453914668,-0.6876538630097783,27.796117871122252,1.8005714416503895,1.0230801007256498,34.802635855291484,-0.8862019183822625,29.990411719669535,28.15716421451907,-0.9765156212265467,32.3866963053416,33.92274529160841,-0.9202755909409035,33.98067689232139,1
2023-11-03 00:00:00+00:00,44.02000045776367,45.30899810791016,43.72299957275391,45.005001068115234,424610000,42.20199966430664,44.35103996276855,46.54231587160717,43.40099983215332,47.72408517262155,39.077914491685085,0.0344550299140618,35.6129999256134,-0.4462888828988838,-0.6393808669875993,25.19043889469145,1.8355712890625,1.0362737815487062,43.43828253855989,-0.7111333453914668,27.796117871122252,34.802635855291484,-0.8862019183822625,29.990411719669535,28.15716421451907,-0.9765156212265467,32.3866963053416,1
2023-11-06 00:00:00+00:00,45.28499984741211,45.935001373291016,44.89899826049805,45.7509994506836,400733000,42.47959976196289,44.3456999206543,56.31663462277119,43.424899864196775,47.79657330973967,39.05322641865388,0.01657589967477824,35.7525599193573,-0.1741939044687726,-0.5463434744838339,24.889909417379084,1.6513571058000838,1.0230740807797585,46.54231587160717,-0.4462888828988838,25.19043889469145,43.43828253855989,-0.7111333453914668,27.796117871122252,34.802635855291484,-0.8862019183822625,29.990411719669535,1
2023-11-07 00:00:00+00:00,45.71900177001953,46.21799850463867,45.15800094604492,45.95500183105469,343165000,42.70880012512207,44.328099975585936,64.66871101716362,43.43274993896485,47.82289054419696,39.042609333732734,0.004458971013102886,35.886369924545285,0.05724473181768985,-0.42562583322352915,26.004364504280886,1.5761427198137556,1.0234730842018502,56.31663462277119,-0.1741939044687726,24.889909417379084,46.54231587160717,-0.4462888828988838,25.19043889469145,43.43828253855989,-0.7111333453914668,27.796117871122252,1
2023-11-08 00:00:00+00:00,46.09999847412109,46.867000579833984,45.96799850463867,46.57400131225586,346719000,43.18830032348633,44.28389999389648,66.76913941766722,43.421150016784665,47.77483674811682,39.06746328545251,0.013469686792241031,36.02291493415832,0.28729781308589253,-0.28304110396164484,27.295603441358207,1.5402139936174666,1.019557128968854,64.66871101716362,0.05724473181768985,26.004364504280886,56.31663462277119,-0.1741939044687726,24.889909417379084,46.54231587160717,-0.4462888828988838,25.19043889469145,1
2023-11-09 00:00:00+00:00,47.46699905395508,48.22999954223633,46.75,46.95000076293945,540496000,43.85070037841797,44.23762001037598,71.39780414947842,43.42140007019043,47.77593946861201,39.06686067176885,0.008073161851881672,36.161049938201906,0.49425904019572897,-0.12758107513017009,28.318575891831397,1.5590708596365797,1.031657744218959,66.76913941766722,0.28729781308589253,27.295603441358207,64.66871101716362,0.05724473181768985,26.004364504280886,56.31663462277119,-0.1741939044687726,24.889909417379084,1
2023-11-10 00:00:00+00:00,47.5,48.47200012207031,47.28300094604492,48.334999084472656,421245000,44.63420028686524,44.2172200012207,70.94405129510726,43.56510009765625,48.36948543948978,38.76071475582272,0.029499431289178313,36.30371493339538,0.7612597646896049,0.05018709283378492,30.207196181428223,1.503284999302456,1.0251464406284654,71.39780414947842,0.49425904019572897,28.318575891831397,66.76913941766722,0.28729781308589253,27.295603441358207,64.66871101716362,0.05724473181768985,26.004364504280886,1
2023-11-13 00:00:00+00:00,48.31999969482422,49.11600112915039,48.0989990234375,48.619998931884766,384136000,45.38010025024414,44.21944000244141,69.99919969218931,43.69134998321533,48.89201562473581,38.49068434169485,0.005896345356581678,36.44498992919922,0.9845080721101027,0.2370512886890485,32.502793746076456,1.5040710994175501,1.0211439349333928,70.94405129510726,0.7612597646896049,30.207196181428223,71.39780414947842,0.49425904019572897,28.318575891831397,66.76913941766722,0.28729781308589253,27.295603441358207,1
2023-11-14 00:00:00+00:00,49.68000030517578,49.83399963378906,49.040000915527344,49.65599822998047,416954000,46.2677001953125,44.24159996032715,84.11433586258761,43.97724990844726,49.82360373505767,38.13089608183686,0.021308089692620324,36.597459917068484,1.2308420681182994,0.43580944457489873,34.70820941348102,1.4402141571044922,1.0161908381614715,69.99919969218931,0.9845080721101027,32.502793746076456,70.94405129510726,0.7612597646896049,30.207196181428223,71.39780414947842,0.49425904019572897,28.318575891831397,0
2023-11-15 00:00:00+00:00,49.935001373291016,49.959999084472656,48.20000076293945,48.88800048828125,475497000,46.92400016784668,44.27813995361328,89.41990239851796,44.311849975585936,50.485781162719086,38.13791878845279,-0.015466363965582874,36.74421491622925,1.348547321286965,0.6183570199173121,36.25057314020607,1.3962140764508928,1.0365144874206402,84.11433586258761,1.2308420681182994,34.70820941348102,69.99919969218931,0.9845080721101027,32.502793746076456,70.94405129510726,0.7612597646896049,30.207196181428223,1
2023-11-16 00:00:00+00:00,48.67900085449219,49.525001525878906,48.33000183105469,49.47999954223633,339756000,47.52140007019043,44.342919921875,89.81203527598387,44.680799865722655,51.172206566456005,38.189393164989305,0.012109291606168027,36.886899909973145,1.4726234718481592,0.7892103103034815,37.79293686693112,1.3964996337890625,1.0247258359104048,89.41990239851796,1.348547321286965,36.25057314020607,84.11433586258761,1.2308420681182994,34.70820941348102,69.99919969218931,0.9845080721101027,32.502793746076456,1
2023-11-17 00:00:00+00:00,49.52399826049805,49.71699905395508,49.00699996948242,49.29800033569336,325205000,47.950699996948245,44.41743995666504,87.67480356014994,45.07634983062744,51.68571238446071,38.46698727679418,-0.0036782378380503244,37.02484491348267,1.5385336420297335,0.939074976648732,39.16926345871683,1.3554281507219588,1.0144877075706489,89.81203527598387,1.4726234718481592,37.79293686693112,89.41990239851796,1.348547321286965,36.25057314020607,84.11433586258761,1.2308420681182994,34.70820941348102,0
2023-11-20 00:00:00+00:00,49.3120002746582,50.54800033569336,49.180999755859375,50.40900039672852,414120000,48.416500091552734,44.52205993652344,91.7599330566527,45.44804992675781,52.38772554188935,38.50837431162627,0.02253641229806158,37.17138991355896,1.6612663028297376,1.0835132418849331,41.15529260796244,1.3151424952915736,1.027795298725523,87.67480356014994,1.5385336420297335,39.16926345871683,89.81203527598387,1.4726234718481592,37.79293686693112,89.41990239851796,1.348547321286965,36.25057314020607,0
2023-11-21 00:00:00+00:00,50.1259994506836,50.516998291015625,49.22200012207031,49.94400024414063,565747000,48.815399932861325,44.62353996276856,86.45805382052257,45.762100028991696,52.9264903921322,38.5977096658512,-0.00922454619072488,37.31566491127014,1.701398531422953,1.207090299792537,43.62145198431115,1.2932850973946712,1.0263093365920468,91.7599330566527,1.6612663028297376,41.15529260796244,87.67480356014994,1.5385336420297335,39.16926345871683,89.81203527598387,1.4726234718481592,37.79293686693112,0
2023-11-22 00:00:00+00:00,49.85200119018555,50.334999084472656,47.68999862670898,48.71599960327149,899420000,49.02959976196289,44.68815994262695,74.81898714210845,46.10895004272461,53.131689902763966,39.08621018268525,-0.024587550754171072,37.44837990760803,1.6154918385258128,1.2887706075391923,45.26511748097187,1.37085669381278,1.055462372277829,86.45805382052257,1.701398531422953,43.62145198431115,91.7599330566527,1.6612663028297376,41.15529260796244,87.67480356014994,1.5385336420297335,39.16926345871683,0
2023-11-24 00:00:00+00:00,48.470001220703125,48.92100143432617,47.744998931884766,47.7760009765625,294645000,49.1121997833252,44.73205993652344,63.94284975026133,46.48145008087158,52.98369392750589,39.97920623423728,-0.019295480629855866,37.576234912872316,1.4547902161649375,1.3219745292643412,47.306903039459876,1.3260713304792138,1.0246309043617143,74.81898714210845,1.6154918385258128,45.26511748097187,86.45805382052257,1.701398531422953,43.62145198431115,91.7599330566527,1.6612663028297376,41.15529260796244,1
2023-11-27 00:00:00+00:00,47.79999923706055,48.52999877929688,47.652000427246094,48.242000579833984,395662000,49.10289993286133,44.818899917602536,62.897394177339095,46.86855010986328,52.765042301447686,40.97205791827887,0.009753842802793233,37.70575991630554,1.3494793383236328,1.3274754910761994,49.04296488826272,1.3147852761404866,1.018425214978987,63.94284975026133,1.4547902161649375,47.306903039459876,74.81898714210845,1.6154918385258128,45.26511748097187,86.45805382052257,1.701398531422953,43.62145198431115,0
2023-11-28 00:00:00+00:00,48.23600006103516,48.323001861572266,47.47299957275391,47.82099914550781,401491000,49.02299995422364,44.89599990844727,59.44905130875812,47.20155010223389,52.45840905599866,41.94469114846912,-0.008726865164504716,37.83853991508484,1.2180079738769507,1.30558198763635,49.79711208191883,1.2997856140136723,1.0179049627465755,62.897394177339095,1.3494793383236328,49.04296488826272,63.94284975026133,1.4547902161649375,47.306903039459876,74.81898714210845,1.6154918385258128,45.26511748097187,0
2023-11-29 00:00:00+00:00,48.37900161743164,48.762001037597656,47.86000061035156,48.13999938964844,382005000,48.87140007019043,44.98839988708496,58.17839518839413,47.569550132751466,51.878661019347454,43.26043924615548,0.006670714745419248,37.970299911499026,1.1265702237846185,1.2697796348660038,50.14094781355035,1.3018572671072828,1.0188466447083788,59.44905130875812,1.2180079738769507,49.79711208191883,62.897394177339095,1.3494793383236328,49.04296488826272,63.94284975026133,1.4547902161649375,47.306903039459876,0
2023-11-30 00:00:00+00:00,48.02399826049805,48.11000061035156,46.422000885009766,46.77000045776367,526247000,48.65960006713867,45.079019927978514,49.14837045037136,47.79180011749268,51.35613085064606,44.227469384339294,-0.028458640408278835,38.08929491043091,0.9328048897011314,1.2023846858330294,48.36680563643647,1.3062858581542973,1.0363620630985528,58.17839518839413,1.1265702237846185,50.14094781355035,59.44905130875812,1.2180079738769507,49.79711208191883,62.897394177339095,1.3494793383236328,49.04296488826272,0
2023-12-01 00:00:00+00:00,46.525001525878906,47.20000076293945,46.1870002746582,46.76499938964844,369317000,48.38810005187988,45.19397994995117,41.45624513717223,47.95475006103516,50.94601250654858,44.96348761552173,-0.00010692897298025805,38.209299907684326,0.7699652420117005,1.1159007970687638,47.14977075179917,1.269928795950754,1.0219325888725677,49.14837045037136,0.9328048897011314,48.36680563643647,58.17839518839413,1.1265702237846185,50.14094781355035,59.44905130875812,1.2180079738769507,49.79711208191883,0
2023-12-04 00:00:00+00:00,46.07699966430664,46.07699966430664,45.0099983215332,45.5099983215332,437543000,48.00929985046387,45.271979904174806,34.69186115068848,47.97999992370605,50.87334558029838,45.08665426711373,-0.0268363323959121,38.32683989524841,0.5334957434650676,0.9994197863480246,47.43901728745634,1.3226430075509212,1.023705873862763,41.45624513717223,0.7699652420117005,47.14977075179917,49.14837045037136,0.9328048897011314,48.36680563643647,58.17839518839413,1.1265702237846185,50.14094781355035,1
2023-12-05 00:00:00+00:00,45.46599960327149,46.59999847412109,45.27099990844727,46.56600189208984,371718000,47.625,45.3588599395752,34.82022051630709,48.02075004577637,50.80272658834587,45.23877350320687,0.023203770808688073,38.45272990226746,0.4263874953209097,0.8848133281426017,46.83344640163077,1.3308571406773153,1.0293565100917028,34.69186115068848,0.5334957434650676,47.43901728745634,41.45624513717223,0.7699652420117005,47.14977075179917,49.14837045037136,0.9328048897011314,48.36680563643647,1
2023-12-06 00:00:00+00:00,47.21500015258789,47.387001037597656,45.4119987487793,45.50299835205078,380590000,47.18089981079102,45.4306999206543,33.83939745818151,47.99814987182617,50.85706617713318,45.13923356651917,-0.022827889379518074,38.576969890594484,0.2528136567396615,0.7584133938620138,44.04698470288252,1.3462145669119694,1.0434907589014994,34.82022051630709,0.4263874953209097,46.83344640163077,34.69186115068848,0.5334957434650676,47.43901728745634,41.45624513717223,0.7699652420117005,47.14977075179917,1
2023-12-07 00:00:00+00:00,45.70000076293945,46.62900161743164,45.604000091552734,46.59600067138672,350823000,46.96889991760254,45.513259963989256,36.85986823421121,47.99924983978271,50.85587503508391,45.14262464448152,0.02402044610070564,38.706179895401,0.2011327584621796,0.646957266782047,41.260523004134264,1.341286250523158,1.0224761320020428,33.83939745818151,0.2528136567396615,44.04698470288252,34.82022051630709,0.4263874953209097,46.83344640163077,34.69186115068848,0.5334957434650676,47.43901728745634,1
2023-12-08 00:00:00+00:00,46.595001220703125,47.74100112915039,46.54999923706055,47.50600051879883,359224000,46.94189987182617,45.60159996032715,42.3431972491958,48.02704982757568,50.851319649802086,45.20278000534928,0.019529569797841262,38.82538990020752,0.23094249540628908,0.5637543125068954,37.56958929165569,1.3756435939243856,1.0255854331172929,36.85986823421121,0.2011327584621796,41.260523004134264,33.83939745818151,0.2528136567396615,44.04698470288252,34.82022051630709,0.4263874953209097,46.83344640163077,1
2023-12-11 00:00:00+00:00,47.49100112915039,47.53099822998047,45.83000183105469,46.62699890136719,509728000,46.78039970397949,45.66415992736816,33.513525198758146,47.94164981842041,50.82929397773414,45.05400565910668,-0.01850295979102279,38.94209489822388,0.18154609195876503,0.4873126683972694,33.70294490006832,1.3995004381452283,1.0371153465189953,42.3431972491958,0.23094249540628908,37.56958929165569,36.85986823421121,0.2011327584621796,41.260523004134264,33.83939745818151,0.2528136567396615,44.04698470288252,1
2023-12-12 00:00:00+00:00,46.04600143432617,47.66600036621094,46.04600143432617,47.65700149536133,372387000,46.76399993896485,45.721659927368165,40.49856303212741,47.89349994659424,50.76559145302878,45.021408440159696,0.022090261399258404,39.06287490844726,0.22294175382752002,0.43443848548331954,29.86035997258839,1.4227147783551892,1.035182184802633,33.513525198758146,0.18154609195876503,33.70294490006832,42.3431972491958,0.23094249540628908,37.56958929165569,36.85986823421121,0.2011327584621796,41.260523004134264,1
2023-12-13 00:00:00+00:00,47.62900161743164,48.59400177001953,47.608001708984375,48.0880012512207,447792000,46.75880012512207,45.81307998657226,47.2059193924734,47.81510009765625,50.567737896056975,45.06246229925552,0.009043786691055766,39.18723491668701,0.2872153525815335,0.40499385890296236,26.370768666569376,1.3042147500174377,1.0207108054453182,40.49856303212741,0.22294175382752002,29.86035997258839,33.513525198758146,0.18154609195876503,33.70294490006832,42.3431972491958,0.23094249540628908,37.56958929165569,1
2023-12-14 00:00:00+00:00,48.38999938964844,48.66999816894531,47.422000885009766,48.34999847412109,391232000,46.91679992675781,45.89925994873047,52.71778788286004,47.78819999694824,50.506998076990826,45.06940191690566,0.005448286809253355,39.3154949092865,0.35519911465627985,0.3950349100536259,23.46432456706747,1.3093572344098763,1.026316841563934,47.2059193924734,0.2872153525815335,26.370768666569376,40.49856303212741,0.22294175382752002,29.86035997258839,33.513525198758146,0.18154609195876503,33.70294490006832,1
2023-12-15 00:00:00+00:00,48.19400024414063,49.40399932861328,48.119998931884766,48.88999938964844,479948000,47.12929992675781,45.9832999420166,53.04682127517763,47.75869998931885,50.41222675637396,45.10517322226374,0.011168581852518233,39.44337491035461,0.4474918888633965,0.4055263058155801,21.666922424270375,1.3383573804582853,1.0266833006074263,52.71778788286004,0.35519911465627985,23.46432456706747,47.2059193924734,0.2872153525815335,26.370768666569376,40.49856303212741,0.22294175382752002,29.86035997258839,0
2023-12-18 00:00:00+00:00,49.400001525878906,50.43299865722656,49.150001525878906,50.07699966430664,412587000,47.58600006103516,46.06959991455078,59.89472786014132,47.79764995574951,50.56666826062604,45.02863165087299,0.024278999580219507,39.57430991172791,0.6093909003788767,0.4462992247282394,21.12812408041248,1.3878571646554119,1.0261037048121375,53.04682127517763,0.4474918888633965,21.666922424270375,52.71778788286004,0.35519911465627985,23.46432456706747,47.2059193924734,0.2872153525815335,26.370768666569376,0
2023-12-19 00:00:00+00:00,49.42399978637695,49.70000076293945,48.89500045776367,49.604000091552734,464444000,47.88979988098144,46.15621994018554,56.33546452985738,47.75739994049072,50.38645999599864,45.12833988498281,-0.009445445532373697,39.70455990791321,0.6915580699746968,0.4953509937775309,20.236698234275256,1.4050712585449208,1.0164638571968345,59.89472786014132,0.6093909003788767,21.12812408041248,53.04682127517763,0.4474918888633965,21.666922424270375,52.71778788286004,0.35519911465627985,23.46432456706747,0
2023-12-20 00:00:00+00:00,49.65499877929688,49.999000549316406,48.09799957275391,48.11100006103516,397894000,48.15060005187989,46.202479934692384,55.74204874848868,47.66574993133545,50.09398786111666,45.23751200155424,-0.030098379722642954,39.828674907684324,0.6289533363691717,0.5220714622958591,21.15222566513611,1.4181428636823366,1.0395234935641555,56.33546452985738,0.6915580699746968,20.236698234275256,59.89472786014132,0.6093909003788767,21.12812408041248,53.04682127517763,0.4474918888633965,21.666922424270375,1
2023-12-21 00:00:00+00:00,48.81100082397461,49.095001220703125,48.41899871826172,48.9900016784668,300425000,48.39000015258789,46.24615997314453,58.86383481962802,47.679450035095215,50.1355692168748,45.22333085331563,0.018270283642337626,39.952719917297365,0.6428562714150061,0.5462284241196885,21.83773719733806,1.4160714830671017,1.0139615134624096,55.74204874848868,0.6289533363691717,21.15222566513611,56.33546452985738,0.6915580699746968,20.236698234275256,59.89472786014132,0.6093909003788767,21.12812408041248,1
2023-12-22 00:00:00+00:00,49.19499969482422,49.382999420166016,48.46699905395508,48.83000183105469,252507000,48.52240028381348,46.28386001586914,64.49022268470344,47.732150077819824,50.24164272008735,45.2226574355523,-0.003265969420908066,40.07968992233276,0.6336593663563264,0.563714612567016,22.506537101813166,1.356142861502509,1.0188994652875292,58.86383481962802,0.6428562714150061,21.83773719733806,55.74204874848868,0.6289533363691717,21.15222566513611,56.33546452985738,0.6915580699746968,20.236698234275256,1
2023-12-26 00:00:00+00:00,48.96799850463867,49.59999847412109,48.959999084472656,49.27899932861328,244200000,48.78760032653808,46.36022003173828,62.50343705806114,47.78400001525879,50.379234718268506,45.18876531224908,0.009195115312755187,40.21125991821289,0.6550500887924571,0.5819817078121043,22.77350930969971,1.3162141527448366,1.013071883202943,64.49022268470344,0.6336593663563264,22.506537101813166,58.86383481962802,0.6428562714150061,21.83773719733806,55.74204874848868,0.6289533363691717,21.15222566513611,1
2023-12-27 00:00:00+00:00,49.51100158691406,49.68000030517578,49.084999084472656,49.41699981689453,233648000,48.963600158691406,46.42666000366211,69.71987124440423,47.863800048828125,50.56001039268222,45.16758970497403,0.0028003914479066694,40.343514919281006,0.6753528294951323,0.6006559321487099,24.026273793906928,1.2176426478794629,1.012121854574738,62.50343705806114,0.6550500887924571,22.77350930969971,64.49022268470344,0.6336593663563264,22.506537101813166,58.86383481962802,0.6428562714150061,21.83773719733806,0
2023-12-28 00:00:00+00:00,49.64300155639648,49.88399887084961,49.4119987487793,49.52199935913086,246587000,49.10699996948242,46.53833999633789,66.37196966171885,47.93290004730225,50.72794100239204,45.13785909221245,0.002124765619632596,40.47080991744995,0.6919392384919192,0.6189125934173518,25.396925438291476,1.1709281376429952,1.0095523381774143,69.71987124440423,0.6753528294951323,24.026273793906928,62.50343705806114,0.6550500887924571,22.77350930969971,64.49022268470344,0.6336593663563264,22.506537101813166,0
2023-12-29 00:00:00+00:00,49.8129997253418,49.99700164794922,48.7509994506836,49.52199935913086,389293000,49.2242000579834,46.68486000061035,62.55917390378561,48.07049999237061,50.895293696541536,45.24570628819968,0.0,40.59727991104126,0.6970489408285303,0.6345398628995875,26.150517194743095,1.174856730869836,1.0255584954422539,66.37196966171885,0.6919392384919192,25.396925438291476,69.71987124440423,0.6753528294951323,24.026273793906928,62.50343705806114,0.6550500887924571,22.77350930969971,0
2024-01-02 00:00:00+00:00,49.24399948120117,49.29499816894531,47.595001220703125,48.167999267578125,411254000,49.15200004577637,46.80619995117188,59.063642311416814,48.14064998626709,50.89781047602814,45.38348949650605,-0.02734138583003487,40.7104149055481,0.5850972878820215,0.6246513478960743,25.016579365394698,1.1909997122628329,1.0357179725736139,62.55917390378561,0.6970489408285303,26.150517194743095,66.37196966171885,0.6919392384919192,25.396925438291476,69.71987124440423,0.6753528294951323,24.026273793906928,1
2024-01-03 00:00:00+00:00,47.48500061035156,48.18399810791016,47.31999969482422,47.56900024414063,320896000,48.90120010375976,46.92983993530274,49.45476272523624,48.24360008239746,50.72738612032903,45.7598140444659,-0.012435621834944621,40.81963490486145,0.4429347056368087,0.5883080194442213,23.61165883125428,1.136999675205774,1.018258630994464,59.063642311416814,0.5850972878820215,25.016579365394698,62.55917390378561,0.6970489408285303,26.150517194743095,66.37196966171885,0.6919392384919192,25.396925438291476,1
2024-01-04 00:00:00+00:00,47.766998291015625,48.5,47.507999420166016,47.99800109863281,306535000,48.740600204467775,47.03029998779297,49.44223979740678,48.31520004272461,50.67482174420174,45.95557834124748,0.009018496337749315,40.93012491226196,0.36072836656502005,0.542792088868381,23.564007899659096,1.1374282836914047,1.0208807062377143,49.45476272523624,0.4429347056368087,23.61165883125428,59.063642311416814,0.5850972878820215,25.016579365394698,62.55917390378561,0.6970489408285303,26.150517194743095,1
2024-01-05 00:00:00+00:00,48.46200180053711,49.547000885009766,48.305999755859375,49.09700012207031,415039000,48.83920021057129,47.13898002624512,54.19428270830263,48.49490013122559,50.46862275908975,46.52117750336142,0.022896766496153242,41.04461491584778,0.3798802638449317,0.5102097238636911,24.670136908324782,1.1589284624372194,1.0256904139324818,49.44223979740678,0.36072836656502005,23.564007899659096,49.45476272523624,0.4429347056368087,23.61165883125428,59.063642311416814,0.5850972878820215,25.016579365394698,1
2024-01-08 00:00:00+00:00,49.512001037597656,52.275001525878906,49.479000091552734,52.25299835205078,642510000,49.16549987792969,47.34846000671386,64.59508767747404,48.77775001525879,51.1804420031678,46.37505802734978,0.06428087708278873,41.1735399055481,0.6423167343179941,0.5366311259545518,26.40935340887989,1.294214248657225,1.056508850808477,54.19428270830263,0.3798802638449317,24.670136908324782,49.44223979740678,0.36072836656502005,23.564007899659096,49.45476272523624,0.4429347056368087,23.61165883125428,1
2024-01-09 00:00:00+00:00,52.4010009765625,54.32500076293945,51.68999862670898,53.13999938964844,773100000,49.596499633789065,47.60473999023438,63.64851877449629,49.05944995880127,52.0768098157623,46.04209010184023,0.016975122300572076,41.303284902572635,0.9113674223395236,0.6115783852315462,27.762938373321695,1.3722144535609644,1.0509770208209859,64.59508767747404,0.6423167343179941,26.40935340887989,54.19428270830263,0.3798802638449317,24.670136908324782,49.44223979740678,0.36072836656502005,23.564007899659096,1
2024-01-10 00:00:00+00:00,53.61600112915039,54.59999847412109,53.48899841308594,54.34999847412109,533796000,50.10359954833984,47.8817399597168,69.84445485828545,49.44559993743896,53.0682490620874,45.82295081279052,0.022770024433014013,41.44113989830017,1.2083003108916515,0.7309227703635672,29.9727613179903,1.3920715876987988,1.0207706274934352,63.64851877449629,0.9113674223395236,27.762938373321695,64.59508767747404,0.6423167343179941,26.40935340887989,54.19428270830263,0.3798802638449317,24.670136908324782,1
2024-01-11 00:00:00+00:00,54.999000549316406,55.34600067138672,53.560001373291016,54.821998596191406,596759000,50.644099426269534,48.15495994567871,80.6802629027285,49.80384979248047,54.04591373178837,45.561785853172566,0.008684455111715561,41.582594890594486,1.4648226656672634,0.8777027494243064,32.38346955526841,1.383857182094028,1.0333457664731565,69.84445485828545,1.2083003108916515,29.9727613179903,63.64851877449629,0.9113674223395236,27.762938373321695,64.59508767747404,0.6423167343179941,26.40935340887989,1
2024-01-12 00:00:00+00:00,54.619998931884766,54.970001220703125,54.33000183105469,54.709999084472656,352994000,51.16289939880371,48.43355995178223,78.12193009535248,50.134949684143066,54.82335369051723,45.4465456777689,-0.0020429665934603713,41.72409488677979,1.640174148779792,1.0301970292954037,34.55449920415536,1.3592856270926335,1.0117798521641612,80.6802629027285,1.4648226656672634,32.38346955526841,69.84445485828545,1.2083003108916515,29.9727613179903,63.64851877449629,0.9113674223395236,27.762938373321695,1
2024-01-16 00:00:00+00:00,55.01800155639648,56.834999084472656,54.900001525878906,56.38199996948242,449580000,51.84889945983887,48.71469993591309,82.32323710596222,50.536549758911136,55.90751089307864,45.165588624743634,0.030561157247109172,41.8710848903656,1.8922453340820624,1.2026066902527355,35.56198674103963,1.4456427437918522,1.0352458561896691,78.12193009535248,1.640174148779792,34.55449920415536,80.6802629027285,1.4648226656672634,32.38346955526841,69.84445485828545,1.2083003108916515,29.9727613179903,1
2024-01-17 00:00:00+00:00,56.34700012207031,56.47100067138672,54.7400016784668,56.053001403808594,474394000,52.63739967346192,48.96563995361328,79.29425769439389,50.89469985961914,56.73789639624429,45.05150332299399,-0.0058351701935351885,42.01443490028382,2.0419280542613407,1.3704709630544565,36.505099185564426,1.5142857687813895,1.0316221947358992,82.32323710596222,1.8922453340820624,35.56198674103963,78.12193009535248,1.640174148779792,34.55449920415536,80.6802629027285,1.4648226656672634,32.38346955526841,1
2024-01-18 00:00:00+00:00,57.2599983215332,57.59999847412109,56.10699844360352,57.10699844360352,491650000,53.591199493408205,49.20767990112304,80.81424480538399,51.24619979858399,57.69652771080426,44.79587188636371,0.018803578994849524,42.1610848903656,2.2200105412884596,1.5403788787012571,38.056741170213016,1.5822854723249158,1.0266098717082195,79.29425769439389,2.0419280542613407,36.505099185564426,82.32323710596222,1.8922453340820624,35.56198674103963,78.12193009535248,1.640174148779792,34.55449920415536,1
2024-01-19 00:00:00+00:00,57.98899841308594,59.5,57.22499847412109,59.49100112915039,543501000,54.74049949645996,49.48247993469239,83.77720528437946,51.74054985046386,59.11082097250559,44.37027872842214,0.04174624390215875,42.31871489524841,2.5244114443158523,1.7371853918241764,39.787829315422364,1.7194998604910705,1.0397553794065673,80.81424480538399,2.2200105412884596,38.056741170213016,79.29425769439389,2.0419280542613407,36.505099185564426,82.32323710596222,1.8922453340820624,35.56198674103963,1
2024-01-22 00:00:00+00:00,60.04899978637695,60.33100128173828,59.06999969482422,59.65399932861328,452955000,55.79619941711426,49.756459884643554,83.95443633863582,52.31769981384277,60.27563219968303,44.35976742800251,0.0027398799208140368,42.47971989631653,2.7471366640885932,1.93917564627706,43.783904526370556,1.7205712454659594,1.021347580725052,83.77720528437946,2.5244114443158523,39.787829315422364,80.81424480538399,2.2200105412884596,38.056741170213016,79.29425769439389,2.0419280542613407,36.505099185564426,1
2024-01-23 00:00:00+00:00,59.56999969482422,59.90999984741211,58.584999084472656,59.87300109863281,294654000,56.55819969177246,50.022439880371095,92.45558650606836,52.861849784851074,61.33345295293931,44.39024661676284,0.0036712001288148333,42.644679899215696,2.907800306087722,2.1329005782391928,48.92907858265397,1.677571432931082,1.0226167241383577,83.95443633863582,2.7471366640885932,43.783904526370556,83.77720528437946,2.5244114443158523,39.787829315422364,80.81424480538399,2.2200105412884596,38.056741170213016,1
2024-01-24 00:00:00+00:00,60.30400085449219,62.8489990234375,59.9379997253418,61.36199951171875,560271000,57.38039970397949,50.31067985534668,96.99490143131123,53.48844966888428,62.53851492356789,44.43838441420067,0.024869279738174654,42.81630489349365,3.119319553642761,2.3301843733199066,54.888076622313214,1.8284285409109924,1.0485668409262068,92.45558650606836,2.907800306087722,48.92907858265397,83.95443633863582,2.7471366640885932,43.783904526370556,83.77720528437946,2.5244114443158523,39.787829315422364,1
2024-01-25 00:00:00+00:00,62.34999847412109,62.71900177001953,60.84999847412109,61.617000579833984,482777000,58.10709991455078,50.57631988525391,96.95884276871185,54.10534973144532,63.61750305778012,44.59319640511051,0.004155683813180433,42.98649489402771,3.2698339262076885,2.518114283897463,61.43279233928552,1.8910715920584538,1.030714927572156,96.99490143131123,3.119319553642761,54.888076622313214,92.45558650606836,2.907800306087722,48.92907858265397,83.95443633863582,2.7471366640885932,43.783904526370556,1
2024-01-26 00:00:00+00:00,60.959999084472656,61.78300094604492,60.573001861572266,61.03099822998047,390309000,58.72799987792969,50.82453987121582,92.65798896606644,54.68604965209961,64.4087823580573,44.96331694614194,-0.009510400446939404,43.15580488204956,3.3037486012920994,2.6752411473763904,66.58848873710261,1.866857256208147,1.0199758811233737,96.95884276871185,3.2698339262076885,61.43279233928552,96.99490143131123,3.119319553642761,54.888076622313214,92.45558650606836,2.907800306087722,48.92907858265397,1
2024-01-29 00:00:00+00:00,61.23199844360352,62.48899841308594,60.90700149536133,62.46500015258789,348733000,59.50349998474121,51.08071990966797,91.62726068035698,55.333199691772464,65.32786527448138,45.338534109063545,0.023496288184632563,43.33565487861633,3.4070636869788515,2.8216056552968825,70.3481289617738,1.7528569357735766,1.025973974730066,92.65798896606644,3.3037486012920994,66.58848873710261,96.95884276871185,3.2698339262076885,61.43279233928552,96.99490143131123,3.119319553642761,54.888076622313214,1
2024-01-30 00:00:00+00:00,62.900001525878906,63.49300003051758,62.2599983215332,62.77399826049805,410735000,60.142699813842775,51.3584398651123,91.21320626814044,55.99579963684082,66.12452923779117,45.867070035890485,0.004946739888823215,43.51720987319946,3.4738310397920387,2.952050732195914,73.5620237787815,1.6527140481131408,1.0198040755256161,91.62726068035698,3.4070636869788515,70.3481289617738,92.65798896606644,3.3037486012920994,66.58848873710261,96.95884276871185,3.2698339262076885,61.43279233928552,1
2024-01-31 00:00:00+00:00,61.43999862670898,62.26900100708008,60.70000076293945,61.527000427246094,453795000,60.69009971618652,51.5993798828125,80.60555602188677,56.66374969482422,66.37217906291347,46.95532032673496,-0.019864878258625374,43.691054878234866,3.3870782151008783,3.0390562287769067,74.88363586216813,1.6965710776192797,1.0258484386230615,91.21320626814044,3.4738310397920387,73.5620237787815,91.62726068035698,3.4070636869788515,70.3481289617738,92.65798896606644,3.3037486012920994,66.58848873710261,1
2024-02-01 00:00:00+00:00,62.09999847412109,63.19100189208984,61.650001525878906,63.027000427246094,369146000,61.282099914550784,51.873959884643554,82.1689127707574,57.43664970397949,66.53880222680856,48.33449718115042,0.02437954052016078,43.87117987632752,3.4001684155268848,3.1112786661269025,75.25284310492351,1.6878569466727111,1.024995950171454,80.60555602188677,3.3870782151008783,74.88363586216813,91.21320626814044,3.4738310397920387,73.5620237787815,91.62726068035698,3.4070636869788515,70.3481289617738,1
2024-02-02 00:00:00+00:00,63.9739990234375,66.5999984741211,63.68999862670898,66.16000366210938,476578000,61.94900016784668,52.188979949951175,86.29391109197931,58.34474983215332,67.09929160121692,49.59020806308972,0.049708905923260494,44.06364489555359,3.6216020965274964,3.2133433522070214,76.13248909278619,1.8973568507603227,1.0456900598234866,82.1689127707574,3.4001684155268848,75.25284310492351,80.60555602188677,3.3870782151008783,74.88363586216813,91.21320626814044,3.4738310397920387,73.5620237787815,1
2024-02-05 00:00:00+00:00,68.2249984741211,69.49700164794922,67.20500183105469,69.33200073242188,680078000,62.916800308227536,52.5767399597168,87.4840861034279,59.3564998626709,68.28634989612482,50.42664982921699,0.04794433033154655,44.2706499004364,4.00685500780331,3.372045683326279,76.733478485937,1.9839281354631686,1.0341046016583162,86.29391109197931,3.6216020965274964,76.13248909278619,82.1689127707574,3.4001684155268848,75.25284310492351,80.60555602188677,3.3870782151008783,74.88363586216813,1
2024-02-06 00:00:00+00:00,69.62999725341797,69.75399780273438,66.30000305175781,68.2229995727539,683111000,63.75180015563965,52.96687995910644,83.70443556259492,60.15499992370606,69.26460837497096,51.04539147244116,-0.015995516470785565,44.476244897842406,4.174561839993984,3.53254891465982,77.09040833929585,2.1069992610386428,1.0520964493512943,87.4840861034279,4.00685500780331,76.733478485937,86.29391109197931,3.6216020965274964,76.13248909278619,82.1689127707574,3.4001684155268848,75.25284310492351,1
2024-02-07 00:00:00+00:00,68.31900024414062,70.22000122070312,67.5999984741211,70.0989990234375,495575000,64.62550010681153,53.413339920043946,84.41406636028108,61.00294990539551,70.51162839364903,51.494271417142,0.027498049960160476,44.69114489555359,4.4080351052691995,3.707646152781696,77.13451435253558,2.183642523629324,1.0387574379544555,83.70443556259492,4.174561839993984,77.09040833929585,87.4840861034279,4.00685500780331,76.733478485937,86.29391109197931,3.6216020965274964,76.13248909278619,1
2024-02-08 00:00:00+00:00,70.0739974975586,70.79399871826172,69.45500183105469,69.64099884033203,414422000,65.42789993286132,53.84131988525391,79.94099485049651,61.767499923706055,71.48058912130153,52.05441072611057,-0.006533619445155514,44.90413989067078,4.504186109265369,3.8669541440784307,76.69013524233821,2.108356475830078,1.0192786243165621,84.41406636028108,4.4080351052691995,77.13451435253558,83.70443556259492,4.174561839993984,77.09040833929585,87.4840861034279,4.00685500780331,76.733478485937,1
2024-02-09 00:00:00+00:00,70.53299713134766,72.18499755859375,70.21199798583984,72.13300323486328,436637000,66.53810043334961,54.32755996704102,82.36422896010903,62.63305015563965,72.81409145782911,52.4520088534502,0.03578358202823506,45.13359991073608,4.726980709575237,4.038959457177793,75.6689556558539,2.1999991280691966,1.0281006043034384,79.94099485049651,4.504186109265369,76.69013524233821,84.41406636028108,4.4080351052691995,77.13451435253558,83.70443556259492,4.174561839993984,77.09040833929585,1
2024-02-12 00:00:00+00:00,72.5999984741211,74.61100006103516,71.25,72.24800109863281,613710000,67.5164005279541,54.809720001220704,82.26857374310967,63.50995025634766,73.8377163786193,53.18218413407601,0.0015942475512229493,45.3600599193573,4.856839776334375,4.20253552100911,74.63578758804819,2.3454276493617465,1.047171930681195,82.36422896010903,4.726980709575237,75.6689556558539,79.94099485049651,4.504186109265369,76.69013524233821,84.41406636028108,4.4080351052691995,77.13451435253558,1
2024-02-13 00:00:00+00:00,70.4000015258789,73.44999694824219,69.62000274658203,72.12799835205078,602580000,68.45180053710938,55.31687995910645,80.23136688477373,64.29725017547608,74.73719705522862,53.85730329572354,-0.0016609836224839025,45.584569911956784,4.893659740292009,4.340760364865689,71.80522998882957,2.4064273834228516,1.0550128418638736,82.26857374310967,4.856839776334375,74.63578758804819,82.36422896010903,4.726980709575237,75.6689556558539,79.94099485049651,4.504186109265369,76.69013524233821,1
2024-02-14 00:00:00+00:00,73.2020034790039,74.23600006103516,71.93800354003906,73.9000015258789,504917000,69.68910064697266,55.859580001831056,81.78335380880247,65.18960018157959,75.71309526406723,54.66610509909195,0.024567480233946393,45.8153249168396,5.008095466771692,4.47422738524689,69.12432088422949,2.4370697566441124,1.0319441242168623,80.23136688477373,4.893659740292009,71.80522998882957,82.26857374310967,4.856839776334375,74.63578758804819,82.36422896010903,4.726980709575237,75.6689556558539,0
2024-02-15 00:00:00+00:00,73.86900329589844,73.9749984741211,72.4000015258789,72.65799713134766,420122000,70.6522003173828,56.40253997802734,79.098033405265,65.9671501159668,76.27188158623588,55.66241864569773,-0.016806554382767014,46.03406490325928,4.9416035005835255,4.567702608314217,66.89060078653823,2.46314103262765,1.0217541010365754,81.78335380880247,5.008095466771692,69.12432088422949,80.23136688477373,4.893659740292009,71.80522998882957,82.26857374310967,4.856839776334375,74.63578758804819,0
2024-02-16 00:00:00+00:00,74.0999984741211,74.4020004272461,72.5009994506836,72.61299896240234,495327000,71.29749984741211,56.9234799194336,77.29422959050606,66.6232500076294,76.86257606004651,56.38392395521228,-0.000619314744720656,46.25607990264893,4.8296044879494815,4.62008298424127,64.74021051943234,2.4859270368303568,1.0262203416637807,79.098033405265,4.9416035005835255,66.89060078653823,81.78335380880247,5.008095466771692,69.12432088422949,80.23136688477373,4.893659740292009,71.80522998882957,1
2024-02-20 00:00:00+00:00,71.9469985961914,71.95600128173828,67.73400115966797,69.4520034790039,704833000,71.30950012207032,57.40246002197266,65.5722498186676,67.11315021514892,76.87493809544932,57.35136233484852,-0.04353208831155897,46.464329919815064,4.434658562133748,4.582998099819766,60.16208202831812,2.7463553292410707,1.0623320643958103,77.29422959050606,4.8296044879494815,64.74021051943234,79.098033405265,4.9416035005835255,66.89060078653823,81.78335380880247,5.008095466771692,69.12432088422949,1
2024-02-21 00:00:00+00:00,68.00599670410156,68.88800048828125,66.24800109863281,67.47200012207031,690298000,71.23440017700196,57.81998001098633,63.40472791717114,67.4931001663208,76.64056069586901,58.34563963677259,-0.028508945138381314,46.66387991905212,3.916741588224923,4.449746797500797,57.149950440866924,2.827069963727678,1.0398502497564854,65.5722498186676,4.434658562133748,60.16208202831812,77.29422959050606,4.8296044879494815,64.74021051943234,79.098033405265,4.9416035005835255,66.89060078653823,1
2024-02-22 00:00:00+00:00,75.0250015258789,78.57499694824219,74.22000122070312,78.53800201416016,865100000,72.07830047607422,58.44062004089356,74.43369056220642,68.35190029144287,78.26849850545972,58.43530207742603,0.1640088017558281,46.913169927597046,4.349088935235429,4.429615225047724,55.68769923358115,3.501283918108259,1.058676847964323,63.40472791717114,3.916741588224923,57.149950440866924,65.5722498186676,4.434658562133748,60.16208202831812,77.29422959050606,4.8296044879494815,64.74021051943234,1
2024-02-23 00:00:00+00:00,80.79000091552734,82.39399719238281,77.56999969482422,78.81700134277344,829388000,72.99590072631835,59.08442008972168,71.9077679980181,69.21190032958984,79.63936745135427,58.784433207825394,0.0035524118446885744,47.161499938964845,4.660516701298448,4.4757955202978685,53.76750801618747,3.5906410217285156,1.062188958573381,74.43369056220642,4.349088935235429,55.68769923358115,63.40472791717114,3.916741588224923,57.149950440866924,65.5722498186676,4.434658562133748,60.16208202831812,0
2024-02-26 00:00:00+00:00,79.69999694824219,80.64600372314453,78.50499725341797,79.09200286865234,503973000,73.69180068969726,59.7131201171875,68.7764471110618,70.11495056152344,80.68657701433631,59.54332410871058,0.0034891142925232987,47.41410495758057,4.873338956531342,4.555304207544563,51.32727974067673,3.505213056291853,1.027272231636609,71.9077679980181,4.660516701298448,53.76750801618747,74.43369056220642,4.349088935235429,55.68769923358115,63.40472791717114,3.916741588224923,57.149950440866924,1
2024-02-27 00:00:00+00:00,79.38099670410156,79.4800033569336,77.16200256347656,78.70099639892578,391705000,74.33710021972657,60.3253800201416,70.730431275423,70.92675037384033,81.51845190189228,60.33504884578839,-0.004943691593901178,47.66318493843079,4.953352014111331,4.634913768857917,49.14962750103755,3.4240706307547435,1.0300407028906509,68.7764471110618,4.873338956531342,51.32727974067673,71.9077679980181,4.660516701298448,53.76750801618747,74.43369056220642,4.349088935235429,55.68769923358115,1
2024-02-28 00:00:00+00:00,77.62000274658203,78.93299865722656,77.125,77.66300201416016,393110000,74.8906005859375,60.91164009094239,65.4784293460188,71.67120056152343,81.93816617160286,61.404234951444,-0.013189088223281908,47.90860995292664,4.876788880221341,4.683288791130602,46.96983892603784,3.366070338657924,1.0234424461228728,70.730431275423,4.953352014111331,49.14962750103755,68.7764471110618,4.873338956531342,51.32727974067673,71.9077679980181,4.660516701298448,53.76750801618747,1
2024-02-29 00:00:00+00:00,79.09400177001953,79.98999786376953,78.3499984741211,79.11199951171875,507289000,75.41180038452148,61.51608009338379,68.62536222729615,72.55045051574707,82.14978548718665,62.95111554430749,0.018657500482590184,48.16246994972229,4.87681712122135,4.721994457148751,45.05926794064679,3.4366416931152344,1.0209317092736145,65.4784293460188,4.876788880221341,46.96983892603784,70.730431275423,4.953352014111331,49.14962750103755,68.7764471110618,4.873338956531342,51.32727974067673,1
2024-03-01 00:00:00+00:00,80.0,82.30000305175781,79.43499755859375,82.27899932861328,479135000,76.37390060424805,62.16012008666992,69.43676958064648,73.51305046081544,82.95111380840486,64.07498711322602,0.040031851507247085,48.4290999507904,5.073901145902738,4.792375794899549,43.20603576112988,3.482642037527902,1.036067295036432,68.62536222729615,4.87681712122135,45.05926794064679,65.4784293460188,4.876788880221341,46.96983892603784,70.730431275423,4.953352014111331,49.14962750103755,1
2024-03-04 00:00:00+00:00,84.12999725341797,87.69499969482422,83.71900177001953,85.23699951171875,615616000,77.63630065917968,62.87278007507325,72.43892242181474,74.4669002532959,84.60596524101014,64.32783526558167,0.03595085267495213,48.70921995162964,5.406455297842129,4.915191695488065,41.14979890056368,3.6294277736118863,1.047492180278582,69.43676958064648,5.073901145902738,43.20603576112988,68.62536222729615,4.87681712122135,45.05926794064679,65.4784293460188,4.876788880221341,46.96983892603784,1
2024-03-05 00:00:00+00:00,85.2699966430664,86.09700012207031,83.41699981689453,85.96399688720703,520639000,79.2875,63.62984001159668,73.41116261633212,75.29850006103516,86.3513673483247,64.24563277374561,0.008529129129989377,48.988149938583376,5.6633854890262825,5.064830454195708,40.931521329721924,3.547285352434431,1.0321277474742385,72.43892242181474,5.406455297842129,41.14979890056368,69.43676958064648,5.073901145902738,43.20603576112988,68.62536222729615,4.87681712122135,45.05926794064679,1
2024-03-06 00:00:00+00:00,88.02200317382812,89.7239990234375,87.02999877929688,88.69999694824219,582520000,81.4102996826172,64.42403991699219,74.2511559480349,76.32234992980958,88.36490559594563,64.27979426367352,0.03182727839685073,49.27325992584228,6.018400481415227,5.255544459639613,40.87377764628867,3.651714324951172,1.0309548463969584,73.41116261633212,5.6633854890262825,40.931521329721924,72.43892242181474,5.406455297842129,41.14979890056368,69.43676958064648,5.073901145902738,43.20603576112988,0
2024-03-07 00:00:00+00:00,90.15799713134766,92.76699829101562,89.60199737548828,92.66899871826172,608119000,82.82339935302734,65.30081985473633,80.09988147710195,77.45084991455079,91.1535007062378,63.74819912286378,0.04474635745856337,49.58028491973877,6.544575896064359,5.513350746924562,40.92455185333391,3.8297146388462613,1.0353228835096613,74.2511559480349,6.018400481415227,40.87377764628867,73.41116261633212,5.6633854890262825,40.931521329721924,72.43892242181474,5.406455297842129,41.14979890056368,0
2024-03-08 00:00:00+00:00,95.13800048828124,97.4000015258789,86.50599670410156,87.52799987792969,1142269000,83.69449920654297,66.06579986572265,69.452489369455,78.34519996643067,92.23522267257611,64.45517726028521,-0.055477008616031664,49.86204491615295,6.4721313602095165,5.705106869581553,40.52745048500889,4.472072056361607,1.125933521800123,80.09988147710195,6.544575896064359,40.92455185333391,74.2511559480349,6.018400481415227,40.87377764628867,73.41116261633212,5.6633854890262825,40.931521329721924,1
2024-03-11 00:00:00+00:00,86.42900085449219,88.7969970703125,84.16600036621094,85.77400207519531,678364000,84.36269912719726,66.79293991088868,72.09856276917476,79.02724990844726,92.97242331427417,65.08207650262035,-0.020039276633540992,50.13747492790222,6.201696285344909,5.804424752734224,43.26055959754125,4.4543576921735495,1.0550221785988623,69.452489369455,6.4721313602095165,40.52745048500889,80.09988147710195,6.544575896064359,40.92455185333391,74.2511559480349,6.018400481415227,40.87377764628867,1
2024-03-12 00:00:00+00:00,88.04900360107422,91.95999908447266,86.1500015258789,91.91300201416016,668075000,85.6838996887207,67.64075996398925,79.74154121988252,80.01049995422363,94.69648411469296,65.3245157937543,0.07157180253269502,50.444349937438965,6.408863144495541,5.925312431086487,46.560608690928525,4.667357308523996,1.0674404812035723,72.09856276917476,6.201696285344909,43.26055959754125,69.452489369455,6.4721313602095165,40.52745048500889,80.09988147710195,6.544575896064359,40.92455185333391,0
2024-03-13 00:00:00+00:00,91.05500030517578,91.50399780273438,88.43499755859375,90.88800048828124,635713000,87.00639953613282,68.46807998657226,69.88855942084612,80.94850006103516,95.9085199278246,65.98848019424574,-0.011151866476094563,50.708889942169186,6.416371380859729,6.023524221041137,47.620005802442954,4.122714996337891,1.034703458233345,79.74154121988252,6.408863144495541,46.560608690928525,72.09856276917476,6.201696285344909,43.26055959754125,69.452489369455,6.4721313602095165,40.52745048500889,0
2024-03-14 00:00:00+00:00,89.5770034790039,90.64600372314452,86.5999984741211,87.94400024414062,602318000,87.889599609375,69.26360000610352,63.536320700275866,81.65069999694825,96.53590579035117,66.76549420354533,-0.03239151734359258,50.95387994766235,6.1142838385257505,6.04167614453806,47.62882217713185,4.084429604666573,1.0467206157080071,69.88855942084612,6.416371380859729,47.620005802442954,79.74154121988252,6.408863144495541,46.560608690928525,72.09856276917476,6.201696285344909,43.26055959754125,1
2024-03-15 00:00:00+00:00,86.93000030517578,89.5459976196289,86.25700378417969,87.83699798583984,642086000,88.44539947509766,70.0689599609375,63.03472290137622,82.40965003967285,96.90709732359612,67.91220275574958,-0.0012167090194183938,51.192509937286374,5.799391323630132,5.9932191803564745,47.932074914938674,4.166428702218191,1.0381301655652042,63.536320700275866,6.1142838385257505,47.62882217713185,69.88855942084612,6.416371380859729,47.620005802442954,79.74154121988252,6.408863144495541,46.560608690928525,1
2024-03-18 00:00:00+00:00,90.38800048828124,92.40499877929688,87.08499908447266,88.45500183105469,668976000,88.76719970703125,70.87809997558594,64.44096695336765,83.20175018310547,97.16681446976771,69.23668589644322,0.007035803356058246,51.445614948272706,5.535890186237538,5.9017533815326875,49.17047420351861,4.38085719517299,1.0610897370471786,63.03472290137622,5.799391323630132,47.932074914938674,63.536320700275866,6.1142838385257505,47.62882217713185,69.88855942084612,6.416371380859729,47.620005802442954,1
2024-03-19 00:00:00+00:00,86.69999694824219,90.54399871826172,85.01000213623047,89.39800262451172,672171000,89.11060028076172,71.68412002563477,67.422870103885,84.19905014038086,96.81320437337556,71.58489590738617,0.010660796720779242,51.69375495910644,5.3415814930434635,5.7897190038348425,49.878255005675456,4.64699990408761,1.0650981818958538,64.44096695336765,5.535890186237538,49.17047420351861,63.03472290137622,5.799391323630132,47.932074914938674,63.536320700275866,6.1142838385257505,47.62882217713185,1
2024-03-20 00:00:00+00:00,89.7969970703125,90.41000366210938,88.2229995727539,90.37200164794922,479063000,89.27780075073242,72.44650009155274,66.95681127096894,85.3440502166748,95.47888683230184,75.20921360104776,0.010895087080731392,51.948979969024656,5.206170541635231,5.67300931139492,50.388567295531516,4.637000492640903,1.0247895004697947,67.422870103885,5.3415814930434635,49.878255005675456,64.44096695336765,5.535890186237538,49.17047420351861,63.03472290137622,5.799391323630132,47.932074914938674,1
2024-03-21 00:00:00+00:00,92.3000030517578,92.64800262451172,90.40499877929688,91.43499755859376,480372000,89.15440063476562,73.21240005493163,64.72120129232103,85.98889999389648,95.9399016414888,76.03789834630417,0.01176244734276799,52.21029994964599,5.125547156148713,5.563516880345679,50.74894116475322,4.571857452392577,1.0248106175045766,66.95681127096894,5.206170541635231,50.388567295531516,67.422870103885,5.3415814930434635,49.878255005675456,64.44096695336765,5.535890186237538,49.17047420351861,1
2024-03-22 00:00:00+00:00,91.14099884033205,94.77799987792967,90.83399963378906,94.28900146484376,586719000,89.83050079345703,74.0111801147461,64.60282795143615,86.7625,96.7713694906226,76.75363050937742,0.031213473860718155,52.488474960327146,5.231639719515144,5.497141448179573,50.28549705387045,4.4667145865304105,1.0434198676711521,64.72120129232103,5.125547156148713,50.74894116475322,66.95681127096894,5.206170541635231,50.388567295531516,67.422870103885,5.3415814930434635,49.878255005675456,0
2024-03-25 00:00:00+00:00,93.94100189208984,96.76599884033205,93.51000213623048,95.0019989013672,552136000,90.75330047607422,74.8147801208496,64.58683188318211,87.55799980163575,97.52889843079986,77.58710117247163,0.007561830387919466,52.77610996246338,5.312018136239828,5.460116785791625,49.74589516583942,4.507857186453681,1.0348197693264731,64.60282795143615,5.231639719515144,50.28549705387045,64.72120129232103,5.125547156148713,50.74894116475322,66.95681127096894,5.206170541635231,50.388567295531516,0
2024-03-26 00:00:00+00:00,95.85099792480467,96.375,92.5019989013672,92.56099700927734,513648000,90.81809997558594,75.5718000793457,56.2913465997173,88.25099983215333,97.532763315176,78.96923634913065,-0.02569421612511702,53.0463649559021,5.119733062381755,5.392040041109651,48.08551003893866,4.51592854091099,1.041869377360834,64.58683188318211,5.312018136239828,49.74589516583942,64.60282795143615,5.231639719515144,50.28549705387045,64.72120129232103,5.125547156148713,50.74894116475322,0
2024-03-27 00:00:00+00:00,93.11199951171876,93.23999786376952,89.12300109863281,90.25,586067000,90.7542999267578,76.24916007995606,45.83319205798624,88.8803497314453,96.73677936646558,81.02392009642503,-0.024967287345075917,53.30376495361328,4.726384789389542,5.2589089907656295,44.65609566159555,4.519499642508366,1.0461945481456623,56.2913465997173,5.119733062381755,48.08551003893866,64.58683188318211,5.312018136239828,49.74589516583942,64.60282795143615,5.231639719515144,50.28549705387045,0
2024-03-28 00:00:00+00:00,90.0,91.3000030517578,89.19300079345703,90.3560028076172,435212000,90.99550018310546,76.93522010803223,55.89363623643741,89.44254989624024,95.82710472765204,83.05799506482845,0.0011745463447889737,53.55813497543335,4.372800072531604,5.081687207118824,41.473902332908416,3.8918566022600394,1.0236229551596758,45.83319205798624,4.726384789389542,44.65609566159555,56.2913465997173,5.119733062381755,48.08551003893866,64.58683188318211,5.312018136239828,49.74589516583942,0
2024-04-01 00:00:00+00:00,90.29900360107422,92.2249984741211,89.2040023803711,90.36299896240234,452441000,91.24810028076172,77.6003401184082,60.31466918544691,89.84674987792968,95.2734923169448,84.42000743891457,7.742877692407113e-05,53.80483997344971,4.046500627824855,4.874649891260031,38.7633269969423,3.7768565586634995,1.0338661496472803,55.89363623643741,4.372800072531604,41.473902332908416,45.83319205798624,4.726384789389542,44.65609566159555,56.2913465997173,5.119733062381755,48.08551003893866,0
2024-04-02 00:00:00+00:00,88.447998046875,90.09400177001952,87.62000274658203,89.4520034790039,433064000,91.34780044555664,78.19956016540527,42.76899928803669,90.05750007629395,95.03963653369236,85.07536361889552,-0.010081510063399746,54.03711498260498,3.672066943093185,4.634133301626662,33.96877110676875,3.5309279305594257,1.028235550626412,60.31466918544691,4.046500627824855,38.7633269969423,55.89363623643741,4.372800072531604,41.473902332908416,45.83319205798624,4.726384789389542,44.65609566159555,0
2024-04-03 00:00:00+00:00,88.48400115966797,90.3740005493164,88.4000015258789,88.96399688720703,370067000,91.30439987182618,78.78576011657715,44.16261162269504,90.20750007629394,94.83901633014784,85.57598382244004,-0.005455513267642154,54.26866996765137,3.2979310010877896,4.3668928415188875,29.8700408135619,3.4234989711216466,1.0223303053095494,42.76899928803669,3.672066943093185,33.96877110676875,60.31466918544691,4.046500627824855,38.7633269969423,55.89363623643741,4.372800072531604,41.473902332908416,0
2024-04-04 00:00:00+00:00,90.40599822998048,90.63400268554688,85.87999725341797,85.90499877929688,434965000,90.85769958496094,79.30640007019043,43.856579346616776,90.06775016784668,95.04644856755532,85.08905176813803,-0.03438467486784014,54.48473495483398,2.723198650440139,4.038154003303138,26.77734387174252,3.456784929547987,1.0553563761547478,44.16261162269504,3.2979310010877896,29.8700408135619,42.76899928803669,3.672066943093185,33.96877110676875,60.31466918544691,4.046500627824855,38.7633269969423,0
2024-04-05 00:00:00+00:00,86.86599731445312,88.48100280761719,85.9260025024414,88.00800323486328,399678000,90.51500015258787,79.83932014465331,50.45991398414287,89.83470039367675,94.73647555654168,84.93292523081183,0.024480583033000824,54.705734977722166,2.409637208064069,3.7124506442553242,23.755945088294595,3.4058570861816366,1.029734890845215,43.856579346616776,2.723198650440139,26.77734387174252,44.16261162269504,3.2979310010877896,29.8700408135619,42.76899928803669,3.672066943093185,33.96877110676875,0
2024-04-08 00:00:00+00:00,88.69999694824219,88.83000183105469,86.73200225830078,87.13300323486328,283220000,89.79940032958984,80.3496401977539,46.49300024894301,89.81495056152343,94.75886011508992,84.87104100795695,-0.009942277609286565,54.92617500305176,2.0667085884467724,3.383302233093614,20.864204491326642,3.1757142203194713,1.0241894516225483,50.45991398414287,2.409637208064069,23.755945088294595,43.856579346616776,2.723198650440139,26.77734387174252,44.16261162269504,3.2979310010877896,29.8700408135619,1
2024-04-09 00:00:00+00:00,87.44200134277344,87.63500213623047,83.02200317382812,85.35399627685547,503547000,88.83460006713867,80.83610015869141,39.72768449261286,89.79395027160645,94.81312772923364,84.77477281397925,-0.020417142666511512,55.13781997680664,1.6325649999203904,3.0331547864589696,19.090883696762663,3.109928676060264,1.0555635709336455,46.49300024894301,2.0667085884467724,20.864204491326642,50.45991398414287,2.409637208064069,23.755945088294595,43.856579346616776,2.723198650440139,26.77734387174252,1
2024-04-10 00:00:00+00:00,83.9260025024414,87.4000015258789,83.70899963378906,87.03900146484375,431929000,88.28240051269532,81.32758018493652,41.828883946858,89.55025024414063,94.60935864781275,84.4911418404685,0.01974137429397893,55.36196998596191,1.4082356506874447,2.7081709593046646,17.436965627589817,3.2173570905412907,1.0440932505254785,39.72768449261286,1.6325649999203904,19.090883696762663,46.49300024894301,2.0667085884467724,20.864204491326642,50.45991398414287,2.409637208064069,23.755945088294595,0
2024-04-11 00:00:00+00:00,87.41999816894531,90.73899841308594,86.9260025024414,90.61599731445312,431637000,88.31900024414062,81.88442016601563,48.2124932977657,89.53665008544922,94.58206043454986,84.49123973634859,0.041096471574920024,55.61188997268677,1.5017751667764685,2.4668918007990257,15.352712286937452,3.3271424429757213,1.0438648482718096,41.828883946858,1.4082356506874447,17.436965627589817,39.72768449261286,1.6325649999203904,19.090883696762663,46.49300024894301,2.0667085884467724,20.864204491326642,0
2024-04-12 00:00:00+00:00,89.6989974975586,90.1750030517578,87.52999877929688,88.18599700927734,426805000,88.10199966430665,82.41760009765625,36.42872533002166,89.54874992370605,94.5792168613255,84.5182829860866,-0.026816460417505072,55.843439960479735,1.364100687324779,2.2463335781041764,14.583229796900676,3.2658566066196957,1.030218260131937,48.2124932977657,1.5017751667764685,15.352712286937452,41.828883946858,1.4082356506874447,17.436965627589817,39.72768449261286,1.6325649999203904,19.090883696762663,0
2024-04-15 00:00:00+00:00,89.0979995727539,90.61299896240234,85.92900085449219,86.0009994506836,443077000,87.66579971313476,82.877080078125,31.2142665838241,89.45694999694824,94.6821819553508,84.23171803854568,-0.024777148670937943,56.067859954833985,1.0663889601477479,2.010344654512891,14.612528612728065,3.367856706891738,1.0545100962577443,36.42872533002166,1.364100687324779,14.583229796900676,48.2124932977657,1.5017751667764685,15.352712286937452,41.828883946858,1.4082356506874447,17.436965627589817,0
2024-04-16 00:00:00+00:00,86.43299865722656,88.11799621582031,86.06400299072266,87.41500091552734,370453000,87.46209945678712,83.30218002319336,38.77890468151199,89.40494995117187,94.69249357885388,84.11740632348986,0.01644168642080257,56.30082496643067,0.9337842883567191,1.7950325812816568,15.237560374568009,3.242427825927732,1.023865880666962,31.2142665838241,1.0663889601477479,14.612528612728065,36.42872533002166,1.364100687324779,14.583229796900676,48.2124932977657,1.5017751667764685,15.352712286937452,0
2024-04-17 00:00:00+00:00,88.33999633789062,88.7750015258789,83.94999694824219,84.03500366210938,495400000,86.96920013427734,83.59624008178712,37.05155585678781,89.13680000305176,94.94422257943172,83.32937742667181,-0.03866610098973966,56.50948999404907,0.5496209123120934,1.5459502474877442,16.685111099241706,3.2929998125348763,1.0574747439313368,38.77890468151199,0.9337842883567191,15.237560374568009,31.2142665838241,1.0663889601477479,14.612528612728065,36.42872533002166,1.364100687324779,14.583229796900676,0
2024-04-18 00:00:00+00:00,84.97000122070312,86.19000244140625,82.4020004272461,84.6709976196289,447260000,86.84580001831054,83.92520004272461,38.41166508297655,88.85174980163575,94.95596475845916,82.74753484481232,0.007568202889319364,56.720779991149904,0.2931092848164383,1.2953820549534831,18.781722104904436,3.4130712236676897,1.0459697822203313,37.05155585678781,0.5496209123120934,16.685111099241706,38.77890468151199,0.9337842883567191,15.237560374568009,31.2142665838241,1.0663889601477479,14.612528612728065,0
2024-04-19 00:00:00+00:00,83.1500015258789,84.3239974975586,75.60600280761719,76.19999694824219,875198000,85.66499938964844,84.04722000122071,28.53635564587385,88.08999977111816,96.28216882063587,79.89783072160043,-0.10004607137666377,56.890194969177244,-0.5869509815636178,0.9189154476500629,21.38863208066892,3.844785417829241,1.115308234349126,38.41166508297655,0.2931092848164383,18.781722104904436,37.05155585678781,0.5496209123120934,16.685111099241706,38.77890468151199,0.9337842883567191,15.237560374568009,1
2024-04-22 00:00:00+00:00,78.10399627685547,80.072998046875,76.4000015258789,79.51799774169922,596341000,84.90349884033203,84.24475997924804,35.96892207890171,87.35144958496093,95.84817006052656,78.85472910939531,0.043543319243316114,57.0772699546814,-1.005084164217351,0.5341155252765802,25.28150927065517,3.925500052315848,1.0480758697334835,28.53635564587385,-0.5869509815636178,21.38863208066892,38.41166508297655,0.2931092848164383,18.781722104904436,37.05155585678781,0.5496209123120934,16.685111099241706,1
2024-04-23 00:00:00+00:00,80.76899719238281,82.76899719238281,80.26399993896484,82.4229965209961,438559000,84.61039886474609,84.4505598449707,41.35177283502294,86.72249946594238,94.67988477052025,78.76511416136452,0.036532594655278805,57.27686994552612,-1.089489642144983,0.20939449179226766,28.10892774772847,4.016714368547712,1.03120947442593,35.96892207890171,-1.005084164217351,25.28150927065517,28.53635564587385,-0.5869509815636178,21.38863208066892,38.41166508297655,0.2931092848164383,18.781722104904436,1
2024-04-24 00:00:00+00:00,83.94999694824219,84.08200073242188,79.18299865722656,79.677001953125,512208000,83.87419891357422,84.59913986206055,41.69688941039001,86.07829971313477,94.13103412176132,78.02556530450822,-0.0333158788660588,57.46435495376587,-1.3622571514381576,-0.10493583685381738,30.277803370347154,4.027071271623884,1.061869367898057,41.35177283502294,-1.089489642144983,28.10892774772847,35.96892207890171,-1.005084164217351,25.28150927065517,28.53635564587385,-0.5869509815636178,21.38863208066892,1
2024-04-25 00:00:00+00:00,78.86799621582031,83.322998046875,78.2229995727539,82.63200378417969,424641000,83.07579956054687,84.80921997070313,42.99196980067418,85.69739990234375,93.63920406492426,77.75559573976324,0.03708726180225952,57.66548997879028,-1.324712949672744,-0.3488912594176027,32.660887177214654,4.2073565891810825,1.0651981962079793,41.69688941039001,-1.3622571514381576,30.277803370347154,41.35177283502294,-1.089489642144983,28.10892774772847,35.96892207890171,-1.005084164217351,25.28150927065517,1
2024-04-26 00:00:00+00:00,83.81800079345703,88.33100128173828,83.38700103759766,87.73500061035156,551011000,83.0306999206543,85.08591995239257,50.70683530025339,85.56634979248047,93.26732657857796,77.86537300638298,0.06175569503917644,57.88465497970581,-0.8731248630146666,-0.4537379801370155,32.74342927634553,4.464570726667132,1.059289819547671,42.99196980067418,-1.324712949672744,32.660887177214654,41.69688941039001,-1.3622571514381576,30.277803370347154,41.35177283502294,-1.089489642144983,28.10892774772847,0
2024-04-29 00:00:00+00:00,87.59500122070312,87.99199676513672,85.26599884033203,87.75700378417969,388971000,83.2063003540039,85.38790008544922,52.942915473415205,85.43605003356933,92.87917497921934,77.99292508791932,0.0002507912882550034,58.093554992675784,-0.5076111531849818,-0.4645126147466088,31.498258253571635,4.3297849382672995,1.0319705153505485,50.70683530025339,-0.8731248630146666,32.74342927634553,42.99196980067418,-1.324712949672744,32.660887177214654,41.69688941039001,-1.3622571514381576,30.277803370347154,0
2024-04-30 00:00:00+00:00,87.23999786376953,88.81900024414062,86.30000305175781,86.4020004272461,363709000,83.10500030517578,85.6636801147461,49.21352044387165,85.28354988098144,92.50180990896467,78.06528985299819,-0.015440401318462804,58.298219985961914,-0.3235467063993269,-0.4363194330771525,30.12963488487901,4.246070316859654,1.0291888424484998,52.942915473415205,-0.5076111531849818,31.498258253571635,50.70683530025339,-0.8731248630146666,32.74342927634553,42.99196980067418,-1.324712949672744,32.660887177214654,1
2024-05-01 00:00:00+00:00,85.0770034790039,86.0,81.25499725341797,83.04100036621094,559863000,83.00559997558594,85.93546005249023,40.59730553382666,84.98740005493164,92.05429565076116,77.92050445910212,-0.03889956302418307,58.48111999511719,-0.4437634927734848,-0.43780824501641896,31.10328973489695,4.341356549944196,1.0583964421509156,49.21352044387165,-0.3235467063993269,30.12963488487901,52.942915473415205,-0.5076111531849818,31.498258253571635,50.70683530025339,-0.8731248630146666,32.74342927634553,1
2024-05-02 00:00:00+00:00,84.4489974975586,86.23699951171875,83.19999694824219,85.81700134277344,377898000,83.1202003479004,86.3023600769043,47.08445593393203,84.98300018310547,92.04759950755896,77.91840085865199,0.03342928149131552,58.67273500442505,-0.311445928494436,-0.4125357817120224,31.111955706395772,4.349213736397879,1.0365024359960715,40.59730553382666,-0.4437634927734848,31.10328973489695,49.21352044387165,-0.3235467063993269,30.12963488487901,52.942915473415205,-0.5076111531849818,31.498258253571635,1
2024-05-03 00:00:00+00:00,87.78900146484375,89.28099822998047,87.04000091552734,88.78900146484375,398341000,84.37910079956055,86.50738006591797,53.36601442647352,85.0220500946045,92.16524975439522,77.87885043481377,0.034631833734197315,58.88129501342773,0.032853551017481664,-0.3234579151661216,28.945459484531806,4.262070792061942,1.02574675196325,47.08445593393203,-0.311445928494436,31.111955706395772,40.59730553382666,-0.4437634927734848,31.10328973489695,49.21352044387165,-0.3235467063993269,30.12963488487901,1
2024-05-06 00:00:00+00:00,89.38999938964844,92.22000122070312,89.05500030517578,92.13999938964844,376203000,85.64130096435547,86.77384002685547,55.449700735696176,85.27239990234375,93.04990809530508,77.49489170938242,0.0377411376355159,59.11439500808716,0.569545529810199,-0.1448572261708575,26.318536241657313,4.355928148542132,1.0355398450921502,53.36601442647352,0.032853551017481664,28.945459484531806,47.08445593393203,-0.311445928494436,31.111955706395772,40.59730553382666,-0.4437634927734848,31.10328973489695,0
2024-05-07 00:00:00+00:00,91.0979995727539,91.78099822998048,89.01100158691406,90.5540008544922,437342000,86.45440139770508,87.00307998657226,57.84344215615395,85.53240013122559,93.6611329036238,77.40366735882738,-0.01721292105124994,59.34562002182007,0.8570217493668508,0.055518568936684165,24.330235916021486,4.234784807477679,1.0311197109759704,55.449700735696176,0.569545529810199,26.318536241657313,53.36601442647352,0.032853551017481664,28.945459484531806,47.08445593393203,-0.311445928494436,31.111955706395772,0
2024-05-08 00:00:00+00:00,89.48300170898438,91.19400024414062,89.41999816894531,90.41200256347656,325721000,87.52790145874023,87.23730010986328,56.99048476192582,85.70105018615723,94.0969667851492,77.30513358716526,-0.0015681062092862685,59.57462003707886,1.0611582770938384,0.256646510568115,22.315333348061696,4.09092766898019,1.0198389858143768,57.84344215615395,0.8570217493668508,24.330235916021486,55.449700735696176,0.569545529810199,26.318536241657313,53.36601442647352,0.032853551017481664,28.945459484531806,0
2024-05-09 00:00:00+00:00,90.52899932861328,91.0719985961914,88.23100280761719,88.74700164794922,378013000,88.13940124511718,87.45898010253906,68.31305442400036,85.60760040283203,93.81261403822168,77.4025867674424,-0.018415706635392604,59.78996004104614,1.076180745417986,0.4205533575380892,20.45938240155885,3.6463563101632253,1.0321995182891535,56.99048476192582,1.0611582770938384,22.315333348061696,57.84344215615395,0.8570217493668508,24.330235916021486,55.449700735696176,0.569545529810199,26.318536241657313,1
2024-05-10 00:00:00+00:00,90.30500030517578,91.4010009765625,89.22699737548828,89.87799835205078,335325000,88.35370101928712,87.6743000793457,66.1521720822614,85.6922004699707,94.04275302342212,77.34164791651928,0.012744055383280717,60.012090034484864,1.165908276820602,0.5696243413945918,18.87078584138709,3.5592847551618303,1.0243648633823852,68.31305442400036,1.076180745417986,20.45938240155885,56.99048476192582,1.0611582770938384,22.315333348061696,57.84344215615395,0.8570217493668508,24.330235916021486,1
2024-05-13 00:00:00+00:00,90.47799682617188,90.9980010986328,88.52899932861328,90.39900207519533,289680000,88.61790084838867,87.83670013427735,63.433952633806754,85.91210060119629,94.52441994085189,77.2997812615407,0.0057967882317959685,60.23458503723145,1.2644824713404859,0.7085959673837707,17.447272018727396,3.503427777971539,1.027889186467078,66.1521720822614,1.165908276820602,18.87078584138709,68.31305442400036,1.076180745417986,20.45938240155885,56.99048476192582,1.0611582770938384,22.315333348061696,1
2024-05-14 00:00:00+00:00,89.5989990234375,91.6510009765625,88.93399810791016,91.3560028076172,296507000,89.11330108642578,87.95908020019532,70.93235746814727,86.10915069580078,95.04067968639372,77.17762170520783,0.010586408151119109,60.45761505126953,1.403644847737695,0.8476057434545556,16.93990050502713,3.3475706917898984,1.0305507784026038,63.433952633806754,1.2644824713404859,17.447272018727396,66.1521720822614,1.165908276820602,18.87078584138709,68.31305442400036,1.076180745417986,20.45938240155885,1
2024-05-15 00:00:00+00:00,92.47200012207033,94.86199951171876,91.5989990234375,94.62999725341795,417735000,90.27220077514647,88.13240020751954,71.26097827477128,86.6389003753662,96.28100151898197,76.99679923175046,0.03583775937193012,60.69712003707886,1.757852593038848,1.0296551133714142,17.370225488194443,3.233713422502789,1.035622665346445,70.93235746814727,1.403644847737695,16.93990050502713,63.433952633806754,1.2644824713404859,17.447272018727396,66.1521720822614,1.165908276820602,18.87078584138709,1
2024-05-16 00:00:00+00:00,94.91000366210938,95.81900024414062,94.10299682617188,94.35900115966795,323952000,91.12640075683592,88.24558029174804,64.1635347882389,87.12330055236816,97.30731783371124,76.93928327102509,-0.0028637440728680463,60.936380043029786,1.9937153536105257,1.2224671614192366,18.31930898696374,2.9492138453892287,1.0182353748110549,71.26097827477128,1.757852593038848,17.370225488194443,70.93235746814727,1.403644847737695,16.93990050502713,63.433952633806754,1.2644824713404859,17.447272018727396,1
2024-05-17 00:00:00+00:00,94.36900329589844,94.73999786376952,91.80599975585938,92.47899627685548,359691000,91.4954002380371,88.24178024291992,59.35344484949308,87.93725051879883,96.98399593004017,78.8905051075575,-0.01992395913169165,61.17743001937866,2.005815812368425,1.3791368916090745,19.123840686455118,2.964071001325333,1.0319586749854317,64.1635347882389,1.9937153536105257,18.31930898696374,71.26097827477128,1.757852593038848,17.370225488194443,70.93235746814727,1.403644847737695,16.93990050502713,1
2024-05-20 00:00:00+00:00,93.75,95.1999969482422,93.44000244140624,94.77999877929688,318764000,91.75940017700196,88.38682022094727,65.99587532516264,88.70035057067871,97.32162248433131,80.0790786570261,0.024881352470055518,61.4287550163269,2.1759936840986285,1.5385082501069853,19.94452045128777,2.978499821254183,1.018835557158077,59.35344484949308,2.005815812368425,19.123840686455118,64.1635347882389,1.9937153536105257,18.31930898696374,71.26097827477128,1.757852593038848,17.370225488194443,1
2024-05-21 00:00:00+00:00,93.5989990234375,95.4000015258789,93.18000030517578,95.38600158691406,328946000,92.24260025024414,88.57906021118164,76.34106159711664,89.3485008239746,97.9317261449102,80.765275503039,0.006393783661343022,61.6822850227356,2.332868380972414,1.6973802762800712,21.257552954620582,2.769428253173826,1.0238248681415791,65.99587532516264,2.1759936840986285,19.94452045128777,59.35344484949308,2.005815812368425,19.123840686455118,64.1635347882389,1.9937153536105257,18.31930898696374,1
2024-05-22 00:00:00+00:00,95.45899963378906,96.0199966430664,93.2490005493164,94.9499969482422,548648000,92.6963996887207,88.63980010986329,71.64934955015043,90.11215057373047,97.73643994441323,82.4878612030477,-0.00457094994462659,61.92995000839233,2.3944095155410423,1.8367861241322656,22.72960404647349,2.739070892333982,1.0297160943004908,76.34106159711664,2.332868380972414,21.257552954620582,65.99587532516264,2.1759936840986285,19.94452045128777,59.35344484949308,2.005815812368425,19.123840686455118,1
2024-05-23 00:00:00+00:00,102.02799987792967,106.31999969482422,101.5199966430664,103.79900360107422,835065000,94.2015998840332,88.89802017211915,77.8272102535408,91.1705005645752,100.17449676128244,82.16650436786794,0.09319649223006987,62.22562501907348,3.1212424506507546,2.0936773894359635,26.360601992565705,3.303785596575053,1.0472813555011642,71.64934955015043,2.3944095155410423,22.72960404647349,76.34106159711664,2.332868380972414,21.257552954620582,65.99587532516264,2.1759936840986285,19.94452045128777,1
2024-05-24 00:00:00+00:00,104.4489974975586,106.4749984741211,103.0,106.46900177001952,429494000,95.86070022583009,89.26852020263672,77.25283849422753,92.1072006225586,103.25014826149147,80.96425298362571,0.025722772630908608,62.54520002365112,3.8681200463289116,2.4485659208145534,30.332124707583432,3.3069283621651757,1.0337378492633116,77.8272102535408,3.1212424506507546,26.360601992565705,71.64934955015043,2.3944095155410423,22.72960404647349,76.34106159711664,2.332868380972414,21.257552954620582,1
2024-05-28 00:00:00+00:00,110.24400329589844,114.93900299072266,109.88300323486328,113.9010009765625,652728000,98.2109001159668,89.78980026245117,86.3264245014245,93.41440048217774,108.00823610783809,78.8205648565174,0.0698043475846295,62.90276502609253,5.002065449204636,2.95926582649257,35.210463462473975,3.6884286063058016,1.0460125734373378,77.25283849422753,3.8681200463289116,30.332124707583432,77.8272102535408,3.1212424506507546,26.360601992565705,71.64934955015043,2.3944095155410423,22.72960404647349,0
2024-05-29 00:00:00+00:00,113.0500030517578,115.49199676513672,110.9010009765625,114.8249969482422,557442000,100.5577995300293,90.31720016479493,87.08264553605078,94.83555030822754,111.88348107766254,77.78761953879254,0.00811227262058778,63.27261501312256,5.907189697640632,3.548850600722183,39.75204250608562,3.8896424429757235,1.0413972439215806,86.3264245014245,5.002065449204636,35.210463462473975,77.25283849422753,3.8681200463289116,30.332124707583432,77.8272102535408,3.1212424506507546,26.360601992565705,1
2024-05-30 00:00:00+00:00,114.6500015258789,115.81900024414062,109.66300201416016,110.5,487350000,102.1447998046875,90.73924011230469,80.57171237719405,96.208500289917,113.67465085839962,78.74234972143438,-0.037665987922400834,63.6063500213623,6.204000224645071,4.079880525506761,42.53680426580007,4.126428331647598,1.0561355983049376,87.08264553605078,5.907189697640632,39.75204250608562,86.3264245014245,5.002065449204636,35.210463462473975,77.25283849422753,3.8681200463289116,30.332124707583432,1
2024-05-31 00:00:00+00:00,112.5199966430664,112.71700286865234,106.94000244140624,109.63300323486328,613263000,103.67220001220704,91.12446014404296,77.97128947189896,97.39930038452148,115.12789403627949,79.67070673276348,-0.007846124571373014,63.934815044403074,6.296681092462208,4.5232406388978506,44.233051364128436,4.3494998386928,1.0540209490869556,80.57171237719405,6.204000224645071,42.53680426580007,87.08264553605078,5.907189697640632,39.75204250608562,86.3264245014245,5.002065449204636,35.210463462473975,1
2024-06-03 00:00:00+00:00,113.62100219726562,115.0,112.00299835205078,115.0,438392000,105.92430038452147,91.5957601928711,80.6294977696382,98.7098503112793,117.5958571801148,79.8238434424438,0.048954207280440754,64.2923850440979,6.725673752586687,4.9637272616356185,47.22085694467559,4.556499481201172,1.0267582269407554,77.97128947189896,6.296681092462208,44.233051364128436,80.57171237719405,6.204000224645071,42.53680426580007,87.08264553605078,5.907189697640632,39.75204250608562,1
2024-06-04 00:00:00+00:00,115.71600341796876,116.5999984741211,114.04499816894533,116.43699645996094,403324000,108.09000015258788,92.03872009277345,80.85828686558904,99.92470016479491,120.11228118043084,79.73711914915901,0.012495621390964606,64.6578500175476,7.0997654545889475,5.390934900226284,50.01439512795229,4.544927869524273,1.0224034402753097,80.6294977696382,6.725673752586687,47.22085694467559,77.97128947189896,6.296681092462208,44.233051364128436,80.57171237719405,6.204000224645071,42.53680426580007,1
2024-06-05 00:00:00+00:00,118.37100219726562,122.4489974975586,117.46800231933594,122.44000244140624,528402000,110.7954002380371,92.5874801635742,82.06281442794236,101.51900024414064,123.54339105682412,79.49460943145712,0.05155582988186702,65.05355503082275,7.790820507901557,5.870912021761339,51.87344918061873,4.723928179059709,1.042402995538154,80.85828686558904,7.0997654545889475,50.01439512795229,80.6294977696382,6.725673752586687,47.22085694467559,77.97128947189896,6.296681092462208,44.233051364128436,0
2024-06-06 00:00:00+00:00,124.0479965209961,125.58699798583984,118.31999969482422,120.9980010986328,664696000,113.40020065307615,93.15622024536133,79.90524540251947,103.04830017089844,126.05123553128936,80.04536481050754,-0.011777207726400563,65.42371004104615,8.128429681781057,6.322415553765284,54.77023956319418,5.120427812848772,1.0614181736795045,82.06281442794236,7.790820507901557,51.87344918061873,80.85828686558904,7.0997654545889475,50.01439512795229,80.6294977696382,6.725673752586687,47.22085694467559,0
2024-06-07 00:00:00+00:00,119.7699966430664,121.69200134277344,118.02200317382812,120.88800048828124,412386000,115.10910034179688,93.76898025512696,83.21214081296596,104.65535011291504,127.94061536494144,81.37008486088864,-0.0009091109716919954,65.79981004714966,8.291531639045715,6.71623877082137,59.26210411287192,5.172999245779855,1.0310958810243203,79.90524540251947,8.128429681781057,54.77023956319418,82.06281442794236,7.790820507901557,51.87344918061873,80.85828686558904,7.0997654545889475,50.01439512795229,1
2024-06-10 00:00:00+00:00,120.37000274658205,123.0999984741211,117.01000213623048,121.79000091552734,314162700,116.64120025634766,94.39766021728516,82.64442874428141,106.25095024108889,129.64584096761698,82.85605951456077,0.0074614554265337585,66.17318004608154,8.396782133787852,7.052347443414666,63.5850316468803,5.413641793387276,1.052046801356351,83.21214081296596,8.291531639045715,59.26210411287192,79.90524540251947,8.128429681781057,54.77023956319418,82.06281442794236,7.790820507901557,51.87344918061873,1
2024-06-11 00:00:00+00:00,121.7699966430664,122.87000274658205,118.73999786376952,120.91000366210938,222551200,117.34210052490236,95.0086003112793,80.64547569399025,107.77650032043456,130.79517401288982,84.75782662797931,-0.007225529573879674,66.54191507339478,8.313354311631826,7.304548817058098,65.58249820629426,5.55007062639509,1.034781918116176,82.64442874428141,8.396782133787852,63.5850316468803,83.21214081296596,8.291531639045715,59.26210411287192,79.90524540251947,8.128429681781057,54.77023956319418,1
2024-06-12 00:00:00+00:00,123.05999755859376,126.87999725341795,122.56999969482422,125.1999969482422,299595000,118.37960052490234,95.72356018066408,83.24322982832935,109.4687000274658,132.38046008464798,86.55693997028365,0.03548087963111368,66.93782505035401,8.4954732394731,7.542733701541099,67.6393096436835,5.778570447649274,1.0351635601641902,80.64547569399025,8.313354311631826,65.58249820629426,82.64442874428141,8.396782133787852,63.5850316468803,83.21214081296596,8.291531639045715,59.26210411287192,1
2024-06-13 00:00:00+00:00,129.38999938964844,129.8000030517578,127.16000366210938,129.61000061035156,260704500,120.2906005859375,96.53648025512696,81.4316079189354,111.2177001953125,134.69360683559745,87.74179355502757,0.03522367228117784,67.3517000579834,8.893139663226705,7.812814893878221,68.20042655939662,5.294999258858817,1.0207612402769621,83.24322982832935,8.4954732394731,67.6393096436835,80.64547569399025,8.313354311631826,65.58249820629426,82.64442874428141,8.396782133787852,63.5850316468803,1
2024-06-14 00:00:00+00:00,129.9600067138672,132.83999633789062,128.32000732421875,131.8800048828125,309320400,122.51530075073242,97.45598037719726,81.24893629597383,113.09375038146972,136.8917389323671,89.29576183057236,0.017514113585149094,67.76718008041382,9.284438317096345,8.107139578521846,69.26262614836719,5.369641440255301,1.035224351275569,81.4316079189354,8.893139663226705,68.20042655939662,83.24322982832935,8.4954732394731,67.6393096436835,80.64547569399025,8.313354311631826,65.58249820629426,0
2024-06-17 00:00:00+00:00,132.99000549316406,133.72999572753906,129.5800018310547,130.97999572753906,288504400,124.11330032348631,98.31542022705078,75.02270240687989,115.0188003540039,138.01064590354852,92.02695480445928,-0.00682445497384665,68.17576005935669,9.413410169512616,8.36839369672,68.98691987007929,5.06106948852539,1.0320264997518298,81.24893629597383,9.284438317096345,69.26262614836719,81.4316079189354,8.893139663226705,68.20042655939662,83.24322982832935,8.4954732394731,67.6393096436835,0
2024-06-18 00:00:00+00:00,131.13999938964844,136.3300018310547,130.69000244140625,135.5800018310547,294335100,126.0276008605957,99.2843601989746,77.45152490980675,117.0588005065918,139.72753841855177,94.3900625946318,0.03511991337275977,68.60688507080079,9.77413321690537,8.649541600757074,68.82016066384867,5.135998317173548,1.0431555534799006,75.02270240687989,9.413410169512616,68.98691987007929,81.24893629597383,9.284438317096345,69.26262614836719,81.4316079189354,8.893139663226705,68.20042655939662,0
2024-06-20 00:00:00+00:00,139.8000030517578,140.75999450683594,129.52000427246094,130.77999877929688,517768400,126.86160049438476,100.19288024902345,76.4904001773109,118.82850036621092,139.83884764227446,97.8181530901474,-0.03540347386732645,69.01824007034301,9.56245862920214,8.832125006446088,68.92046511108272,5.499140603201729,1.086781885914166,77.45152490980675,9.77413321690537,68.82016066384867,75.02270240687989,9.413410169512616,68.98691987007929,81.24893629597383,9.284438317096345,69.26262614836719,0
2024-06-21 00:00:00+00:00,127.12000274658205,130.6300048828125,124.3000030517578,126.56999969482422,655484700,127.4188003540039,100.98350021362305,70.34668719697179,120.40950050354004,138.39529283688813,102.42370817019196,-0.032191459885065554,69.40835006713867,8.951802445440237,8.856060494244918,69.27422559928014,5.549354553222655,1.050925194494315,76.4904001773109,9.56245862920214,68.92046511108272,77.45152490980675,9.77413321690537,68.82016066384867,75.02270240687989,9.413410169512616,68.98691987007929,0
2024-06-24 00:00:00+00:00,123.23999786376952,124.45999908447266,118.04000091552734,118.11000061035156,476060900,127.14100036621092,101.53338027954102,53.4776571486682,121.1250503540039,137.384203620421,104.8658970875868,-0.06684047645469504,69.76359506607055,7.696481548911692,8.624144705178272,67.40906464636113,5.775283268519809,1.054388327000604,70.34668719697179,8.951802445440237,69.27422559928014,76.4904001773109,9.56245862920214,68.92046511108272,77.45152490980675,9.77413321690537,68.82016066384867,1
2024-06-25 00:00:00+00:00,121.1999969482422,126.5,119.31999969482422,126.08999633789062,425787500,127.57099990844726,102.29146026611328,59.4162712328604,122.10610008239746,136.94780565614207,107.26439450865284,0.06756409860554746,70.16284004211425,7.261839690307994,8.351683702204216,65.51781274488465,6.192068917410714,1.0601743238647294,53.4776571486682,7.696481548911692,67.40906464636113,70.34668719697179,8.951802445440237,69.27422559928014,76.4904001773109,9.56245862920214,68.92046511108272,0
2024-06-26 00:00:00+00:00,126.12999725341795,128.1199951171875,122.5999984741211,126.4000015258789,362975900,128.11999969482423,103.0994403076172,54.34553320427912,122.73105010986328,137.1650359775616,108.29706424216496,0.0024586025615984664,70.5669800567627,6.863282070326278,8.054003375828628,62.97113794713857,6.156925746372768,1.045024442999741,59.4162712328604,7.261839690307994,65.51781274488465,53.4776571486682,7.696481548911692,67.40906464636113,70.34668719697179,8.951802445440237,69.27422559928014,0
2024-06-27 00:00:00+00:00,124.0999984741211,126.41000366210938,122.91999816894533,123.98999786376952,252571700,127.99899978637696,103.83094024658205,53.214986936479406,123.18930015563964,137.140298338384,109.23830197289529,-0.01906648443841963,70.9610400390625,6.280556781678584,7.69931405699862,59.87019524200542,5.8871405465262265,1.028392495486107,54.34553320427912,6.863282070326278,62.97113794713857,59.4162712328604,7.261839690307994,65.51781274488465,53.4776571486682,7.696481548911692,67.40906464636113,0
2024-06-28 00:00:00+00:00,124.58000183105467,127.70999908447266,122.75,123.54000091552734,315516700,127.39199981689453,104.6210401916504,52.8289804901321,123.84130020141602,136.44954090919515,111.23305949363689,-0.003629300395154411,71.35439004898072,5.716535140494514,7.302758273697799,56.36068204482694,5.979283469063894,1.0404073245170888,53.214986936479406,6.280556781678584,59.87019524200542,54.34553320427912,6.863282070326278,62.97113794713857,59.4162712328604,7.261839690307994,65.51781274488465,1
2024-07-01 00:00:00+00:00,123.47000122070312,124.83999633789062,118.83000183105467,124.3000030517578,284885500,126.63399963378906,105.41362030029296,52.68564213174308,124.57465019226076,135.26331016168027,113.88599022284124,0.006151870896861311,71.74846506118774,5.270119094702082,6.896230437898657,52.274637775772476,5.97356905255999,1.0505764067510543,52.8289804901321,5.716535140494514,56.36068204482694,53.214986936479406,6.280556781678584,59.87019524200542,54.34553320427912,6.863282070326278,62.97113794713857,1
2024-07-02 00:00:00+00:00,121.12999725341795,123.41000366210938,121.02999877929688,122.66999816894533,218374000,125.8029998779297,106.34302032470704,51.85340515372707,124.958150100708,134.70967064237433,115.20662955904167,-0.01311347419785458,72.13391004562378,4.730275716666526,6.463039493652231,48.118155664914234,5.912140437534875,1.0196645865224914,52.68564213174308,5.270119094702082,52.274637775772476,52.8289804901321,5.716535140494514,56.36068204482694,53.214986936479406,6.280556781678584,59.87019524200542,1
2024-07-03 00:00:00+00:00,121.66000366210938,128.27999877929688,121.36000061035156,128.27999877929688,215749000,125.0729995727539,107.31826034545898,53.1557374101788,125.5503002166748,134.5309754958389,116.56962493751068,0.0457324585806651,72.55581003189087,4.700936643342885,6.110618923590362,43.94279597614921,5.97999790736607,1.0570204196946507,51.85340515372707,4.730275716666526,48.118155664914234,52.68564213174308,5.270119094702082,52.274637775772476,52.8289804901321,5.716535140494514,56.36068204482694,1
2024-07-05 00:00:00+00:00,127.37999725341795,128.85000610351562,125.68000030517578,125.83000183105467,214176700,124.57799987792968,108.18640045166016,45.964990806943206,125.71980018615724,134.58046650517522,116.85913386713924,-0.01909882266570151,72.96513004302979,4.428936910328204,5.774282520937931,39.75902336784124,5.8778550284249445,1.0252228341075942,53.1557374101788,4.700936643342885,43.94279597614921,51.85340515372707,4.730275716666526,48.118155664914234,52.68564213174308,5.270119094702082,52.274637775772476,1
2024-07-08 00:00:00+00:00,127.48999786376952,130.77000427246094,127.04000091552734,128.1999969482422,237677300,124.74099960327148,109.1568603515625,46.08009528450284,126.0798999786377,134.71510013571174,117.44469982156366,0.01883489694587759,73.38853002548218,4.354418930444723,5.49030980283929,35.229781034820725,5.907855987548829,1.0293608574468902,45.964990806943206,4.428936910328204,39.75902336784124,53.1557374101788,4.700936643342885,43.94279597614921,51.85340515372707,4.730275716666526,48.118155664914234,0
2024-07-09 00:00:00+00:00,130.35000610351562,133.82000732421875,128.64999389648438,131.3800048828125,285366600,126.06800003051758,110.13182037353516,50.40634805093991,126.60450019836426,135.1862792090237,118.02272118770485,0.024805054682287997,73.83423505783081,4.500088736650511,5.292265589601534,31.526441928280587,6.012857164655414,1.0401866589429791,46.08009528450284,4.354418930444723,35.229781034820725,45.964990806943206,4.428936910328204,39.75902336784124,53.1557374101788,4.700936643342885,43.94279597614921,0
2024-07-10 00:00:00+00:00,134.02999877929688,135.10000610351562,132.4199981689453,134.91000366210938,248978600,126.95000076293944,111.07532043457032,49.30425956225188,127.26050033569337,136.28698980928806,118.23401086209866,0.026868615071566904,74.30370008468628,4.844529783887836,5.202718428458795,27.462073358023847,5.875714438302177,1.0202386948469149,50.40634805093991,4.500088736650511,31.526441928280587,46.08009528450284,4.354418930444723,35.229781034820725,45.964990806943206,4.428936910328204,39.75902336784124,0
2024-07-11 00:00:00+00:00,135.75,136.14999389648438,127.0500030517578,127.4000015258789,374782700,127.05000076293943,111.8681803894043,46.67715620740249,127.58500022888184,136.10250952626913,119.06749093149456,-0.055666755113577326,74.73265008926391,4.460094197107949,5.054193582188626,22.907090718116304,5.722857339041576,1.0716252705717717,49.30425956225188,4.844529783887836,27.462073358023847,50.40634805093991,4.500088736650511,31.526441928280587,46.08009528450284,4.354418930444723,35.229781034820725,0
2024-07-12 00:00:00+00:00,128.25999450683594,131.9199981689453,127.22000122070312,129.24000549316406,252680500,127.5750015258789,112.72494049072266,52.75315021218018,127.78700065612792,136.25784912318946,119.3161521890664,0.014442731124389985,75.16774011611939,4.254851883521297,4.89432524245516,18.946522047666406,5.595714569091798,1.0369438524064196,46.67715620740249,4.460094197107949,22.907090718116304,49.30425956225188,4.844529783887836,27.462073358023847,50.40634805093991,4.500088736650511,31.526441928280587,0
2024-07-15 00:00:00+00:00,130.55999755859375,131.38999938964844,127.18000030517578,128.44000244140625,208326200,128.0650016784668,113.63292053222656,62.65000919338853,127.72850074768068,136.1624195850062,119.29458191035512,-0.006190057395193516,75.60038513183594,3.9817432532659467,4.711808844617318,18.505517280482028,5.28714316231864,1.0331026818239544,52.75315021218018,4.254851883521297,18.946522047666406,46.67715620740249,4.460094197107949,22.907090718116304,49.30425956225188,4.844529783887836,27.462073358023847,0
2024-07-16 00:00:00+00:00,128.44000244140625,129.0399932861328,124.58000183105467,126.36000061035156,214769500,128.27100143432617,114.44378051757812,50.38649311935222,127.45250053405762,135.6729688485155,119.23203221959974,-0.01619434593209057,76.0198451423645,3.556467191719449,4.480740514037744,16.781972627978586,5.0064283098493325,1.0358002198549203,62.65000919338853,3.9817432532659467,18.505517280482028,52.75315021218018,4.254851883521297,18.946522047666406,46.67715620740249,4.460094197107949,22.907090718116304,0
2024-07-17 00:00:00+00:00,121.3499984741211,121.8499984741211,116.72000122070312,117.98999786376952,390086200,127.8030014038086,115.02780044555664,40.21865596363165,126.80300064086914,135.86007352619407,117.74592775554424,-0.06623933765552992,76.39435012817383,2.5150516287665567,4.087602736983507,15.86156066395422,5.3007142203194775,1.0439513125408368,50.38649311935222,3.556467191719449,16.781972627978586,62.65000919338853,3.9817432532659467,18.505517280482028,52.75315021218018,4.254851883521297,18.946522047666406,1
2024-07-18 00:00:00+00:00,121.8499984741211,122.4000015258789,116.55999755859376,121.08999633789062,320979500,127.08400115966796,115.60680038452148,46.680402366578654,126.07850036621092,134.47335918451728,117.6836415479046,0.026273400544513548,76.7823051071167,1.9177595232061009,3.6536340942280257,15.258641174029934,5.46857125418527,1.0501029863555842,40.21865596363165,2.5150516287665567,15.86156066395422,50.38649311935222,3.556467191719449,16.781972627978586,62.65000919338853,3.9817432532659467,18.505517280482028,1
2024-07-19 00:00:00+00:00,120.3499984741211,121.5999984741211,117.37000274658205,117.93000030517578,217223800,126.29400100708008,116.15432037353516,43.95343949245712,125.43600044250488,134.27118968038948,116.60081120462029,-0.02609626004031884,77.14804510116578,1.17586135785578,3.158079546953577,14.734651478165398,5.416428157261441,1.0360398366580275,46.680402366578654,1.9177595232061009,15.258641174029934,40.21865596363165,2.5150516287665567,15.86156066395422,50.38649311935222,3.556467191719449,16.781972627978586,0
2024-07-22 00:00:00+00:00,120.3499984741211,124.06999969482422,119.86000061035156,123.54000091552734,258068900,125.8280014038086,116.81688034057618,49.25838998673492,125.28450050354004,134.1417011709811,116.42729983609898,0.04757059777693695,77.54816011428834,1.0287233982748205,2.7322083172178258,13.692949816070785,5.425714220319476,1.035124303879814,43.95343949245712,1.17586135785578,14.734651478165398,46.680402366578654,1.9177595232061009,15.258641174029934,40.21865596363165,2.5150516287665567,15.86156066395422,0
2024-07-23 00:00:00+00:00,122.77999877929688,124.69000244140624,122.0999984741211,122.58999633789062,173911000,124.9490005493164,117.493740234375,49.92088428523184,125.508500289917,133.81095272780564,117.20604785202836,-0.007689854060194623,77.94090509414673,0.8259371855919397,2.3509540908926487,12.667717562929411,5.377142769949777,1.0212121539693064,49.25838998673492,1.0287233982748205,13.692949816070785,43.95343949245712,1.17586135785578,14.734651478165398,46.680402366578654,1.9177595232061009,15.258641174029934,0
2024-07-24 00:00:00+00:00,119.16999816894533,119.9499969482422,113.44000244140624,114.25,327776900,122.88300018310548,117.98118026733398,36.83618265188491,124.91650047302248,134.61541325806513,115.2175876879798,-0.06803162237564131,78.28871509552002,-0.007652144012325834,1.879232843911654,14.037553273865596,5.536428179059711,1.0573871153625767,49.92088428523184,0.8259371855919397,12.667717562929411,49.25838998673492,1.0287233982748205,13.692949816070785,43.95343949245712,1.17586135785578,14.734651478165398,0
2024-07-25 00:00:00+00:00,113.04000091552734,116.62999725341795,106.3000030517578,112.27999877929688,460067000,121.37099990844726,118.41880020141602,37.17099056705992,124.21050033569335,135.39638424599354,113.02461642539316,-0.01724289908711707,78.62130508422851,-0.817813087729732,1.3398236575833768,16.660174779623773,6.047855922154019,1.0971777413461639,36.83618265188491,-0.007652144012325834,14.037553273865596,49.92088428523184,0.8259371855919397,12.667717562929411,49.25838998673492,1.0287233982748205,13.692949816070785,0
2024-07-26 00:00:00+00:00,116.19000244140624,116.1999969482422,111.58000183105467,113.05999755859376,293399100,119.75299911499025,118.85288009643554,35.22062229742714,123.66400032043455,135.9127453910063,111.41525524986284,0.006946907621811604,78.96024007797241,-1.3810126357384434,0.7956563989190129,19.972594920289033,6.024998256138395,1.041405225321494,37.17099056705992,-0.817813087729732,16.660174779623773,36.83618265188491,-0.007652144012325834,14.037553273865596,49.92088428523184,0.8259371855919397,12.667717562929411,1
2024-07-29 00:00:00+00:00,113.69000244140624,116.27999877929688,111.3000030517578,111.58999633789062,248152100,118.06799850463868,119.192080078125,30.014133870498483,123.06650009155274,136.4536652402756,109.67933494282988,-0.013001956947162552,79.2892000579834,-1.9237928617758513,0.25176654678004007,23.817631813449005,5.979282924107146,1.0447438956962403,35.22062229742714,-1.3810126357384434,19.972594920289033,37.17099056705992,-0.817813087729732,16.660174779623773,36.83618265188491,-0.007652144012325834,14.037553273865596,0
2024-07-30 00:00:00+00:00,111.5199966430664,111.98999786376952,102.54000091552734,103.7300033569336,486833300,115.80499877929688,119.37950012207033,21.043835431251352,122.03800010681152,137.94893139027664,106.1270688233464,-0.07043635844522522,79.57382007598876,-2.9541324463341994,-0.38941325184280784,28.647768193390412,6.388568333217078,1.0921591268175148,30.014133870498483,-1.9237928617758513,23.817631813449005,35.22062229742714,-1.3810126357384434,19.972594920289033,37.17099056705992,-0.817813087729732,16.660174779623773,1
2024-07-31 00:00:00+00:00,112.9000015258789,118.33999633789062,110.87999725341795,117.0199966430664,473174200,115.70799865722655,119.87032012939451,41.29486268624324,121.75550003051758,137.8190845378071,105.69191552322806,0.12812101471164627,79.92419506072999,-2.667542827976618,-0.8450391670695699,32.03484675889518,6.782139914376396,1.0672799356895972,21.043835431251352,-2.9541324463341994,28.647768193390412,30.014133870498483,-1.9237928617758513,23.817631813449005,35.22062229742714,-1.3810126357384434,19.972594920289033,0
2024-08-01 00:00:00+00:00,117.52999877929688,120.16000366210938,106.80999755859376,109.20999908447266,523462300,114.51999893188476,120.15892013549804,34.73089658719758,120.80200004577635,137.48682652756304,104.1171735639897,-0.06674070913209607,80.24294006347657,-3.0356272019947994,-1.283156774054616,35.45375690757787,7.399997711181641,1.124988356976528,41.29486268624324,-2.667542827976618,32.03484675889518,21.043835431251352,-2.9541324463341994,28.647768193390412,30.014133870498483,-1.9237928617758513,23.817631813449005,0
2024-08-02 00:00:00+00:00,103.76000213623048,108.72000122070312,101.37000274658205,107.2699966430664,482027500,113.45399856567384,120.3966000366211,34.1375621353299,119.87399978637696,137.42352033441836,102.32447923833556,-0.01776396353511256,80.54881504058838,-3.4441763826398244,-1.7153606957716576,37.455963138785364,7.659283229282923,1.0725066417576763,34.73089658719758,-3.0356272019947994,35.45375690757787,41.29486268624324,-2.667542827976618,32.03484675889518,21.043835431251352,-2.9541324463341994,28.647768193390412,0
2024-08-05 00:00:00+00:00,92.05999755859376,103.41000366210938,90.69000244140624,100.4499969482422,552842400,111.1449981689453,120.5066000366211,31.87350723986664,118.48649978637695,137.58402496073884,99.38897461201506,-0.06357788671810338,80.83137502670289,-4.269060458428697,-2.2261006483030656,41.067203084410345,8.524997711181639,1.1402580315169952,34.1375621353299,-3.4441763826398244,37.455963138785364,34.73089658719758,-3.0356272019947994,35.45375690757787,41.29486268624324,-2.667542827976618,32.03484675889518,1
2024-08-06 00:00:00+00:00,103.83999633789062,107.70999908447266,100.5500030517578,104.25,409012100,109.31099853515624,120.5156199645996,39.73094119263769,117.12999954223632,136.22550502736206,98.0344940571106,0.037829797582928704,81.14164503097534,-4.563552747770586,-2.69359106819657,43.198262945175934,8.35499790736607,1.0712083124356473,31.87350723986664,-4.269060458428697,41.067203084410345,34.1375621353299,-3.4441763826398244,37.455963138785364,34.73089658719758,-3.0356272019947994,35.45375690757787,1
2024-08-07 00:00:00+00:00,107.80999755859376,108.8000030517578,98.69000244140624,98.91000366210938,411440400,107.7769989013672,120.3644400024414,33.960082610228994,115.32999954223632,134.15367874856614,96.50632033590652,-0.05122298645458634,81.42569004058838,-5.168256639619244,-3.1885241824811046,45.446435068727475,8.659997667585099,1.1024419937202254,39.73094119263769,-4.563552747770586,43.198262945175934,31.87350723986664,-4.269060458428697,41.067203084410345,34.1375621353299,-3.4441763826398244,37.455963138785364,1
2024-08-08 00:00:00+00:00,102.0,105.5,97.5199966430664,104.97000122070312,391910000,107.0459991455078,120.18582000732422,41.00499606827695,114.20849952697752,132.67360825298687,95.7433908009682,0.061267792278074884,81.74360504150391,-5.099711374830861,-3.570761620951056,47.469298120423886,8.927855355398995,1.0818294055745434,33.960082610228994,-5.168256639619244,45.446435068727475,39.73094119263769,-4.563552747770586,43.198262945175934,31.87350723986664,-4.269060458428697,41.067203084410345,1
2024-08-09 00:00:00+00:00,105.63999938964844,106.5999984741211,103.43000030517578,104.75,290844200,106.21499938964844,119.98432006835938,35.903972402762975,112.98399925231934,130.47438858016673,95.49360992447195,-0.0020958485104765057,82.0524800491333,-5.00544140578117,-3.857697577917079,51.091559755992456,8.715712411063057,1.0306487301517167,41.00499606827695,-5.099711374830861,47.469298120423886,33.960082610228994,-5.168256639619244,45.446435068727475,39.73094119263769,-4.563552747770586,43.198262945175934,1
2024-08-12 00:00:00+00:00,106.31999969482422,111.06999969482422,106.26000213623048,109.0199966430664,325559900,105.95799942016602,119.9547200012207,40.30298420964541,112.01299896240236,127.9804567591588,96.04554116564589,0.04076369110325917,82.37926504135132,-4.533914587782178,-3.9929409798900988,54.07777035796034,8.982140677315849,1.0452663039892196,35.903972402762975,-5.00544140578117,51.091559755992456,41.00499606827695,-5.099711374830861,47.469298120423886,33.960082610228994,-5.168256639619244,45.446435068727475,1
2024-08-13 00:00:00+00:00,112.44000244140624,116.2300033569336,111.58000183105467,116.13999938964844,312646700,107.1989990234375,120.0848599243164,51.37454531572828,111.5019989013672,126.13456438730242,96.86943341543196,0.06530914479747296,82.75107004165649,-3.544838775231895,-3.903320538958458,53.16064432049344,8.843570164271764,1.0416741481409866,40.30298420964541,-4.533914587782178,54.07777035796034,35.903972402762975,-5.00544140578117,51.091559755992456,41.00499606827695,-5.099711374830861,47.469298120423886,1
2024-08-14 00:00:00+00:00,118.52999877929688,118.5999984741211,114.06999969482422,118.08000183105467,339246400,107.30499954223632,120.1464599609375,54.22002636538101,111.50649909973144,126.1475190332643,96.86547916619858,0.016703999066657094,83.13984004974365,-2.5747667754836527,-3.6376097862634973,50.34016342547181,8.4292847769601,1.0397124466679772,51.37454531572828,-3.544838775231895,53.16064432049344,40.30298420964541,-4.533914587782178,54.07777035796034,35.903972402762975,-5.00544140578117,51.091559755992456,1
2024-08-15 00:00:00+00:00,118.76000213623048,123.23999786376952,117.47000122070312,122.86000061035156,318086700,108.6699996948242,120.27492004394531,56.73817721643292,111.59499931335448,126.49896832749458,96.6910302992144,0.04048101884463007,83.5516400527954,-1.4040863400049801,-3.190905097011794,46.45047298462553,8.511427743094305,1.0491188948932222,54.22002636538101,-2.5747667754836527,50.34016342547181,51.37454531572828,-3.544838775231895,53.16064432049344,40.30298420964541,-4.533914587782178,54.07777035796034,1
2024-08-16 00:00:00+00:00,121.94000244140624,125.0,121.18000030517578,124.58000183105467,302589900,110.40100021362304,120.31772003173828,58.900923661917695,111.92749938964845,127.69806701673362,96.15693176256325,0.01399968429235221,83.96873506546021,-0.333677510100884,-2.6194595796296123,41.69112300137083,8.428570883614672,1.0315233510909725,56.73817721643292,-1.4040863400049801,46.45047298462553,54.22002636538101,-2.5747667754836527,50.34016342547181,51.37454531572828,-3.544838775231895,53.16064432049344,1
2024-08-19 00:00:00+00:00,124.27999877929688,130.0,123.41999816894533,130.0,318333600,113.35600051879882,120.49776000976564,68.62328083044342,112.25049934387206,129.23999964813905,95.26099903960508,0.043506165430110544,84.41483507156372,0.9411290055529662,-1.9073418625930965,37.771081580115705,8.223571232386993,1.0533139031654135,58.900923661917695,-0.333677510100884,41.69112300137083,56.73817721643292,-1.4040863400049801,46.45047298462553,54.22002636538101,-2.5747667754836527,50.34016342547181,0
2024-08-20 00:00:00+00:00,128.39999389648438,129.8800048828125,125.88999938964844,127.25,300087400,115.65600051879883,120.625,58.526424171713394,112.48349952697754,130.18303186057673,94.78396719337834,-0.02115384615384619,84.83946006774903,1.7098107029392935,-1.1839113494866185,34.88906804983661,7.473571777343746,1.0316943801136609,68.62328083044342,0.9411290055529662,37.771081580115705,58.900923661917695,-0.333677510100884,41.69112300137083,56.73817721643292,-1.4040863400049801,46.45047298462553,1
2024-08-21 00:00:00+00:00,127.31999969482422,129.35000610351562,126.66000366210938,128.5,257883600,118.6150001525879,120.75919998168943,68.05165712647275,113.19599952697754,132.2874884072681,94.104510646687,0.00982318271119853,85.26443006515503,2.3922842755019076,-0.46867222448891327,32.61129503058449,6.712142944335935,1.0212379785538486,58.526424171713394,1.7098107029392935,34.88906804983661,68.62328083044342,0.9411290055529662,37.771081580115705,58.900923661917695,-0.333677510100884,41.69112300137083,0
2024-08-22 00:00:00+00:00,130.02000427246094,130.75,123.0999984741211,123.73999786376952,376189100,120.49199981689452,120.81579986572264,64.64000108506944,113.76899948120118,133.42431222768775,94.1136867347146,-0.03704281818078192,85.6581050491333,2.5200080234741478,0.12906382510369896,30.517975188747446,6.698571886335098,1.0621446110536479,68.05165712647275,2.3922842755019076,32.61129503058449,58.526424171713394,1.7098107029392935,34.88906804983661,68.62328083044342,0.9411290055529662,37.771081580115705,1
2024-08-23 00:00:00+00:00,125.86000061035156,129.60000610351562,125.22000122070312,129.3699951171875,323230300,122.95399932861328,120.89919982910156,76.26225885514182,114.58449935913086,135.43313352421492,93.7358651940468,0.045498604740694004,86.07620002746582,3.040475036847866,0.7113460674525324,30.648283267506752,5.932858603341237,1.0349784766020935,64.64000108506944,2.5200080234741478,30.517975188747446,68.05165712647275,2.3922842755019076,32.61129503058449,58.526424171713394,1.7098107029392935,34.88906804983661,0
2024-08-26 00:00:00+00:00,129.57000732421875,131.25999450683594,124.37000274658205,126.45999908447266,331964700,124.6979995727539,120.836199798584,70.50027964123107,115.32799949645997,136.7788782290845,93.8771207638354,-0.02249359312473398,86.47872501373291,3.181462614096759,1.2053693767813778,31.4713583236474,5.906429290771483,1.0553991445533135,76.26225885514182,3.040475036847866,30.648283267506752,64.64000108506944,2.5200080234741478,30.517975188747446,68.05165712647275,2.3922842755019076,32.61129503058449,0
2024-08-27 00:00:00+00:00,125.0500030517578,129.1999969482422,123.87999725341795,128.3000030517578,303134600,125.91399993896484,120.76459976196288,79.00138193379787,116.55649948120116,138.0249147633112,95.08808419909116,0.014550086830667164,86.88735502243043,3.402447925695185,1.6447850865641391,32.64955425634005,5.564286368233816,1.042944783764737,70.50027964123107,3.181462614096759,31.4713583236474,76.26225885514182,3.040475036847866,30.648283267506752,64.64000108506944,2.5200080234741478,30.517975188747446,0
2024-08-28 00:00:00+00:00,128.1199951171875,128.3300018310547,122.63999938964844,125.61000061035156,448101100,126.66699981689452,120.65719985961914,71.81817976529855,116.98599967956542,138.83381158789336,95.1381877712375,-0.020966503331422914,87.28065502166749,3.322223141157906,1.9802726974828926,33.7355954666795,5.400714874267577,1.0463959757805292,79.00138193379787,3.402447925695185,32.64955425634005,70.50027964123107,3.181462614096759,31.4713583236474,76.26225885514182,3.040475036847866,30.648283267506752,0
2024-08-29 00:00:00+00:00,121.36000061035156,124.43000030517578,116.70999908447266,117.58999633789062,453023300,126.13999938964844,120.29739974975584,61.6515380359199,117.40499954223633,138.94414438976295,95.86585469470972,-0.06384845341526102,87.62693000793458,2.581736451866476,2.1005654483596095,32.72034323804122,5.810000828334262,1.0661468707159831,71.81817976529855,3.322223141157906,33.7355954666795,79.00138193379787,3.402447925695185,32.64955425634005,70.50027964123107,3.181462614096759,31.4713583236474,0
2024-08-30 00:00:00+00:00,119.52999877929688,121.75,117.22000122070312,119.37000274658205,333751600,125.61899948120116,120.06919982910156,59.836535812172805,118.0099998474121,139.02384270379022,96.99615699103398,0.015137396582415308,87.98068002700806,2.1141563780224573,2.103283634292179,31.737354093565745,5.682143620082309,1.0386452715587995,61.6515380359199,2.581736451866476,32.72034323804122,71.81817976529855,3.322223141157906,33.7355954666795,79.00138193379787,3.402447925695185,32.64955425634005,0
2024-09-03 00:00:00+00:00,116.01000213623048,116.20999908447266,107.29000091552734,108.0,477155100,123.41899948120115,119.69779983520507,42.84207077220829,118.3875,138.31636733458137,98.45863266541863,-0.09525008364723031,88.27240003585815,0.8167169970438408,1.8459703068425113,31.00488752087829,6.030000414167132,1.083139137783849,59.836535812172805,2.1141563780224573,31.737354093565745,61.6515380359199,2.581736451866476,32.72034323804122,71.81817976529855,3.322223141157906,33.7355954666795,0
2024-09-04 00:00:00+00:00,105.41000366210938,113.2699966430664,104.12000274658205,106.20999908447266,372470300,121.31499938964843,119.4597998046875,39.53447386317544,118.48549995422364,138.13902177797397,98.83197813047327,-0.016574082551179092,88.55901002883911,-0.3518947505118746,1.4063972953716344,32.26696739883085,6.360000065394809,1.0878793090195604,42.84207077220829,0.8167169970438408,31.00488752087829,59.836535812172805,2.1141563780224573,31.737354093565745,61.6515380359199,2.581736451866476,32.72034323804122,1
2024-09-05 00:00:00+00:00,104.98999786376952,109.6500015258789,104.76000213623048,107.20999908447266,306850700,119.18599929809572,119.08219985961914,35.21632635175952,118.9004997253418,137.11114865707003,100.68985079361356,0.009415309374070091,88.84766002655029,-1.183691478648015,0.8883795405677045,35.30175144800832,6.297143118722097,1.046678114642356,39.53447386317544,-0.3518947505118746,32.26696739883085,42.84207077220829,0.8167169970438408,31.00488752087829,59.836535812172805,2.1141563780224573,31.737354093565745,1
2024-09-06 00:00:00+00:00,108.04000091552734,108.1500015258789,100.9499969482422,102.83000183105467,413638100,117.09499969482422,118.61079986572264,30.43713306105957,118.79349975585936,137.3702530445534,100.21674646716534,-0.04085437264081038,89.11532003402709,-2.1712962006381815,0.27644439232652734,39.217397885442985,6.538572038922989,1.0713224843516163,35.21632635175952,-1.183691478648015,35.30175144800832,39.53447386317544,-0.3518947505118746,32.26696739883085,42.84207077220829,0.8167169970438408,31.00488752087829,1
2024-09-09 00:00:00+00:00,104.87999725341795,106.5500030517578,103.69000244140624,106.47000122070312,273912000,114.80500030517578,118.26039993286132,28.13604053658976,118.87949981689454,137.19662257188148,100.5623770619076,0.03539822352263311,89.39562503814697,-2.6299461460358486,-0.30483371534594783,43.266131368718256,6.334286281040735,1.02758222145831,30.43713306105957,-2.1712962006381815,39.217397885442985,35.21632635175952,-1.183691478648015,35.30175144800832,39.53447386317544,-0.3518947505118746,32.26696739883085,1
2024-09-10 00:00:00+00:00,107.80999755859376,109.4000015258789,104.9499969482422,108.0999984741211,268283700,112.96900024414064,117.9515998840332,31.827673310228437,118.83349990844728,137.25917541635897,100.40782440053556,0.015309450875642616,89.68640502929688,-2.8292881041683557,-0.8097245931104294,46.88514261943534,6.35857227870396,1.0424011882518804,28.13604053658976,-2.6299461460358486,43.266131368718256,30.43713306105957,-2.1712962006381815,39.217397885442985,35.21632635175952,-1.183691478648015,35.30175144800832,1
2024-09-11 00:00:00+00:00,109.38999938964844,117.19000244140624,107.41999816894533,116.91000366210938,441422400,111.8300003051758,117.80379989624024,40.38174821358248,118.87200012207032,137.27718507556986,100.4668151685708,0.08149866153881002,90.02737504959106,-2.2504326648694786,-1.0978662074622394,47.87806420839349,6.8642866952078645,1.0909514470210202,31.827673310228437,-2.8292881041683557,46.88514261943534,28.13604053658976,-2.6299461460358486,43.266131368718256,30.43713306105957,-2.1712962006381815,39.217397885442985,0
2024-09-12 00:00:00+00:00,116.83999633789062,120.79000091552734,115.37999725341795,119.13999938964844,367100500,111.18300018310546,117.7331999206543,46.01524794801438,118.925,137.3266866512012,100.52331334879878,0.019074464611122055,90.3841950416565,-1.5933760926821208,-1.1969681845062157,47.461513076889666,6.704286847795756,1.0468885750640726,40.38174821358248,-2.2504326648694786,47.87806420839349,31.827673310228437,-2.8292881041683557,46.88514261943534,28.13604053658976,-2.6299461460358486,43.266131368718256,0
2024-09-13 00:00:00+00:00,119.08000183105467,119.95999908447266,117.5999984741211,119.0999984741211,238358300,111.33400039672853,117.54959991455078,40.14963151921215,118.73699989318848,137.04601035253387,100.42798943384308,-0.0003357471523608435,90.73848503112794,-1.0636210041137844,-1.1702987484277294,44.44964773745285,6.4542863028390025,1.0200680326613345,46.01524794801438,-1.5933760926821208,47.461513076889666,40.38174821358248,-2.2504326648694786,47.87806420839349,31.827673310228437,-2.8292881041683557,46.88514261943534,0
2024-09-16 00:00:00+00:00,116.79000091552734,118.18000030517578,114.36000061035156,116.77999877929688,248772300,111.075,117.36859985351562,40.609238196165386,118.34699974060058,136.4632415568359,100.23075792436528,-0.019479426738433836,91.08328002929687,-0.8215208846902442,-1.1005431756802324,42.55689335062449,6.3007153102329765,1.0334032850160586,40.14963151921215,-1.0636210041137844,44.44964773745285,46.01524794801438,-1.5933760926821208,47.461513076889666,40.38174821358248,-2.2504326648694786,47.87806420839349,1
2024-09-17 00:00:00+00:00,118.16999816894533,118.8000030517578,114.83000183105467,115.58999633789062,231925900,111.83399963378906,117.1163998413086,37.51227838931519,117.62649955749512,134.9188329714702,100.33416614352004,-0.010190122057247453,91.42053001403809,-0.717408212266136,-1.0239161829974133,40.102527440342705,6.204286847795755,1.0345728568962669,40.609238196165386,-0.8215208846902442,42.55689335062449,40.14963151921215,-1.0636210041137844,44.44964773745285,46.01524794801438,-1.5933760926821208,47.461513076889666,1
2024-09-18 00:00:00+00:00,115.88999938964844,117.6999969482422,113.22000122070312,113.37000274658205,310318900,112.55,116.75619979858398,37.861963054184585,116.93249969482422,133.70491479206402,100.16008459758444,-0.019205758816871477,91.75353002548218,-0.8047563683656875,-0.9800842200710682,37.716240721960865,6.117857796805242,1.0395689425829107,37.51227838931519,-0.717408212266136,40.102527440342705,40.609238196165386,-0.8215208846902442,42.55689335062449,40.14963151921215,-1.0636210041137844,44.44964773745285,1
2024-09-19 00:00:00+00:00,117.3499984741211,119.66000366210938,117.25,117.87000274658205,293506400,113.61600036621094,116.41539978027345,50.29851428526809,116.40099983215332,132.27990388092846,100.52209578337818,0.03969303952526948,92.10905504226685,-0.5050461616816904,-0.8850766083931927,35.96317474762008,5.93142918178013,1.0205544022354744,37.861963054184585,-0.8047563683656875,37.716240721960865,37.51227838931519,-0.717408212266136,40.102527440342705,40.609238196165386,-0.8215208846902442,42.55689335062449,1
2024-09-20 00:00:00+00:00,117.05999755859376,118.62000274658205,115.38999938964844,116.0,382462400,114.93300018310546,116.18739974975584,46.414127580562855,116.01399993896484,131.51250649461824,100.51549338331144,-0.015864958878490154,92.46150505065918,-0.4136489691445746,-0.790791080543469,35.08388972449224,5.838572365897039,1.0279920562788682,50.29851428526809,-0.5050461616816904,35.96317474762008,37.861963054184585,-0.8047563683656875,37.716240721960865,37.51227838931519,-0.717408212266136,40.102527440342705,1
2024-09-23 00:00:00+00:00,116.5500030517578,116.98999786376952,114.86000061035156,116.26000213623048,206228500,115.9120002746582,115.9277996826172,61.51059471645252,115.358500289917,129.53076315567415,101.18623742415984,0.0022413977261248608,92.80997505187989,-0.31658662259545167,-0.6959501889538656,34.73115972047309,5.1278577532087,1.0185442908070643,46.414127580562855,-0.4136489691445746,35.08388972449224,50.29851428526809,-0.5050461616816904,35.96317474762008,37.861963054184585,-0.8047563683656875,37.716240721960865,1
2024-09-24 00:00:00+00:00,116.5199966430664,121.8000030517578,115.37999725341795,120.87000274658205,354966800,117.18900070190428,115.7763996887207,68.9405747004526,115.07900047302246,128.53163000183864,101.6263709442063,0.03965250753177929,93.18681007385254,0.13081653661033954,-0.5305968438410246,35.11326764466903,4.932858603341235,1.055642277267862,61.51059471645252,-0.31658662259545167,34.73115972047309,46.414127580562855,-0.4136489691445746,35.08388972449224,50.29851428526809,-0.5050461616816904,35.96317474762008,1
2024-09-25 00:00:00+00:00,122.0199966430664,124.94000244140624,121.61000061035156,123.51000213623048,284692900,117.8490005493164,115.71939971923828,70.20327780303678,114.8395004272461,127.44495096352762,102.23404989096456,0.021841642505655345,93.57138008117676,0.6904535324659093,-0.28638676857963785,34.71561640197319,4.874287196568075,1.027382631480484,68.9405747004526,0.13081653661033954,35.11326764466903,61.51059471645252,-0.31658662259545167,34.73115972047309,46.414127580562855,-0.4136489691445746,35.08388972449224,0
2024-09-26 00:00:00+00:00,126.8000030517578,127.66999816894533,121.8000030517578,124.04000091552734,302582900,118.3390007019043,115.84039978027344,79.06275736663142,114.76100044250488,127.10079367114056,102.4212072138692,0.004291140556473172,93.9540500831604,1.1633262548326684,0.0035558361028233954,34.84700142090745,4.779286520821706,1.0481937189664365,70.20327780303678,0.6904535324659093,34.71561640197319,68.9405747004526,0.13081653661033954,35.11326764466903,61.51059471645252,-0.31658662259545167,34.73115972047309,0
2024-09-27 00:00:00+00:00,123.97000122070312,124.02999877929688,119.26000213623048,121.4000015258789,271009200,118.56900100708008,115.8465998840332,71.03409580705735,114.9515007019043,127.58922344003904,102.31377796376954,-0.02128345187167735,94.32791509628296,1.3099550603066774,0.2648356809435942,32.46366010087619,4.85500063214983,1.0399966171191044,79.06275736663142,1.1633262548326684,34.84700142090745,70.20327780303678,0.6904535324659093,34.71561640197319,68.9405747004526,0.13081653661033954,35.11326764466903,0
2024-09-30 00:00:00+00:00,118.30999755859376,121.5,118.1500015258789,121.44000244140624,226553700,119.035001373291,115.91679992675782,69.67552119002346,115.05500068664551,127.87764037379937,102.23236099949168,0.0003294968288678479,94.69683010101318,1.4130978719844336,0.4944881191517621,30.506142715050174,4.776428767613,1.0283537742772464,71.03409580705735,1.3099550603066774,32.46366010087619,79.06275736663142,1.1633262548326684,34.84700142090745,70.20327780303678,0.6904535324659093,34.71561640197319,1
2024-10-01 00:00:00+00:00,121.7699966430664,122.44000244140624,115.79000091552734,117.0,302094500,119.17600173950196,115.78599990844728,50.1523812082812,115.5050006866455,127.91005405623817,103.09994731705284,-0.03656128419091975,95.04139009475708,1.1236158587766312,0.620313667076736,28.995601765128157,4.553571428571428,1.0574315698531713,69.67552119002346,1.4130978719844336,30.506142715050174,71.03409580705735,1.3099550603066774,32.46366010087619,79.06275736663142,1.1633262548326684,34.84700142090745,1
2024-10-02 00:00:00+00:00,116.44000244140624,119.37999725341795,115.13999938964844,118.8499984741211,221845900,119.72400131225588,115.71119995117188,49.50257135446479,116.13700065612792,127.81476976915816,104.45923154309769,0.015811952770265814,95.39389009475708,1.0315871984009704,0.7025683733415828,27.426166853172255,4.469999585832865,1.0368247167469649,50.1523812082812,1.1236158587766312,28.995601765128157,69.67552119002346,1.4130978719844336,30.506142715050174,71.03409580705735,1.3099550603066774,32.46366010087619,1
2024-10-03 00:00:00+00:00,120.91999816894533,124.36000061035156,120.33999633789062,122.8499984741211,277118000,120.22200088500976,115.88319992065428,55.662941605062365,116.91900062561037,128.1664694685432,105.6715317826775,0.03365586917420926,95.76369009017944,1.2668173112302838,0.8154181609193231,26.920566724647177,4.694999694824216,1.0334053880238916,49.50257135446479,1.0315871984009704,27.426166853172255,50.1523812082812,1.1236158587766312,28.995601765128157,69.67552119002346,1.4130978719844336,30.506142715050174,1
2024-10-04 00:00:00+00:00,124.94000244140624,125.04000091552734,121.83000183105467,124.91999816894533,243678100,121.1140007019043,116.13599990844726,62.38587832996596,118.02350044250488,127.67008768485834,108.37691320015142,0.01684981457496959,96.13790508270263,1.6018059244445766,0.9726957136243739,26.768642979126163,4.585714067731582,1.0263481821901643,55.662941605062365,1.2668173112302838,26.920566724647177,49.50257135446479,1.0315871984009704,27.426166853172255,50.1523812082812,1.1236158587766312,28.995601765128157,1
2024-10-07 00:00:00+00:00,124.98999786376952,130.63999938964844,124.9499969482422,127.72000122070312,346250200,122.26000061035155,116.42919998168944,67.5950166133546,119.08600044250488,128.03003372366675,110.14196716134302,0.022414369939159018,96.52848508834839,2.069369258875838,1.1920304226746667,27.51175749027066,4.7107140677315815,1.0455382359373981,62.38587832996596,1.6018059244445766,26.768642979126163,55.662941605062365,1.2668173112302838,26.920566724647177,49.50257135446479,1.0315871984009704,27.426166853172255,1
2024-10-08 00:00:00+00:00,130.25999450683594,133.47999572753906,129.4199981689453,132.88999938964844,285722500,123.4620002746582,116.8552000427246,76.08230039869798,120.32550048828124,129.71878660407847,110.93221437248404,0.04047915846799466,96.95238008499146,2.8245327593418352,1.5185308900081005,28.980951461899767,4.802142551967072,1.031370712533111,67.5950166133546,2.069369258875838,27.51175749027066,62.38587832996596,1.6018059244445766,26.768642979126163,55.662941605062365,1.2668173112302838,26.920566724647177,1
2024-10-09 00:00:00+00:00,134.11000061035156,134.52000427246094,131.3800048828125,132.64999389648438,246191600,124.3759994506836,117.43359985351564,72.28586567714649,121.1125,131.84318221525916,110.38181778474082,-0.0018060463109819125,97.37068004608155,3.3648509296614435,1.8877948979387693,31.598873965760145,4.577142442975722,1.0239001314731966,76.08230039869798,2.8245327593418352,28.980951461899767,67.5950166133546,2.069369258875838,27.51175749027066,62.38587832996596,1.6018059244445766,26.768642979126163,1
2024-10-10 00:00:00+00:00,131.91000366210938,135.0,131.0,134.80999755859375,242311300,125.45299911499023,117.78939987182618,78.11657801822842,121.89599990844728,134.19408754242974,109.5979122744648,0.016283481051608373,97.80058002471924,3.922139236380289,2.294663765627073,34.433995805403995,4.632142203194751,1.0305343511450382,72.28586567714649,3.3648509296614435,31.598873965760145,76.08230039869798,2.8245327593418352,28.980951461899767,67.5950166133546,2.069369258875838,27.51175749027066,0
2024-10-11 00:00:00+00:00,134.00999450683594,135.77999877929688,133.66000366210938,134.8000030517578,170209500,126.79299926757812,118.30119995117188,77.92168427593494,122.68100013732912,136.17388499383742,109.1881152808208,-7.41377272972521e-05,98.22818504333496,4.313267103077578,2.698384433117174,38.10999107227805,4.6314277648925755,1.0158611032403293,78.11657801822842,3.922139236380289,34.433995805403995,72.28586567714649,3.3648509296614435,31.598873965760145,76.08230039869798,2.8245327593418352,28.980951461899767,1
2024-10-14 00:00:00+00:00,136.47000122070312,139.60000610351562,136.3000030517578,138.07000732421875,232347700,128.45599975585938,118.91720016479492,76.9930949926424,123.7455005645752,138.57159225453503,108.91940887461534,0.02425819138301799,98.67145008087158,4.8314073154945305,3.1249890095926456,39.988472006549216,4.515713282993858,1.0242113204539305,77.92168427593494,4.313267103077578,38.10999107227805,78.11657801822842,3.922139236380289,34.433995805403995,72.28586567714649,3.3648509296614435,31.598873965760145,0
2024-10-15 00:00:00+00:00,137.8699951171875,138.57000732421875,128.74000549316406,131.60000610351562,377831000,129.91600036621094,119.5402003479004,61.33370928060323,124.54600105285644,139.2463534491389,109.845648656574,-0.04686029461496399,99.0818401145935,4.666173398038694,3.4332258872818553,38.976579182073564,4.927142007010323,1.0763554560480164,76.9930949926424,4.8314073154945305,39.988472006549216,77.92168427593494,4.313267103077578,38.10999107227805,78.11657801822842,3.922139236380289,34.433995805403995,1
2024-10-16 00:00:00+00:00,133.97999572753906,136.6199951171875,131.5800018310547,135.72000122070312,264879700,131.60300064086914,120.16960037231443,64.86761507069328,125.6635009765625,140.1835845833266,111.1434173697984,0.031306952326026094,99.51283012390137,4.812201439032265,3.7090209976319373,36.121262396969094,4.867856161934986,1.0383036420124392,61.33370928060323,4.666173398038694,38.976579182073564,76.9930949926424,4.8314073154945305,39.988472006549216,77.92168427593494,4.313267103077578,38.10999107227805,1
2024-10-17 00:00:00+00:00,139.33999633789062,140.88999938964844,136.8699951171875,136.92999267578125,306435900,133.01100006103516,120.9300001525879,70.5151806816063,126.61650047302246,141.48070680900065,111.75229413704426,0.008915351047709352,99.95664009094239,4.968294505298019,3.960875699165154,35.273451464924875,4.895713261195589,1.0293709681878707,64.86761507069328,4.812201439032265,36.121262396969094,61.33370928060323,4.666173398038694,38.976579182073564,76.9930949926424,4.8314073154945305,39.988472006549216,1
2024-10-18 00:00:00+00:00,138.6699981689453,138.89999389648438,137.27999877929688,138.0,176090200,134.31900024414062,121.59060012817385,71.29629048209604,127.71650047302246,142.52873561250695,112.90426533353798,0.007814265547740673,100.40879508972168,5.119327611508908,4.192566081633904,35.35096149297936,4.797142028808592,1.0118006638373587,70.5151806816063,4.968294505298019,35.273451464924875,64.86761507069328,4.812201439032265,36.121262396969094,61.33370928060323,4.666173398038694,38.976579182073564,1
2024-10-21 00:00:00+00:00,138.1300048828125,143.7100067138672,138.0,143.7100067138672,264554500,135.91800079345705,122.36980026245118,83.26276540880814,129.0890007019043,144.50619357800315,113.67180782580544,0.041376860245414315,100.88735511779785,5.634817588005319,4.481016382908187,38.208420238446536,4.729999542236327,1.0413768602454143,71.29629048209604,5.119327611508908,35.35096149297936,70.5151806816063,4.968294505298019,35.273451464924875,64.86761507069328,4.812201439032265,36.121262396969094,0
2024-10-22 00:00:00+00:00,142.91000366210938,144.4199981689453,141.77999877929688,143.58999633789062,226311600,136.98800048828124,123.06120025634766,82.1967520879052,130.22500038146973,146.42080076925905,114.0291999936804,-0.0008350871224681589,101.35982009887695,5.964903578481511,4.777793822022852,42.28612192262765,4.615713936941964,1.0186203936548062,83.26276540880814,5.634817588005319,38.208420238446536,71.29629048209604,5.119327611508908,35.35096149297936,70.5151806816063,4.968294505298019,35.273451464924875,0
2024-10-23 00:00:00+00:00,142.02999877929688,142.42999267578125,137.4600067138672,139.55999755859375,285930000,137.6790008544922,123.52960021972656,71.7295064548216,131.0275001525879,147.41179697777844,114.64320332739734,-0.028066013525159694,101.79635509490967,5.834060465224297,4.989047150663142,43.592108375494014,4.659998757498605,1.0361558687557715,82.1967520879052,5.964903578481511,42.28612192262765,83.26276540880814,5.634817588005319,38.208420238446536,71.29629048209604,5.119327611508908,35.35096149297936,1
2024-10-24 00:00:00+00:00,140.82000732421875,141.35000610351562,138.4600067138672,140.41000366210938,172354900,138.23900146484374,123.97620025634764,70.80310847913465,131.846000289917,148.395269592838,115.29673098699598,0.006090614204537825,102.23270511627197,5.732869789702363,5.137811678470986,43.79779556244291,4.637141636439731,1.0208724487181395,71.7295064548216,5.834060465224297,43.592108375494014,82.1967520879052,5.964903578481511,42.28612192262765,83.26276540880814,5.634817588005319,38.208420238446536,1
2024-10-25 00:00:00+00:00,140.92999267578125,144.1300048828125,140.8000030517578,141.5399932861328,205122100,138.91300048828126,124.34980010986328,69.43192784603562,132.85299987792968,149.17538128516253,116.53061847069684,0.008047785731440493,102.66865509033204,5.6783991188913205,5.245929166555053,42.90426240717736,4.494284493582589,1.0236505806738554,70.80310847913465,5.732869789702363,43.79779556244291,71.7295064548216,5.834060465224297,43.592108375494014,82.1967520879052,5.964903578481511,42.28612192262765,0
2024-10-28 00:00:00+00:00,143.0,143.13999938964844,140.0500030517578,140.52000427246094,173586700,139.15800018310546,124.6686001586914,62.145819791827584,133.80699996948243,149.54043578872205,118.07356415024285,-0.007206366130100728,103.09714511871339,5.489644921365908,5.294672317517224,40.561160131265716,4.3035703386579245,1.0220635221032353,69.43192784603562,5.6783991188913205,42.90426240717736,70.80310847913465,5.732869789702363,43.79779556244291,71.7295064548216,5.834060465224297,43.592108375494014,0
2024-10-29 00:00:00+00:00,140.2899932861328,142.25999450683594,138.89999389648438,141.25,157593600,140.1229995727539,124.8936001586914,63.47963597018652,135.0194999694824,148.9315518382852,121.10744810067963,0.005194959474407845,103.52984512329101,5.33743379990193,5.303224613994166,37.81229906524552,4.31928471156529,1.0241900702519513,62.145819791827584,5.489644921365908,40.561160131265716,69.43192784603562,5.6783991188913205,42.90426240717736,70.80310847913465,5.732869789702363,43.79779556244291,0
2024-10-30 00:00:00+00:00,139.5399932861328,140.3300018310547,136.80999755859375,139.33999633789062,179418100,140.48499908447266,125.13540008544922,57.15639755589346,136.0439998626709,147.7918914884214,124.29610823692036,-0.013522149820243357,103.94463510513306,5.004989651351309,5.243577621465595,34.057152938952385,4.350713457380023,1.025729145057205,63.47963597018652,5.33743379990193,37.81229906524552,62.145819791827584,5.489644921365908,40.561160131265716,69.43192784603562,5.6783991188913205,42.90426240717736,0
2024-10-31 00:00:00+00:00,137.60000610351562,137.61000061035156,132.11000061035156,132.75999450683594,270039600,140.06799926757813,125.22059997558594,47.3312290950205,136.53949966430665,146.66870877051326,126.41029055810004,-0.047222635309237426,104.3281700706482,4.162590361532608,5.027380169478998,30.590668717552127,4.7157135009765625,1.0416319731631962,57.15639755589346,5.004989651351309,34.057152938952385,63.47963597018652,5.33743379990193,37.81229906524552,62.145819791827584,5.489644921365908,40.561160131265716,1
2024-11-01 00:00:00+00:00,134.6999969482422,137.30999755859375,134.57000732421875,135.39999389648438,207127800,139.80799865722656,125.45379989624024,46.44850533672039,137.0634994506836,145.62471320106556,128.50228570030163,0.019885503908427138,104.7196350479126,3.665752232654796,4.755054582114157,28.124002921656817,4.697856358119419,1.020361076653385,47.3312290950205,4.162590361532608,30.590668717552127,57.15639755589346,5.004989651351309,34.057152938952385,63.47963597018652,5.33743379990193,37.81229906524552,1
2024-11-04 00:00:00+00:00,137.2100067138672,138.9600067138672,135.57000732421875,136.0500030517578,187528200,139.04199829101563,125.58740005493163,57.00345664117452,137.47999954223633,144.85570758575656,130.1042914987161,0.004800658674847469,105.10243005752564,3.2865692183403894,4.461357509359404,26.717401053392898,4.25,1.0250055263443423,46.44850533672039,3.665752232654796,28.124002921656817,47.3312290950205,4.162590361532608,30.590668717552127,57.15639755589346,5.004989651351309,34.057152938952385,1
2024-11-05 00:00:00+00:00,137.4499969482422,140.3699951171875,137.3300018310547,139.91000366210938,160537400,138.6739990234375,125.85640014648438,56.648684771239296,137.83099975585938,144.95069629068456,130.7113032210342,0.02837192593728277,105.50371007919311,3.259955005462956,4.221077008580115,26.060512233155542,4.198571341378348,1.022136410439087,57.00345664117452,3.2865692183403894,26.717401053392898,46.44850533672039,3.665752232654796,28.124002921656817,47.3312290950205,4.162590361532608,30.590668717552127,1
2024-11-06 00:00:00+00:00,142.9600067138672,146.49000549316406,141.9600067138672,145.61000061035156,242043900,139.27899932861328,126.20260009765624,62.05556146597905,138.4790000915527,145.963015590301,130.99498459280446,0.040740453141635324,105.9323950767517,3.6566535410402707,4.108192315072146,24.560351125109147,4.299285888671875,1.0319103871869173,56.648684771239296,3.259955005462956,26.060512233155542,57.00345664117452,3.2865692183403894,26.717401053392898,46.44850533672039,3.665752232654796,28.124002921656817,0
2024-11-07 00:00:00+00:00,146.38999938964844,148.92999267578125,146.1699981689453,148.8800048828125,207323300,140.1259994506836,126.66800018310546,64.24083953670817,139.18250045776367,147.7771240367585,130.58787687876884,0.02245727806300457,106.36998510360718,4.186641013258225,4.1238820547093615,23.216195683619812,4.395713806152344,1.0188820862106456,62.05556146597905,3.6566535410402707,24.560351125109147,56.648684771239296,3.259955005462956,26.060512233155542,57.00345664117452,3.2865692183403894,26.717401053392898,0
2024-11-08 00:00:00+00:00,148.77000427246094,149.77000427246094,146.25999450683594,147.6300048828125,175665800,140.73500061035156,127.2688003540039,55.80912497145196,139.8240005493164,148.94072299655866,130.70727810207413,-0.008396023367838512,106.80005012512207,4.454447254873344,4.189995094742159,20.03717490596666,4.2385711669921875,1.0239984267568187,64.24083953670817,4.186641013258225,23.216195683619812,62.05556146597905,3.6566535410402707,24.560351125109147,56.648684771239296,3.259955005462956,26.060512233155542,0
2024-11-11 00:00:00+00:00,148.67999267578125,148.85000610351562,143.57000732421875,145.25999450683594,182325600,141.20899963378906,127.78660018920898,52.32008601563358,140.18349990844726,149.57199484016172,130.7950049767328,-0.016053717385282607,107.22119510650634,4.424443371389913,4.2368847500717095,15.989403155969551,4.4271425519670755,1.0367764749595174,55.80912497145196,4.454447254873344,20.03717490596666,64.24083953670817,4.186641013258225,23.216195683619812,62.05556146597905,3.6566535410402707,24.560351125109147,1
2024-11-12 00:00:00+00:00,146.77999877929688,149.64999389648438,146.00999450683594,148.2899932861328,198634700,141.91299896240236,128.59240005493163,62.47498479136368,141.01799926757812,150.15778288264653,131.8782156525097,0.020859141497174383,107.65032007217407,4.5922243525204465,4.307952670561457,14.757243708092416,4.302857535226004,1.024929796086514,52.32008601563358,4.424443371389913,15.989403155969551,55.80912497145196,4.454447254873344,20.03717490596666,64.24083953670817,4.186641013258225,23.216195683619812,0
2024-11-13 00:00:00+00:00,149.07000732421875,149.3300018310547,145.89999389648438,146.27000427246094,191903300,142.6059997558594,129.3936001586914,58.10287954878531,141.545499420166,150.6153332440463,132.47566559628572,-0.013621883506152788,108.06780010223389,4.5102049223722815,4.3484031209236225,13.57893203123734,4.341429574148996,1.023509308280053,62.47498479136368,4.5922243525204465,14.757243708092416,52.32008601563358,4.424443371389913,15.989403155969551,55.80912497145196,4.454447254873344,20.03717490596666,0
2024-11-14 00:00:00+00:00,147.63999938964844,149.0,145.5500030517578,146.75999450683594,194463300,144.00599975585936,130.18460006713866,57.347976964032725,142.03699951171876,151.11908791364982,132.9549111097877,0.003349902372753677,108.49396507263184,4.433633878447097,4.365449272428318,12.023448212485405,4.3221435546875,1.0237031733143651,58.10287954878531,4.5102049223722815,13.57893203123734,62.47498479136368,4.5922243525204465,14.757243708092416,52.32008601563358,4.424443371389913,15.989403155969551,1
2024-11-15 00:00:00+00:00,144.8699951171875,145.24000549316406,140.0800018310547,141.97999572753906,250132900,144.66399993896485,130.96759994506837,51.85844131931037,142.2359992980957,151.11784870652482,133.35414988966656,-0.032570175512470656,108.8887300491333,3.9418061336792505,4.280720644678505,11.534042407053914,4.578571864536831,1.0368361193222475,57.347976964032725,4.433633878447097,12.023448212485405,58.10287954878531,4.5102049223722815,13.57893203123734,62.47498479136368,4.5922243525204465,14.757243708092416,1
2024-11-18 00:00:00+00:00,139.5,141.5500030517578,137.14999389648438,140.14999389648438,221866000,145.0739990234375,131.64119979858398,48.63793218115256,142.05799865722656,150.9581402108302,133.15785710362292,-0.012889152599824594,109.25868000030518,3.365567086341912,4.0976899330111864,11.898650535821139,4.683571951729911,1.032081730594858,51.85844131931037,3.9418061336792505,11.534042407053914,57.347976964032725,4.433633878447097,12.023448212485405,58.10287954878531,4.5102049223722815,13.57893203123734,1
2024-11-19 00:00:00+00:00,141.32000732421875,147.1300048828125,140.99000549316406,147.00999450683594,227834900,145.78399810791015,132.41939971923827,58.460178534220525,142.22899856567383,151.3809312931545,133.07706583819316,0.04894756267644507,109.64706996917725,3.422980222315431,3.9627479908720353,12.144820404603363,4.865001133510044,1.043549181859888,48.63793218115256,3.365567086341912,11.898650535821139,51.85844131931037,3.9418061336792505,11.534042407053914,57.347976964032725,4.433633878447097,12.023448212485405,0
2024-11-20 00:00:00+00:00,147.41000366210938,147.55999755859375,142.72999572753906,145.88999938964844,309871700,145.81199798583984,132.99899963378903,66.46602268726176,142.54549865722657,151.7464804077947,133.34451690665844,-0.007618496422264864,110.03540496826172,3.339609362549652,3.8381202652075586,13.126194108320165,4.693572998046875,1.0338401315465238,58.460178534220525,3.422980222315431,12.144820404603363,48.63793218115256,3.365567086341912,11.898650535821139,51.85844131931037,3.9418061336792505,11.534042407053914,0
2024-11-21 00:00:00+00:00,149.35000610351562,152.88999938964844,140.6999969482422,146.6699981689453,400946600,145.59099731445312,133.549599609375,64.82505380319651,142.85849838256837,152.17873771047115,133.5382590546656,0.0053464855888691876,110.41825996398926,3.298454211365936,3.730187054439234,13.463575607977196,5.239287240164621,1.086638256615531,66.46602268726176,3.339609362549652,13.126194108320165,58.460178534220525,3.422980222315431,12.144820404603363,48.63793218115256,3.365567086341912,11.898650535821139,0
2024-11-22 00:00:00+00:00,145.92999267578125,147.16000366210938,141.10000610351562,141.9499969482422,236406200,145.0229965209961,134.00659957885742,57.01045125852415,142.87899856567384,152.18882477674083,133.56917235460685,-0.032181095518023284,110.77980495452881,2.8520966113640327,3.5545689658241937,14.978322195773,5.417857578822544,1.0429482444823421,64.82505380319651,3.298454211365936,13.463575607977196,66.46602268726176,3.339609362549652,13.126194108320165,58.460178534220525,3.422980222315431,12.144820404603363,0
2024-11-25 00:00:00+00:00,141.99000549316406,142.0500030517578,135.82000732421875,136.02000427246094,344941900,144.0989974975586,134.3913996887207,45.59456254603128,142.65399856567382,152.41066487532777,132.8973322560199,-0.04177522228438968,111.0992399597168,1.9968358667262862,3.2430223460046124,14.798722581301138,5.554286411830357,1.0458694992753705,57.01045125852415,2.8520966113640327,14.978322195773,64.82505380319651,3.298454211365936,13.463575607977196,66.46602268726176,3.339609362549652,13.126194108320165,1
2024-11-26 00:00:00+00:00,137.6999969482422,139.3000030517578,135.6699981689453,136.9199981689453,190287700,142.96199798583984,134.8179997253418,38.95805866203409,142.4374984741211,152.51232019963925,132.36267674860295,0.006616628938502345,111.42259994506836,1.3757982053566877,2.869577517875028,14.496322432100268,5.343572344098773,1.026756135710212,45.59456254603128,1.9968358667262862,14.798722581301138,57.01045125852415,2.8520966113640327,14.978322195773,64.82505380319651,3.298454211365936,13.463575607977196,1
2024-11-27 00:00:00+00:00,135.00999450683594,137.22000122070312,131.8000030517578,135.33999633789062,226370900,141.8689971923828,135.25739959716796,32.02334280356746,142.23749847412108,152.72171892697773,131.75327802126444,-0.011539598686709951,111.73865993499756,0.7475115929133835,2.445164332882699,14.96942494484676,5.4935727800641745,1.0411228986604566,38.95805866203409,1.3757982053566877,14.496322432100268,45.59456254603128,1.9968358667262862,14.798722581301138,57.01045125852415,2.8520966113640327,14.978322195773,1
2024-11-29 00:00:00+00:00,136.77999877929688,139.35000610351562,136.0500030517578,138.25,141863200,141.01799774169922,135.66499954223633,38.07221462904278,142.5119987487793,152.2093638549352,132.8146336426234,0.021501431512117364,112.06040992736817,0.4788826406213502,2.051907994430429,15.8997379512949,5.52928706577846,1.0242558102001835,32.02334280356746,0.7475115929133835,14.96942494484676,38.95805866203409,1.3757982053566877,14.496322432100268,45.59456254603128,1.9968358667262862,14.798722581301138,1
2024-12-02 00:00:00+00:00,138.8300018310547,140.4499969482422,137.82000732421875,138.6300048828125,171682800,140.68299865722656,136.11759963989255,41.1197499077237,142.6734992980957,151.971516543641,133.37548205255038,0.0027486790800181904,112.39026996612549,0.29327478955570996,1.7001813534554853,16.76173464471103,5.340000697544643,1.0190827854031124,38.07221462904278,0.4788826406213502,15.8997379512949,32.02334280356746,0.7475115929133835,14.96942494484676,38.95805866203409,1.3757982053566877,14.496322432100268,1
2024-12-03 00:00:00+00:00,138.25999450683594,140.5399932861328,137.9499969482422,140.25999450683594,164414000,140.69399871826172,136.59759948730468,38.825483945766486,142.8839988708496,151.7302938879712,134.037703853728,0.011757841496155885,112.72850494384765,0.2745410324941133,1.415053289263211,16.68124407351585,5.211429050990513,1.0187748923174125,41.1197499077237,0.29327478955570996,16.76173464471103,38.07221462904278,0.4788826406213502,15.8997379512949,32.02334280356746,0.7475115929133835,14.96942494484676,1
2024-12-04 00:00:00+00:00,142.0,145.7899932861328,140.2899932861328,145.13999938964844,231224300,140.50699920654296,137.082999420166,48.543431911696445,143.14549865722657,151.93062594373782,134.3603713707153,0.03479256433718647,113.10694492340087,0.6460230535677169,1.2612472421241123,15.531079384364627,5.361428397042411,1.0392045068302362,38.825483945766486,0.2745410324941133,16.68124407351585,41.1197499077237,0.29327478955570996,16.76173464471103,38.07221462904278,0.4788826406213502,15.8997379512949,0
2024-12-05 00:00:00+00:00,145.11000061035156,146.5399932861328,143.9499969482422,145.05999755859375,172621200,140.4239990234375,137.5139993286133,47.7853082232491,143.11799850463868,151.87403825881623,134.36195875046113,-0.0005512045706980162,113.4948849105835,0.9233262225461942,1.193663038208529,15.291441151571215,5.2999997820172995,1.017992333399089,48.543431911696445,0.6460230535677169,15.531079384364627,38.825483945766486,0.2745410324941133,16.68124407351585,41.1197499077237,0.29327478955570996,16.76173464471103,0
2024-12-06 00:00:00+00:00,144.60000610351562,145.6999969482422,141.30999755859375,142.44000244140625,188505600,140.0009994506836,137.88199935913087,50.63501779701252,142.79599838256837,151.12299167865234,134.4690050864844,-0.018061458439837752,113.81439491271972,0.9210618444768386,1.1391427994621908,15.216028934857292,5.1364288330078125,1.0310664458672016,47.7853082232491,0.9233262225461942,15.291441151571215,48.543431911696445,0.6460230535677169,15.531079384364627,38.825483945766486,0.2745410324941133,16.68124407351585,0
2024-12-09 00:00:00+00:00,138.97000122070312,139.9499969482422,137.1300048828125,138.80999755859375,189308600,139.68699951171874,138.23019927978515,48.23777390176419,142.35499801635743,150.53701089045143,134.17298514226343,-0.02548444833329544,114.11435989379883,0.6192182887339754,1.0351578973165478,14.529705706932948,5.170714242117746,1.0205643693212114,50.63501779701252,0.9210618444768386,15.216028934857292,47.7853082232491,0.9233262225461942,15.291441151571215,48.543431911696445,0.6460230535677169,15.531079384364627,0
2024-12-10 00:00:00+00:00,139.00999450683594,141.82000732421875,133.7899932861328,135.07000732421875,210020900,139.59199981689454,138.50279937744142,32.89399070044006,141.84549865722656,150.5200911096828,133.17090620477032,-0.026943233917976928,114.39424991607666,0.07732775441280637,0.8435918687357996,14.846104146998476,5.245714460100446,1.0600195413786468,48.23777390176419,0.6192182887339754,14.529705706932948,50.63501779701252,0.9210618444768386,15.216028934857292,47.7853082232491,0.9233262225461942,15.291441151571215,0
2024-12-11 00:00:00+00:00,137.36000061035156,140.1699981689453,135.2100067138672,139.30999755859375,184905200,139.83099975585938,138.94899932861327,41.3466512714128,141.3964988708496,149.58244152193828,133.21055621976092,0.03139105652224794,114.697294921875,-0.00987874528368593,0.6728977459319025,13.990876560702278,5.2649993896484375,1.0366836122238683,32.89399070044006,0.07732775441280637,14.846104146998476,48.23777390176419,0.6192182887339754,14.529705706932948,50.63501779701252,0.9210618444768386,15.216028934857292,0
2024-12-12 00:00:00+00:00,137.0800018310547,138.44000244140625,135.8000030517578,137.33999633789062,159211400,140.03099975585937,139.31879928588867,38.10251530841569,140.9499984741211,148.98954254312125,132.91045440512093,-0.014141133122011151,114.99567989349366,-0.2352414421927449,0.4912699083069731,13.85650183773186,4.644998822893415,1.0194403485296113,41.3466512714128,-0.00987874528368593,13.990876560702278,32.89399070044006,0.07732775441280637,14.846104146998476,48.23777390176419,0.6192182887339754,14.529705706932948,0
2024-12-13 00:00:00+00:00,138.94000244140625,139.60000610351562,132.5399932861328,134.25,231514900,139.63099975585936,139.54679931640624,39.75518517029723,140.3244987487793,148.40725107446949,132.2417464230891,-0.02249888175538073,115.27136989593505,-0.6556222779254313,0.26189147106049226,14.136450668358403,4.716428484235491,1.0532670376868163,38.10251530841569,-0.2352414421927449,13.85650183773186,41.3466512714128,-0.00987874528368593,13.990876560702278,32.89399070044006,0.07732775441280637,14.846104146998476,0
2024-12-16 00:00:00+00:00,134.17999267578125,134.39999389648438,130.4199981689453,132.0,237951100,138.96799926757814,139.68839935302734,44.07078642227983,139.82549896240235,148.67391003520666,130.97708788959804,-0.016759776536312887,115.519974899292,-1.1569961830957425,-0.021886059770754696,15.2765305967489,4.555714198521206,1.0305167595722813,39.75518517029723,-0.6556222779254313,14.136450668358403,38.10251530841569,-0.2352414421927449,13.85650183773186,41.3466512714128,-0.00987874528368593,13.990876560702278,0
2024-12-17 00:00:00+00:00,129.08999633789062,131.58999633789062,126.86000061035156,130.38999938964844,259410300,137.9809997558594,139.74179931640626,40.56630808570673,139.33749923706054,149.13608966764176,129.53890880647933,-0.01219697432084521,115.74573989868163,-1.6650584516977176,-0.3505205381561473,16.679454621801103,4.663570949009487,1.0372851624214252,44.07078642227983,-1.1569961830957425,15.2765305967489,39.75518517029723,-0.6556222779254313,14.136450668358403,38.10251530841569,-0.2352414421927449,13.85650183773186,1
2024-12-18 00:00:00+00:00,133.86000061035156,136.6999969482422,128.27999877929688,128.91000366210938,277444500,136.35800018310547,139.66219940185547,40.68386476044439,138.43249969482423,148.58443780791129,128.28056158173715,-0.011350530979882478,115.96046993255615,-2.162200247794175,-0.7128564800837529,15.027913003447365,4.8778566632952005,1.065637653952833,40.56630808570673,-1.6650584516977176,16.679454621801103,44.07078642227983,-1.1569961830957425,15.2765305967489,39.75518517029723,-0.6556222779254313,14.136450668358403,1
2024-12-19 00:00:00+00:00,131.75999450683594,134.02999877929688,129.5500030517578,130.67999267578125,209719200,134.9199996948242,139.6227993774414,38.657453768609386,137.6719993591309,147.75025760011647,127.59374111814526,0.013730424043049805,116.17036991119384,-2.385862642530725,-1.0474577125731472,14.154586988471761,4.9571413312639505,1.034581208969553,40.68386476044439,-2.162200247794175,15.027913003447365,40.56630808570673,-1.6650584516977176,16.679454621801103,44.07078642227983,-1.1569961830957425,15.2765305967489,1
2024-12-20 00:00:00+00:00,129.80999755859375,135.27999877929688,128.22000122070312,134.6999969482422,306528600,134.1459991455078,139.62059936523437,44.69060827009856,137.0734992980957,146.28640092518702,127.86059767100436,0.030762201544000778,116.38052490234375,-2.213223293110559,-1.2806108286806297,14.171002663995589,5.273570469447544,1.0550615932879417,38.657453768609386,-2.385862642530725,14.154586988471761,40.68386476044439,-2.162200247794175,15.027913003447365,40.56630808570673,-1.6650584516977176,16.679454621801103,1
2024-12-23 00:00:00+00:00,136.27999877929688,139.7899932861328,135.1199951171875,139.6699981689453,176053500,134.23199920654298,139.71799926757814,49.26890124551123,136.95949935913086,145.97258984128314,127.94640887697857,0.03689681761917796,116.64123489379882,-1.656275291849397,-1.3557437213143833,13.131438694158545,5.452141898018973,1.0345618586271788,44.69060827009856,-2.213223293110559,14.171002663995589,38.657453768609386,-2.385862642530725,14.154586988471761,40.68386476044439,-2.162200247794175,15.027913003447365,0
2024-12-24 00:00:00+00:00,140.0,141.89999389648438,138.64999389648438,140.22000122070312,105157000,134.74699859619142,139.7609991455078,43.170458420616754,137.16949920654298,146.28554951518032,128.05344889790564,0.003937875413247527,116.91346488952637,-1.1571702007854583,-1.3160290172085984,13.805945449396878,5.289284842354911,1.0234403183777017,49.26890124551123,-1.656275291849397,13.131438694158545,44.69060827009856,-2.213223293110559,14.171002663995589,38.657453768609386,-2.385862642530725,14.154586988471761,0
2024-12-26 00:00:00+00:00,139.6999969482422,140.85000610351562,137.72999572753906,139.92999267578125,116205600,134.80899810791016,139.9275988769531,42.92022129678298,137.31999893188475,146.51772568673272,128.1222721770368,-0.0020682394979116836,117.15354984283448,-0.7760809085121991,-1.2080393954693185,14.662434860273546,5.327142987932477,1.0226530928102884,43.170458420616754,-1.1571702007854583,13.805945449396878,49.26890124551123,-1.656275291849397,13.131438694158545,44.69060827009856,-2.213223293110559,14.171002663995589,0
