Date,Open,High,Low,Close,Volume,MA_10,MA_50,RSI,BB_Middle,BB_Upper,BB_Lower
2020-03-13 00:00:00+00:00,5.762499809265137,6.0254998207092285,5.490250110626221,6.020999908447266,634836000,6.440750026702881,6.432544984817505,42.23477453502426,6.757224988937378,7.950294692424101,5.5641552854506555
2020-03-16 00:00:00+00:00,5.3102498054504395,5.652500152587891,4.849999904632568,4.909999847412109,726972000,6.240675020217895,6.410789985656738,36.44098850619087,6.640487480163574,8.066798873285158,5.214176087041991
2020-03-17 00:00:00+00:00,5.022749900817871,5.521500110626221,4.775000095367432,5.4317498207092285,833632000,6.119124984741211,6.4013899803161625,40.21215182041926,6.541362476348877,8.015993779224598,5.066731173473156
2020-03-18 00:00:00+00:00,5.002500057220459,5.248499870300293,4.517000198364258,5.070499897003174,874268000,5.9148999691009525,6.384269981384278,40.30611926532446,6.401512479782104,7.877116837498638,4.925908122065571
2020-03-19 00:00:00+00:00,5.048999786376953,5.41825008392334,4.834750175476074,5.324250221252441,765512000,5.764099979400635,6.370789985656739,38.55436196716919,6.281849980354309,7.694944906961844,4.868755053746774
2020-03-20 00:00:00+00:00,5.474999904632568,5.757999897003174,5.1282501220703125,5.143750190734863,804636000,5.613374996185303,6.353474988937378,35.88094332918257,6.171449995040893,7.577586860765476,4.7653131293163105
2020-03-23 00:00:00+00:00,5.142749786376953,5.4120001792907715,4.9629998207092285,5.317249774932861,643876000,5.53149995803833,6.338309984207154,39.21766840626888,6.095712494850159,7.515156998875455,4.676267990824862
2020-03-24 00:00:00+00:00,5.724999904632568,6.316500186920166,5.701250076293945,6.229499816894531,1101644000,5.50174994468689,6.340739984512329,43.323125528887935,6.079624986648559,7.484549881659527,4.674700091637591
2020-03-25 00:00:00+00:00,6.34499979019165,6.545499801635742,6.0914998054504395,6.140500068664551,793432000,5.499624967575073,6.337559986114502,44.61484447693271,6.052087497711182,7.4278223904958125,4.676352604926551
2020-03-26 00:00:00+00:00,6.348499774932861,6.555500030517578,6.25,6.431000232696533,696108000,5.601949977874756,6.342539987564087,48.31598423049955,6.0578875064849855,7.439256003917513,4.676519009052458
2020-03-27 00:00:00+00:00,6.25,6.578000068664551,6.2170000076293945,6.3182501792907715,638828000,5.6316750049591064,6.346119995117188,51.48660258376963,6.036212515830994,7.384958316448381,4.687466715213606
2020-03-30 00:00:00+00:00,6.383999824523926,6.64900016784668,6.339749813079834,6.639750003814697,602252000,5.804650020599365,6.354449996948242,50.93024269540707,6.02266252040863,7.339482226636354,4.705842814180906
2020-03-31 00:00:00+00:00,6.679999828338623,6.885000228881836,6.443749904632568,6.590000152587891,949960000,5.920475053787231,6.3616100025177005,53.727319571712634,6.019800019264221,7.331140476934923,4.70845956159352
2020-04-01 00:00:00+00:00,6.391250133514404,6.538249969482422,6.0320000648498535,6.076749801635742,656912000,6.021100044250488,6.3591749954223635,56.077395595701674,5.96800000667572,7.175276559403328,4.7607234539481125
2020-04-02 00:00:00+00:00,6.105999946594238,6.400000095367432,6.057750225067139,6.386750221252441,675764000,6.1273500442504885,6.361855001449585,53.516322531595996,5.945725011825561,7.101188389738785,4.790261633912338
2020-04-03 00:00:00+00:00,6.348999977111816,6.390749931335449,5.959750175476074,6.097750186920166,663212000,6.222750043869018,6.357380008697509,63.562663449093726,5.918062520027161,7.028026836917029,4.808098203137293
2020-04-06 00:00:00+00:00,6.38100004196167,6.747000217437744,6.323249816894531,6.710000038146973,727884000,6.3620250701904295,6.366340007781982,64.3004996320696,5.94676251411438,7.108910539263136,4.784614488965624
2020-04-07 00:00:00+00:00,6.932499885559082,6.956250190734863,6.432499885559082,6.475749969482422,784520000,6.386650085449219,6.375755004882812,66.18112683675221,5.944200015068054,7.101175570569126,4.787224459566982
2020-04-08 00:00:00+00:00,6.585249900817871,6.698750019073486,6.514999866485596,6.673749923706055,542444000,6.439975070953369,6.385244998931885,65.74127737850692,5.9698000192642215,7.168933215833334,4.770666822695109
2020-04-09 00:00:00+00:00,6.800000190734863,6.822999954223633,6.510499954223633,6.573750019073486,525564000,6.454250049591065,6.393949995040893,66.99952304945423,6.02810001373291,7.22555342973494,4.830646597730881
2020-04-13 00:00:00+00:00,6.513750076293945,6.755000114440918,6.425000190734863,6.746250152587891,398408000,6.497050046920776,6.4059700012207035,66.99167944752665,6.064362525939941,7.30408996297999,4.824635088899893
2020-04-14 00:00:00+00:00,6.875,7.132999897003174,6.847249984741211,7.098750114440918,530948000,6.542950057983399,6.4297300052642825,61.92305357842693,6.173800039291382,7.370133267320213,4.97746681126255
2020-04-15 00:00:00+00:00,6.929999828338623,7.104249954223633,6.884500026702881,7.020999908447266,366148000,6.586050033569336,6.449984998703003,62.11474478851476,6.253262543678284,7.453182362371367,5.053342724985201
2020-04-16 00:00:00+00:00,7.177000045776367,7.474999904632568,7.163750171661377,7.367499828338623,745620000,6.715125036239624,6.473769998550415,62.68969458132153,6.368112540245056,7.530494194895149,5.205730885594963
2020-04-17 00:00:00+00:00,7.449999809265137,7.471499919891357,7.173500061035156,7.308000087738037,539120000,6.807250022888184,6.49454999923706,63.607614604150776,6.467300033569336,7.592592946253273,5.342007120885398
2020-04-20 00:00:00+00:00,7.181000232696533,7.337500095367432,7.131750106811523,7.176249980926514,449388000,6.915100002288819,6.510950002670288,57.782127919053615,6.5689250230789185,7.548626667607114,5.589223378550723
2020-04-21 00:00:00+00:00,7.057750225067139,7.1192498207092285,6.677750110626221,6.737750053405762,735160000,6.917875003814697,6.519910001754761,51.92595813704167,6.6399500370025635,7.424007318122914,5.855892755882213
2020-04-22 00:00:00+00:00,6.930749893188477,7.196750164031982,6.885000228881836,7.153749942779541,483356000,6.9856750011444095,6.531499996185302,64.40417422865198,6.686162543296814,7.477277903917767,5.895047182675861
2020-04-23 00:00:00+00:00,7.196000099182129,7.328499794006348,7.074999809265137,7.100249767303467,424160000,7.028324985504151,6.539559993743897,60.24554238722328,6.734150028228759,7.501992721721221,5.966307334736298
2020-04-24 00:00:00+00:00,7.090000152587891,7.2417497634887695,7.014999866485596,7.239749908447266,352328000,7.094924974441528,6.548084993362426,67.13427949082234,6.774587512016296,7.560187389777266,5.988987634255327
2020-04-27 00:00:00+00:00,7.374750137329102,7.587500095367432,7.349999904632568,7.427000045776367,479388000,7.162999963760376,6.561234998703003,62.33017956627913,6.830025005340576,7.636247658060273,6.023802352620879
2020-04-28 00:00:00+00:00,7.574999809265137,7.605000019073486,7.278500080108643,7.283999919891357,442904000,7.18152494430542,6.562019996643066,64.349753348442,6.862237501144409,7.687702197889576,6.036772804399242
2020-04-29 00:00:00+00:00,7.419250011444092,7.514500141143799,7.34375,7.46150016784668,379160000,7.225574970245361,6.562965002059936,64.08834963809335,6.905812501907349,7.762198886960267,6.0494261168544305
2020-04-30 00:00:00+00:00,7.407249927520752,7.46150016784668,7.293000221252441,7.307000160217285,375916000,7.219525003433228,6.551755008697509,62.86290598485063,6.967325019836426,7.746199994108944,6.188450045563907
2020-05-01 00:00:00+00:00,7.108749866485596,7.222499847412109,7.020999908447266,7.069499969482422,342096000,7.195674991607666,6.538795003890991,55.544116809983564,7.001462507247925,7.731514392066213,6.271410622429636
2020-05-04 00:00:00+00:00,7.021999835968018,7.296000003814697,7.021999835968018,7.282249927520752,317556000,7.20627498626709,6.537405004501343,53.3057063931209,7.060687494277954,7.66307370885761,6.458301279698299
2020-05-05 00:00:00+00:00,7.386750221252441,7.506750106811523,7.282249927520752,7.343500137329102,368896000,7.266849994659424,6.547635011672973,55.84451137945028,7.09236249923706,7.683625847829742,6.501099150644379
2020-05-06 00:00:00+00:00,7.423250198364258,7.550000190734863,7.385250091552734,7.44474983215332,323464000,7.295949983596802,6.56550500869751,51.536548718377716,7.140812492370605,7.675421337859184,6.606203646882026
2020-05-07 00:00:00+00:00,7.584499835968018,7.6852498054504395,7.5329999923706055,7.6217498779296875,373732000,7.348099994659424,6.584115009307862,55.961989317763816,7.188212490081787,7.7165265043763105,6.659898475787263
2020-05-08 00:00:00+00:00,7.693749904632568,7.818749904632568,7.659749984741211,7.8125,339216000,7.405375003814697,6.614065008163452,61.82510570529426,7.250149989128113,7.7654414764029225,6.734858501853304
2020-05-11 00:00:00+00:00,7.807499885559082,8.112500190734863,7.778749942779541,8.065500259399414,469060000,7.469225025177002,6.640340013504028,76.50463253810697,7.316112494468689,7.89378572769334,6.738439261244038
2020-05-12 00:00:00+00:00,8.123499870300293,8.172499656677246,7.792749881744385,7.802499771118164,493060000,7.521075010299683,6.658175010681152,63.79290593374144,7.351299977302551,7.958219417113408,6.744380537491693
2020-05-13 00:00:00+00:00,7.917500019073486,8.078499794006348,7.594749927520752,7.78000020980835,625852000,7.55292501449585,6.680830011367798,64.6450521145814,7.389249992370606,8.004075583641555,6.7744244010996555
2020-05-14 00:00:00+00:00,7.841750144958496,8.03600025177002,7.6875,8.030500411987305,602312000,7.625275039672852,6.699185018539429,66.2588690587307,7.42240002155304,8.10052444016587,6.744275602940211
2020-05-15 00:00:00+00:00,7.889750003814697,8.500499725341797,7.874000072479248,8.490750312805176,987660000,7.767400074005127,6.73235502243042,69.66447671604017,7.481537532806397,8.3077706525839,6.655304413028893
2020-05-18 00:00:00+00:00,8.760499954223633,8.916500091552734,8.680500030517578,8.750249862670898,774460000,7.914200067520142,6.7743400192260745,75.98581683269978,7.560237526893616,8.548079113838323,6.572395939948907
2020-05-19 00:00:00+00:00,8.790249824523926,9.087499618530273,8.762749671936035,8.805500030517578,717320000,8.06040005683899,6.827730016708374,74.89810455929758,7.663625025749207,8.719496909400759,6.607753142097655
2020-05-20 00:00:00+00:00,8.991000175476074,9.043000221252441,8.888750076293945,8.970000267028809,587536000,8.212925100326538,6.876590023040771,80.69397833480545,7.75443754196167,8.931169521778399,6.577705562144941
2020-05-21 00:00:00+00:00,9.05150032043457,9.052499771118164,8.737500190734863,8.775250434875488,761068000,8.328275156021117,6.928860034942627,81.98781657692382,7.838187575340271,9.056567187737052,6.61980796294349
2020-05-22 00:00:00+00:00,8.825249671936035,9.093000411987305,8.713250160217285,9.026249885559082,1038764000,8.449650144577026,7.001230030059815,82.24256124259422,7.927512574195862,9.22080844403179,6.6342167043599325
2020-05-26 00:00:00+00:00,9.156749725341797,9.181750297546387,8.67199993133545,8.71774959564209,770780000,8.514875078201294,7.055165023803711,73.27855595266635,7.992050051689148,9.308790646521315,6.675309456856982
2020-05-27 00:00:00+00:00,8.625,8.632749557495117,7.9967498779296875,8.525250434875488,1175892000,8.587150144577027,7.127470035552978,67.75387549767834,8.054112577438355,9.347131080934309,6.761094073942401
2020-05-28 00:00:00+00:00,8.412249565124512,8.760499954223633,8.379249572753906,8.487000465393066,734896000,8.657850170135498,7.188575048446655,64.89628696566476,8.105387592315674,9.380669187790206,6.8301059968411435
2020-05-29 00:00:00+00:00,8.554499626159668,8.875499725341797,8.484999656677246,8.875499725341797,745256000,8.742350101470947,7.264675045013428,67.13411182959534,8.183812570571899,9.445204501254066,6.922420639889731
2020-06-01 00:00:00+00:00,8.833250045776367,8.840749740600586,8.689499855041504,8.806249618530273,389876000,8.773900032043457,7.334315032958984,62.691678608368285,8.270650053024292,9.44517714278863,7.096122963259956
2020-06-02 00:00:00+00:00,8.796250343322754,8.837249755859375,8.657999992370605,8.825249671936035,391320000,8.781400012969971,7.407945022583008,69.12219808341345,8.347800040245057,9.449405994290254,7.246194086199858
2020-06-03 00:00:00+00:00,8.822250366210938,8.866250038146973,8.699999809265137,8.769499778747559,365440000,8.777799987792969,7.476990022659302,68.2733199073271,8.419100022315979,9.427677248024185,7.410522796607771
2020-06-04 00:00:00+00:00,8.727999687194824,8.943249702453613,8.677499771118164,8.766500473022461,424280000,8.757450008392334,7.52773003578186,64.95936800008064,8.485187554359436,9.39314195134563,7.577233157373244
2020-06-05 00:00:00+00:00,8.794500350952148,8.996999740600586,8.708000183105469,8.920000076293945,481748000,8.77192497253418,7.583320035934448,59.967499954602694,8.550100064277649,9.38045512689353,7.719745001661766
2020-06-08 00:00:00+00:00,8.877249717712402,8.889749526977539,8.685750007629395,8.805000305175781,387736000,8.74980001449585,7.6308000373840335,51.362800784684595,8.599725079536437,9.360160232348715,7.83928992672416
2020-06-09 00:00:00+00:00,8.800000190734863,9.109749794006348,8.751250267028809,9.045999526977539,468488000,8.782625007629395,7.685355024337769,55.47960623980921,8.648750042915344,9.390361160480532,7.907138925350155
2020-06-10 00:00:00+00:00,9.167750358581543,9.5,9.153499603271484,9.36674976348877,632180000,8.866774940490723,7.73989501953125,58.43879922237332,8.726962542533874,9.421221505344317,8.032703579723432
2020-06-11 00:00:00+00:00,9.149999618530273,9.261249542236328,8.78600025177002,8.796250343322754,583652000,8.897699928283691,7.784020023345947,50.385108036620586,8.777775049209595,9.310079588754649,8.24547050966454
2020-06-12 00:00:00+00:00,9.162500381469727,9.187250137329102,8.70324993133545,8.932499885559082,570908000,8.90339994430542,7.841135025024414,48.205223518173796,8.822875022888184,9.225692422404657,8.42005762337171
2020-06-15 00:00:00+00:00,8.815250396728516,9.182250022888184,8.743749618530273,9.173749923706055,400004000,8.940149974822997,7.896875019073486,58.96052504837718,8.857025003433227,9.257084412700207,8.456965594166247
2020-06-16 00:00:00+00:00,9.225000381469727,9.26675033569336,8.838749885559082,9.068499565124512,535716000,8.964474964141846,7.956290006637573,61.05402059294965,8.872937488555909,9.280363862371267,8.46551111474055
2020-06-17 00:00:00+00:00,9.113750457763672,9.298999786376953,9.070249557495117,9.236000061035156,408304000,9.011124992370606,8.006810007095337,64.47903296991784,8.894462490081787,9.331313011272387,8.457611968891188
2020-06-18 00:00:00+00:00,9.22700023651123,9.282500267028809,9.114500045776367,9.218000411987305,254408000,9.05627498626709,8.061655015945435,57.72791161461189,8.906862497329712,9.366239173965676,8.447485820693748
2020-06-19 00:00:00+00:00,9.242500305175781,9.444999694824219,9.227250099182129,9.261249542236328,524160000,9.090399932861327,8.11340500831604,60.38814167353981,8.931162452697754,9.412134409079643,8.450190496315864
2020-06-22 00:00:00+00:00,9.300000190734863,9.53125,9.273249626159668,9.526749610900879,398468000,9.162574863433838,8.172465000152588,64.39566753768906,8.956187438964843,9.505252491729921,8.407122386199765
2020-06-23 00:00:00+00:00,9.550999641418457,9.642499923706055,9.407500267028809,9.449999809265137,375108000,9.202974891662597,8.226539993286133,63.845390845955876,8.992799949645995,9.571761376588238,8.413838522703752
2020-06-24 00:00:00+00:00,9.476249694824219,9.556500434875488,9.144499778747559,9.23550033569336,449372000,9.189849948883056,8.269274997711182,58.786070121051395,9.02831244468689,9.572615140756882,8.484009748616897
2020-06-25 00:00:00+00:00,9.35575008392334,9.505000114440918,9.182250022888184,9.489999771118164,376072000,9.259224891662598,8.3186549949646,60.28881562457825,9.078462409973145,9.596981945534488,8.559942874411803
2020-06-26 00:00:00+00:00,9.5,9.5,9.125,9.154999732971191,592084000,9.28147487640381,8.354404993057251,55.852839289125974,9.092437410354615,9.602928405037755,8.581946415671474
2020-06-29 00:00:00+00:00,9.169750213623047,9.204500198364258,8.899999618530273,9.199999809265137,342248000,9.284099864959718,8.392244987487793,52.75591276842592,9.112124919891357,9.606252385054296,8.61799745472842
2020-06-30 00:00:00+00:00,9.314000129699707,9.526249885559082,9.266500473022461,9.497750282287598,367892000,9.327024936676025,8.438674993515015,52.363778659293324,9.145749950408936,9.649120888213005,8.642379012604867
2020-07-01 00:00:00+00:00,9.520750045776367,9.575750350952148,9.413000106811523,9.529999732971191,326648000,9.356424903869629,8.494519987106322,66.43153144148785,9.183774948120117,9.682347990771268,8.685201905468967
2020-07-02 00:00:00+00:00,9.638999938964844,9.737500190734863,9.57824993133545,9.612250328063965,364056000,9.395849895477294,8.543689994812011,65.59955773129813,9.226062440872193,9.719053344463385,8.733071537281
2020-07-06 00:00:00+00:00,9.74174976348877,9.9087495803833,9.712499618530273,9.839249610900879,315892000,9.45364990234375,8.59846999168396,65.37307001415643,9.27202491760254,9.813856799957046,8.730193035248034
2020-07-07 00:00:00+00:00,9.946249961853027,10.069999694824219,9.850749969482422,9.871749877929688,357800000,9.488149929046632,8.651109991073609,69.20045391607476,9.325362396240234,9.883399143450097,8.76732564903037
2020-07-08 00:00:00+00:00,9.993749618530273,10.225000381469727,9.965499877929688,10.215999603271484,365480000,9.564749908447265,8.70688998222351,71.60019035671705,9.383862400054932,10.052863197202285,8.714861602907579
2020-07-09 00:00:00+00:00,10.380249977111816,10.569999694824219,10.233499526977539,10.508999824523926,494548000,9.692099857330323,8.771389980316162,75.37842358470085,9.440974903106689,10.277801545254114,8.604148260959263
2020-07-10 00:00:00+00:00,10.588749885559082,10.65524959564209,10.37874984741211,10.479249954223633,497676000,9.791024875640868,8.831744976043701,74.07116600123035,9.525124883651733,10.425071709806701,8.625178057496765
2020-07-13 00:00:00+00:00,10.595000267028809,10.79224967956543,10.024999618530273,10.052249908447266,457076000,9.880749893188476,8.886649971008302,59.76222441669581,9.581112384796143,10.465004468560227,8.697220301032058
2020-07-14 00:00:00+00:00,10.074999809265137,10.402750015258789,9.785499572753906,10.376999855041504,542676000,9.998449897766113,8.952799968719482,65.7679944249207,9.641274881362914,10.57103002122718,8.711519741498648
2020-07-15 00:00:00+00:00,10.414250373840332,10.432999610900879,10.055749893188477,10.227250099182129,403984000,10.071399879455566,9.01169997215271,67.24932681305987,9.699212408065796,10.623079816927094,8.775344999204497
2020-07-16 00:00:00+00:00,10.015000343322754,10.20674991607666,9.895500183105469,10.134750366210938,344964000,10.131874942779541,9.067524976730347,61.88371059621926,9.744149923324585,10.66055160811735,8.82774823853182
2020-07-17 00:00:00+00:00,10.225500106811523,10.248499870300293,10.087750434875488,10.201499938964844,266284000,10.190799903869628,9.122659978866578,71.40520816793413,9.793324899673461,10.69630061072172,8.890349188625203
2020-07-20 00:00:00+00:00,10.274250030517578,10.53125,10.156749725341797,10.510749816894531,284852000,10.257949924468994,9.180439977645873,74.19474997438677,9.855799913406372,10.77649943797497,8.935100388837775
2020-07-21 00:00:00+00:00,10.512999534606934,10.5600004196167,10.286749839782715,10.328499794006348,277036000,10.30362491607666,9.230759973526,66.01754622100913,9.895887422561646,10.826031392946286,8.965743452177007
2020-07-22 00:00:00+00:00,10.367500305175781,10.602499961853027,10.291500091552734,10.438750267028809,367292000,10.325899982452393,9.278224973678588,67.0098407430468,9.94532494544983,10.880773051707394,9.009876839192266
2020-07-23 00:00:00+00:00,10.449999809265137,10.54699993133545,10.03125,10.12975025177002,411660000,10.287975025177001,9.324769983291626,58.928573779145,9.990037441253662,10.86624068359852,9.113834198908805
2020-07-24 00:00:00+00:00,9.875,10.364749908447266,9.777000427246094,10.194499969482422,473292000,10.25950002670288,9.373059978485108,56.49274342798559,10.025262451171875,10.873006057697573,9.177518844646176
2020-07-27 00:00:00+00:00,10.232250213623047,10.441749572753906,10.21774959564209,10.421500205993652,292132000,10.296425056457519,9.420879974365235,59.38060703855934,10.088587474822997,10.847135227706586,9.330039721939409
2020-07-28 00:00:00+00:00,10.374250411987305,10.381999969482422,10.209250450134277,10.215499877929688,271636000,10.280275058746337,9.455374965667724,49.99105076334939,10.139362478256226,10.773161631712732,9.50556332479972
2020-07-29 00:00:00+00:00,10.39074993133545,10.516249656677246,10.347000122070312,10.465499877929688,284508000,10.304100036621094,9.4896799659729,49.208804056151955,10.18774995803833,10.760086613170449,9.61541330290621
2020-07-30 00:00:00+00:00,10.375,10.623000144958496,10.295249938964844,10.61400032043457,308880000,10.352025032043457,9.52584997177124,52.34940908942773,10.241949987411498,10.754170143927928,9.729729830895069
2020-07-31 00:00:00+00:00,10.563249588012695,10.766500473022461,10.432999610900879,10.614749908447266,386080000,10.3933500289917,9.55874496459961,61.51955901688139,10.292074966430665,10.736564720319222,9.847585212542107
2020-08-03 00:00:00+00:00,10.732500076293945,11.098750114440918,10.715250015258789,11.010250091552734,412720000,10.44330005645752,9.603444957733155,62.6032490789721,10.350624990463256,10.84917563143865,9.852074349487863
2020-08-04 00:00:00+00:00,11.050000190734863,11.227749824523926,10.906000137329102,11.227749824523926,310336000,10.533225059509277,9.64747495651245,69.3895301342611,10.418424987792969,11.003990900491617,9.832859075094321
2020-08-05 00:00:00+00:00,11.244000434875488,11.371749877929688,11.166250228881836,11.286749839782715,249924000,10.618025016784667,9.698854961395263,72.61926920053524,10.471962499618531,11.165451320896663,9.778473678340399
2020-08-06 00:00:00+00:00,11.349749565124512,11.357999801635742,11.178750038146973,11.33549976348877,244316000,10.738599967956542,9.75505994796753,72.42435386080544,10.513287496566772,11.307287599321654,9.71928739381189
2020-08-07 00:00:00+00:00,11.3125,11.50475025177002,11.037500381469727,11.19950008392334,342516000,10.839099979400634,9.809309940338135,64.62159350744375,10.549300003051759,11.400103081680703,9.698496924422814
2020-08-10 00:00:00+00:00,11.334250450134277,11.408249855041504,10.856499671936035,11.164999961853027,427796000,10.913449954986572,9.855099945068359,68.94677223972364,10.604937505722045,11.464371827884335,9.745503183559755
2020-08-11 00:00:00+00:00,11.073749542236328,11.136750221252441,10.79574966430664,10.850000381469727,354512000,10.976900005340577,9.895974960327148,58.524203307705655,10.628587532043458,11.487643770334492,9.769531293752424
2020-08-12 00:00:00+00:00,10.990750312805176,11.467000007629395,10.958250045776367,11.440250396728516,464412000,11.07437505722046,9.948274974822999,74.32709033865977,10.689237546920776,11.598783423475334,9.779691670366217
2020-08-13 00:00:00+00:00,11.545999526977539,11.721750259399414,11.35575008392334,11.442999839782715,374460000,11.157275009155274,10.001744976043701,73.72221559822377,10.754650020599366,11.684242552582178,9.825057488616553
2020-08-14 00:00:00+00:00,11.529999732971191,11.704750061035156,11.440500259399414,11.564000129699707,366436000,11.252200031280518,10.057694969177247,72.61928767628157,10.822775030136109,11.780945222304751,9.864604837967466
2020-08-17 00:00:00+00:00,11.851249694824219,12.409749984741211,11.81725025177002,12.336999893188477,621300000,11.384875011444091,10.126034965515137,84.30074135293827,10.914087533950806,12.073913817825535,9.754261250076077
2020-08-18 00:00:00+00:00,12.449999809265137,12.496000289916992,12.086250305175781,12.260749816894531,503448000,11.488175010681152,10.195149955749512,80.75375833597448,11.010700035095216,12.281720560601268,9.739679509589163
2020-08-19 00:00:00+00:00,12.296500205993652,12.3149995803833,12.097999572753906,12.138500213623047,622624000,11.573350048065185,10.256999969482422,76.35265235390392,11.095687532424927,12.431347574160478,9.760027490689376
2020-08-20 00:00:00+00:00,11.975000381469727,12.375,11.87874984741211,12.140999794006348,921388000,11.653900051116944,10.312484970092774,76.3669506026514,11.196250009536744,12.528547467761996,9.863952551311492
2020-08-21 00:00:00+00:00,12.201749801635742,12.80875015258789,12.195249557495117,12.683500289916992,999868000,11.802300071716308,10.390229969024658,77.50926628577163,11.320700025558471,12.722201669897597,9.919198381219346
2020-08-24 00:00:00+00:00,12.883749961853027,12.912500381469727,12.507499694824219,12.720250129699707,490564000,11.957825088500977,10.46598497390747,76.08811615462835,11.435637521743775,12.902173016572494,9.969102026915056
2020-08-25 00:00:00+00:00,12.630749702453613,12.761249542236328,12.573749542236328,12.75,289076000,12.147825050354005,10.53750997543335,75.84107809978445,11.56236252784729,13.02297368396411,10.101751371730469
2020-08-26 00:00:00+00:00,12.799249649047852,12.868499755859375,12.677749633789062,12.77299976348877,321244000,12.281099987030029,10.611599979400635,75.61933633333311,11.677737522125245,13.138082511428218,10.217392532822272
2020-08-27 00:00:00+00:00,12.781499862670898,12.850000381469727,12.566499710083008,12.628250122070312,317604000,12.399625015258788,10.679444980621337,75.38422333395347,11.778450012207031,13.207396095841661,10.349503928572402
2020-08-28 00:00:00+00:00,12.675000190734863,13.14799976348877,12.642499923706055,13.147749900817871,537160000,12.557999992370606,10.758039970397949,80.04851551317064,11.905100011825562,13.348702423016451,10.461497600634672
2020-08-31 00:00:00+00:00,13.18274974822998,13.574999809265137,13.037750244140625,13.374500274658203,500840000,12.661750030517577,10.840304985046387,89.3102000133057,12.023312520980834,13.543550690255381,10.503074351706287
2020-09-01 00:00:00+00:00,13.479999542236328,13.993749618530273,13.43649959564209,13.821000099182129,511316000,12.817775058746339,10.926189994812011,88.80921000061252,12.152975034713744,13.822538653037313,10.483411416390176
2020-09-02 00:00:00+00:00,14.703749656677246,14.726750373840332,13.899999618530273,14.346500396728516,874012000,13.038575077056885,11.02412000656128,90.43873544351311,12.305962562561035,14.188483630377622,10.423441494744448
2020-09-03 00:00:00+00:00,13.828749656677246,13.884499549865723,12.87874984741211,13.01550006866455,945128000,13.126025104522705,11.099720001220703,65.11979343411022,12.389962577819825,14.23979795246312,10.54012720317653
2020-09-04 00:00:00+00:00,12.7837495803833,13.175000190734863,11.704750061035156,12.6225004196167,1463684000,13.119925117492675,11.162370014190675,53.229644605212194,12.461112594604492,14.225652686097677,10.696572503111307
2020-09-08 00:00:00+00:00,11.73449993133545,12.550000190734863,11.70425033569336,11.913000106811523,795728000,13.039200115203858,11.21753002166748,46.559147536874974,12.498512601852417,14.176992639233728,10.820032564471106
2020-09-09 00:00:00+00:00,12.399999618530273,12.809249877929688,12.231749534606934,12.71500015258789,736200000,13.035700130462647,11.287830028533936,55.027908240990655,12.591762590408326,14.081200172855207,11.102325007961445
2020-09-10 00:00:00+00:00,12.989250183105469,13.065250396728516,12.166999816894531,12.311750411987305,698684000,12.9895751953125,11.34411003112793,51.39189418416864,12.635337591171265,14.030967338185379,11.23970784415715
2020-09-11 00:00:00+00:00,12.48550033569336,12.65250015258789,11.895750045776367,12.16450023651123,636928000,12.943200206756591,11.39680004119873,45.477911598531755,12.67141261100769,13.971287642741911,11.37153757927347
2020-09-14 00:00:00+00:00,13.081000328063965,13.3149995803833,12.631250381469727,12.872249603271484,1201744000,12.915650177001954,11.462000026702881,51.18573596452947,12.736825084686279,13.9292886094996,11.544361559872957
2020-09-15 00:00:00+00:00,13.279999732971191,13.298749923706055,12.827750205993652,12.991000175476074,727556000,12.87730016708374,11.525035037994385,51.85427545038127,12.76952509880066,13.95164744976711,11.58740274783421
2020-09-16 00:00:00+00:00,12.957249641418457,13.09274959564209,12.513750076293945,12.51449966430664,556384000,12.746650123596192,11.577890033721923,48.14082223674195,12.782212591171264,13.946657720891693,11.617767461450835
2020-09-17 00:00:00+00:00,12.13224983215332,12.589750289916992,12.034749984741211,12.463500022888184,792512000,12.558350086212158,11.622840042114257,48.79889123073027,12.79846258163452,13.933790961488832,11.66313420178021
2020-09-18 00:00:00+00:00,12.59375,12.632499694824219,11.988750457763672,12.189249992370605,698460000,12.475725078582764,11.656445045471191,42.752912578375636,12.800875091552735,13.930511854383314,11.671238328722156
2020-09-21 00:00:00+00:00,11.925000190734863,12.522500038146973,11.904500007629395,12.517250061035156,721044000,12.465200042724609,11.697205047607422,43.61618839378774,12.792562580108642,13.928266454842309,11.656858705374976
2020-09-22 00:00:00+00:00,12.574999809265137,12.64799976348877,12.155500411987305,12.637749671936035,646452000,12.53767499923706,11.748915042877197,40.73885365912645,12.788437557220458,13.925845345263559,11.651029769177358
2020-09-23 00:00:00+00:00,12.575499534606934,12.72700023651123,12.07925033569336,12.123749732971191,647012000,12.47854995727539,11.78385004043579,32.57144574887906,12.757125043869019,13.932824723610288,11.58142536412775
2020-09-24 00:00:00+00:00,12.072250366210938,12.569499969482422,12.013999938964844,12.347999572753906,731240000,12.48217487335205,11.826265029907226,43.666977621224774,12.735875034332276,13.92564561255036,11.546104456114191
2020-09-25 00:00:00+00:00,12.447500228881836,12.883500099182129,12.245750427246094,12.873749732971191,588016000,12.553099822998046,11.881045017242432,52.325198395677184,12.74815001487732,13.93831094557945,11.557989084175189
2020-09-28 00:00:00+00:00,13.040249824523926,13.051750183105469,12.75,13.03499984741211,573808000,12.56937484741211,11.937715015411378,61.55628574437087,12.742512512207032,13.925751739116368,11.559273285297696
2020-09-29 00:00:00+00:00,12.9375,13.442749977111816,12.933250427246094,13.225749969482422,621460000,12.592849826812744,11.992015018463135,56.018380130220685,12.735074996948242,13.903363457094082,11.566786536802402
2020-09-30 00:00:00+00:00,13.157500267028809,13.6225004196167,13.150250434875488,13.530500411987305,689184000,12.69444990158081,12.056055030822755,64.70233216738004,12.7205500125885,13.838114461109205,11.602985564067795
2020-10-01 00:00:00+00:00,13.758000373840332,13.762749671936035,13.460749626159668,13.614500045776367,525004000,12.809549903869629,12.119570026397705,67.7630747310073,12.683949995040894,13.60860124574651,11.759298744335279
2020-10-02 00:00:00+00:00,13.225000381469727,13.519499778747559,13.050999641418457,13.062250137329102,552496000,12.89684991836548,12.178220024108887,52.419772099564945,12.68628749847412,13.614696546389037,11.757878450559204
2020-10-05 00:00:00+00:00,13.236000061035156,13.64424991607666,13.222749710083008,13.642499923706055,479820000,13.009374904632569,12.247180023193359,57.424498878087704,12.737287473678588,13.758379193102407,11.71619575425477
2020-10-06 00:00:00+00:00,13.829999923706055,14.142000198364258,13.664999961853027,13.736499786376953,784420000,13.11924991607666,12.313480014801025,65.25593480819117,12.82846245765686,13.865178167672013,11.791746747641707
2020-10-07 00:00:00+00:00,13.999750137329102,14.119250297546387,13.863499641418457,13.96399974822998,418084000,13.30327491760254,12.38845001220703,67.94212497320179,12.890912437438965,14.042915150815512,11.738909724062419
2020-10-08 00:00:00+00:00,14.074999809265137,14.084500312805176,13.758000373840332,13.838749885559082,378900000,13.452349948883057,12.455915012359618,70.45257500386673,12.967262411117554,14.159355175253232,11.775169646981876
2020-10-09 00:00:00+00:00,13.767000198364258,13.824250221252441,13.660750389099121,13.762749671936035,346892000,13.54124994277954,12.518889999389648,66.4726860119254,13.047174882888793,14.226898964117874,11.867450801659713
2020-10-12 00:00:00+00:00,13.989500045776367,14.347000122070312,13.912500381469727,14.22599983215332,434744000,13.660349941253662,12.59111499786377,69.25968783457819,13.114862394332885,14.402716973868818,11.827007814796952
2020-10-13 00:00:00+00:00,14.296500205993652,14.34850025177002,14.018750190734863,14.248250007629395,344604000,13.76259994506836,12.655874996185302,79.25100002521071,13.177724885940552,14.559439801417295,11.79600997046381
2020-10-14 00:00:00+00:00,14.290499687194824,14.34274959564209,13.960000038146973,14.095250129699707,276100000,13.8190749168396,12.713225002288818,74.53831077043164,13.256762409210205,14.659424749038791,11.85410006938162
2020-10-15 00:00:00+00:00,13.810750007629395,14.005749702453613,13.767749786376953,13.970000267028809,267224000,13.854624938964843,12.766890010833741,67.34710877999106,13.332087421417237,14.717075254688229,11.947099588146244
2020-10-16 00:00:00+00:00,14.036749839782715,14.121500015258789,13.792499542236328,13.81149959564209,242392000,13.929549884796142,12.816410007476806,62.298061688247934,13.41319990158081,14.703127082044114,12.123272721117507
2020-10-19 00:00:00+00:00,13.902999877929688,13.983499526977539,13.406749725341797,13.497750282287598,298068000,13.915074920654297,12.862375011444092,54.146346569345354,13.462224912643432,14.681364923399554,12.24308490188731
2020-10-20 00:00:00+00:00,13.583499908447266,13.799750328063965,13.506999969482422,13.645500183105469,229212000,13.905974960327148,12.91198501586914,51.841175166473164,13.512612438201904,14.670013209009253,12.355211667394554
2020-10-21 00:00:00+00:00,13.625,13.791500091552734,13.477499961853027,13.524749755859375,219596000,13.862049961090088,12.965480003356934,48.57978811060359,13.582662439346313,14.538096342709304,12.627228535983322
2020-10-22 00:00:00+00:00,13.522500038146973,13.611749649047852,13.231749534606934,13.361000061035156,290480000,13.814274978637695,13.003894996643066,55.39016596085298,13.633312463760376,14.40238429654349,12.864240630977262
2020-10-23 00:00:00+00:00,13.449999809265137,13.593250274658203,13.291250228881836,13.590250015258789,233484000,13.797025012969971,13.046840000152589,48.920567921393825,13.669137477874756,14.351044980268307,12.987229975481204
2020-10-26 00:00:00+00:00,13.427000045776367,13.692749977111816,13.03849983215332,13.141249656677246,336896000,13.688549995422363,13.078384990692138,39.27574026798751,13.674449968338013,14.33693497352273,13.011964963153297
2020-10-27 00:00:00+00:00,13.305999755859375,13.442000389099121,13.191499710083008,13.396750450134277,250520000,13.603400039672852,13.099580001831054,39.88229658756041,13.682999992370606,14.325205663667457,13.040794321073754
2020-10-28 00:00:00+00:00,13.197999954223633,13.260000228881836,12.609000205993652,12.626999855041504,376520000,13.456575012207031,13.106905002593994,32.426954854877835,13.637824964523315,14.433880780520594,12.841769148526035
2020-10-29 00:00:00+00:00,12.838500022888184,13.192749977111816,12.75,13.02400016784668,320080000,13.361975002288819,13.124615001678468,40.19901701063029,13.608299970626831,14.450465152481382,12.76613478877228
2020-10-30 00:00:00+00:00,12.850000381469727,12.93649959564209,12.300000190734863,12.534000396728516,416820000,13.234225082397462,13.13247501373291,27.710464055125385,13.581887483596802,14.523431253311415,12.640343713882189
2020-11-02 00:00:00+00:00,12.657750129699707,12.836750030517578,12.395000457763672,12.580750465393066,299652000,13.142525100708008,13.130420017242432,28.17409891545806,13.528800010681152,14.570370995156594,12.48722902620571
2020-11-03 00:00:00+00:00,12.708499908447266,13.104999542236328,12.602749824523926,13.019499778747559,272900000,13.079925060272217,13.136405010223388,36.899469291961886,13.492950010299683,14.553602850816407,12.43229716978296
2020-11-04 00:00:00+00:00,13.389249801635742,13.827500343322754,13.336999893188477,13.794249534606934,410228000,13.106875038146972,13.157290000915527,48.15203513989092,13.48446249961853,14.531878258768465,12.437046740468595
2020-11-05 00:00:00+00:00,14.162500381469727,14.33899974822998,13.991000175476074,14.15999984741211,319028000,13.186775016784669,13.185030002593994,53.51133714444288,13.500524997711182,14.580174063402351,12.420875932020012
2020-11-06 00:00:00+00:00,14.109749794006348,14.588749885559082,13.895000457763672,14.562000274658203,383348000,13.283950042724609,13.223705005645751,60.535560432522296,13.54048752784729,14.715922758011391,12.365052297683189
2020-11-09 00:00:00+00:00,14.552499771118164,14.691499710083008,13.610750198364258,13.630749702453613,582976000,13.332900047302246,13.233365001678466,49.87358722465152,13.510725021362305,14.642405831060987,12.379044211663622
2020-11-10 00:00:00+00:00,13.606499671936035,13.606499671936035,12.628250122070312,12.770000457763672,644068000,13.270225048065186,13.221275005340576,44.259807862420836,13.436812543869019,14.558728254992069,12.31489683274597
2020-11-11 00:00:00+00:00,13.053750038146973,13.4350004196167,12.948249816894531,13.418000221252441,404744000,13.34932508468628,13.213215007781983,50.40376956984345,13.402950048446655,14.481221674779192,12.324678422114118
2020-11-12 00:00:00+00:00,13.479000091552734,13.765999794006348,13.315999984741211,13.45674991607666,365812000,13.392600059509277,13.195419998168946,49.02810075676018,13.377287530899048,14.422664144470087,12.33191091732801
2020-11-13 00:00:00+00:00,13.627249717712402,13.668749809265137,13.059249877929688,13.29699993133545,346312000,13.468900012969971,13.201049995422363,51.18373748970764,13.351562547683717,14.37708205569213,12.326043039675303
2020-11-16 00:00:00+00:00,13.172499656677246,13.649499893188477,13.156000137329102,13.515250205993652,413776000,13.562349987030029,13.218904991149902,50.90575368188405,13.35243754386902,14.378511946072365,12.326363141665674
2020-11-17 00:00:00+00:00,13.552499771118164,13.5962495803833,13.303750038146973,13.422249794006348,312028000,13.602624988555908,13.249089984893798,56.779913477805835,13.341275024414063,14.358746837292681,12.323803211535445
2020-11-18 00:00:00+00:00,13.465250015258789,13.60575008392334,13.1850004196167,13.428750038146973,510924000,13.566075038909911,13.26336498260498,53.69685237380724,13.336475038528443,14.351204489758565,12.32174558729832
2020-11-19 00:00:00+00:00,13.212750434875488,13.487500190734863,13.100000381469727,13.440250396728516,565936000,13.494100093841553,13.285934982299805,59.070208902524875,13.34043755531311,14.356188679889941,12.32468643073628
2020-11-20 00:00:00+00:00,13.454000473022461,13.494500160217285,13.0649995803833,13.087750434875488,341088000,13.34667510986328,13.30439998626709,54.781664989514354,13.315312576293945,14.32990436591103,12.300720786676859
2020-11-23 00:00:00+00:00,13.171250343322754,13.382499694824219,13.01550006866455,13.140000343322754,361356000,13.297600173950196,13.309755001068115,51.22584478259722,13.31525011062622,14.329887175518943,12.300613045733497
2020-11-24 00:00:00+00:00,13.142499923706055,13.161999702453613,12.885000228881836,12.95775032043457,346500000,13.316375160217286,13.309090003967285,40.323898376845655,13.293300104141235,14.319442344497947,12.267157863784522
2020-11-25 00:00:00+00:00,13.032500267028809,13.269499778747559,13.020000457763672,13.234749794006348,259916000,13.298050117492675,13.323495006561279,39.0729261485031,13.323687601089478,14.301612539583584,12.345762662595373
2020-11-27 00:00:00+00:00,13.375,13.407500267028809,13.170499801635742,13.261249542236328,167276000,13.278500080108643,13.339449996948241,33.14325347507507,13.33555006980896,14.303877245985385,12.367222893632535
2020-11-30 00:00:00+00:00,13.265000343322754,13.412500381469727,12.972249984741211,13.40149974822998,286952000,13.288950061798095,13.36369499206543,46.262939005871445,13.378925037384032,14.270772669639001,12.487077405129064
2020-12-01 00:00:00+00:00,13.492250442504883,13.5287504196167,13.228249549865723,13.390000343322754,296948000,13.276425075531005,13.381149997711182,63.97655628894189,13.419387531280517,14.228338599059224,12.61043646350181
2020-12-02 00:00:00+00:00,13.350500106811523,13.673500061035156,13.23425006866455,13.544500350952148,283360000,13.288650131225586,13.399285011291504,53.66773417008199,13.445637559890747,14.233755960796017,12.657519158985476
2020-12-03 00:00:00+00:00,13.587499618530273,13.65999984741211,13.329000473022461,13.395999908447266,199520000,13.285375118255615,13.424730014801025,48.344010011693136,13.425725078582763,14.196694920993098,12.654755236172429
2020-12-04 00:00:00+00:00,13.44849967956543,13.5600004196167,13.388750076293945,13.558250427246094,202244000,13.297175121307372,13.44893503189087,57.111755979964414,13.395637607574463,14.089015651147713,12.702259564001212
2020-12-07 00:00:00+00:00,13.601249694824219,13.731249809265137,13.5,13.606749534606934,223244000,13.349075031280517,13.463595027923583,52.744431273655934,13.347875070571899,13.788499855327709,12.907250285816088
2020-12-08 00:00:00+00:00,13.585000038146973,13.598750114440918,13.281499862670898,13.350000381469727,271920000,13.370075035095216,13.469895038604736,48.02677947719385,13.333837604522705,13.753927546018396,12.913747663027014
2020-12-09 00:00:00+00:00,13.30049991607666,13.413999557495117,12.868249893188477,12.930749893188477,401300000,13.367374992370605,13.463995037078858,38.90126118022732,13.341875076293945,13.720663799770469,12.963086352817422
2020-12-10 00:00:00+00:00,12.869000434875488,13.068750381469727,12.849499702453613,12.972249984741211,207764000,13.341125011444092,13.452830028533935,39.70748375795324,13.319587564468383,13.73060101484365,12.908574114093117
2020-12-11 00:00:00+00:00,12.967249870300293,13.020000457763672,12.822999954223633,13.013250350952148,209264000,13.316325092315674,13.440805034637451,48.10142395026503,13.297412586212157,13.724796710815102,12.870028461609213
2020-12-14 00:00:00+00:00,13.088000297546387,13.388750076293945,13.077500343322754,13.30875015258789,270156000,13.307050132751465,13.445735034942627,53.82609451511025,13.29800009727478,13.725414137648249,12.870586056901312
2020-12-15 00:00:00+00:00,13.439749717712402,13.46399974822998,13.186750411987305,13.36050033569336,193016000,13.304100131988525,13.440095043182373,59.705993752332766,13.290262603759766,13.706575849439758,12.873949358079773
2020-12-16 00:00:00+00:00,13.422499656677246,13.437250137329102,13.212499618530273,13.242500305175781,223116000,13.273900127410888,13.43021505355835,50.20228403994605,13.281275129318237,13.693330194072553,12.86922006456392
2020-12-17 00:00:00+00:00,13.36674976348877,13.379500389099121,13.178500175476074,13.3412504196167,231384000,13.268425178527831,13.417760066986084,52.012094586458886,13.276900148391723,13.684192857153834,12.869607439629613
2020-12-18 00:00:00+00:00,13.378999710083008,13.404999732971191,13.070500373840332,13.272000312805176,342064000,13.23980016708374,13.406425075531006,46.62234095476887,13.268487644195556,13.668458752526163,12.868516535864948
2020-12-21 00:00:00+00:00,13.074749946594238,13.369999885559082,12.967499732971191,13.332249641418457,302332000,13.212350177764893,13.397815074920654,48.531076954723325,13.280712604522705,13.672281883458066,12.889143325587344
2020-12-22 00:00:00+00:00,13.319250106811523,13.337249755859375,13.053999900817871,13.278249740600586,185580000,13.205175113677978,13.3788600730896,42.86286925008794,13.287625074386597,13.673576082030834,12.901674066742359
2020-12-23 00:00:00+00:00,13.255999565124512,13.274999618530273,13.005000114440918,13.009249687194824,179144000,13.213025093078613,13.354080066680908,40.26185651872602,13.29020004272461,13.667473990405249,12.912926095043971
2020-12-24 00:00:00+00:00,13.037249565124512,13.132499694824219,12.938750267028809,12.993749618530273,97884000,13.21517505645752,13.33205005645752,34.65195272593384,13.278150033950805,13.67762292869986,12.87867713920175
2020-12-28 00:00:00+00:00,13.0625,13.0625,12.763250350952148,12.899999618530273,212564000,13.203849983215331,13.310650043487549,31.245852901564405,13.260087537765504,13.693964880238626,12.826210195292381
2020-12-29 00:00:00+00:00,12.925000190734863,13.072500228881836,12.842249870300293,12.943249702453613,170372000,13.167299938201904,13.29328504562378,37.82730724027333,13.237175035476685,13.687689244581136,12.786660826372234
2020-12-30 00:00:00+00:00,12.990249633789062,13.213749885559082,12.896750450134277,13.145750045776367,225396000,13.145824909210205,13.286245040893554,57.39340036599043,13.224962520599366,13.671255920318167,12.778669120880565
2020-12-31 00:00:00+00:00,13.136500358581543,13.151000022888184,12.914999961853027,13.055000305175781,192424000,13.127074909210204,13.274435043334961,52.752380299846735,13.200487518310547,13.626212103955966,12.774762932665128
2021-01-04 00:00:00+00:00,13.104249954223633,13.65250015258789,12.962499618530273,13.113499641418457,560640000,13.104299831390382,13.266210041046143,53.296049656940426,13.186362504959106,13.603432039586945,12.769292970331268
2021-01-05 00:00:00+00:00,13.099749565124512,13.443499565124512,13.086999893188477,13.404749870300293,322760000,13.117574787139892,13.267085037231446,53.16517468313037,13.178687477111817,13.57190966632974,12.785465287893894
2021-01-06 00:00:00+00:00,13.22249984741211,13.244999885559082,12.586000442504883,12.614500045776367,580424000,13.045799827575683,13.247570037841797,33.458967460028134,13.129075002670287,13.544641808535062,12.713508196805513
2021-01-07 00:00:00+00:00,12.967499732971191,13.377750396728516,12.886500358581543,13.343999862670898,461480000,13.052374839782715,13.25162504196167,51.77044470217337,13.128774976730346,13.543678333971245,12.713871619489447
2021-01-08 00:00:00+00:00,13.362500190734863,13.420999526977539,13.041999816894531,13.276749610900879,292528000,13.07912483215332,13.249225025177003,48.862419232000946,13.146074962615966,13.555023434135089,12.737126491096843
2021-01-11 00:00:00+00:00,13.418749809265137,13.961000442504883,13.362500190734863,13.621500015258789,518344000,13.141899871826173,13.269115028381348,55.61806416799143,13.178537464141845,13.630229517214003,12.726845411069688
2021-01-12 00:00:00+00:00,13.7524995803833,13.754500389099121,13.345000267028809,13.484749794006348,291476000,13.20037488937378,13.27833002090454,52.39253434962829,13.202112436294556,13.666519857531554,12.737705015057557
2021-01-13 00:00:00+00:00,13.489999771118164,13.625,13.385000228881836,13.531749725341797,210028000,13.259224891662598,13.298285007476807,53.98584843417488,13.21326241493225,13.698682558637783,12.727842271226718
2021-01-14 00:00:00+00:00,13.574999809265137,13.599749565124512,13.180500030517578,13.200249671936035,283120000,13.264674854278564,13.310674991607666,52.945257775864064,13.205249881744384,13.685701799050587,12.724797964438181
2021-01-15 00:00:00+00:00,13.227999687194824,13.325249671936035,12.84850025177002,12.85949993133545,277780000,13.245124816894531,13.307474994659424,48.11856649070035,13.186099863052368,13.69024743602744,12.681952290077296
2021-01-19 00:00:00+00:00,13.016249656677246,13.093999862670898,12.843999862670898,13.025250434875488,226188000,13.236299896240235,13.292095012664795,51.72059619211567,13.170299863815307,13.673780533318048,12.666819194312566
2021-01-20 00:00:00+00:00,13.111749649047852,13.430500030517578,13.056750297546387,13.365750312805176,258572000,13.232399940490723,13.276210021972656,55.36576810866799,13.174987363815308,13.684168165172176,12.66580656245844
2021-01-21 00:00:00+00:00,13.418499946594238,13.999250411987305,13.253000259399414,13.867500305175781,337780000,13.357699966430664,13.262320022583008,58.518740305671045,13.201749897003173,13.795050611840653,12.608449182165694
2021-01-22 00:00:00+00:00,13.739999771118164,13.841750144958496,13.627249717712402,13.712499618530273,246820000,13.394549942016601,13.263955020904541,57.64445041715066,13.223462390899659,13.858842370161488,12.58808241163783
2021-01-25 00:00:00+00:00,13.781749725341797,13.828499794006348,13.236499786376953,13.653249740600586,251112000,13.432199954986572,13.28162000656128,56.27433794903051,13.255662393569946,13.91031456169029,12.6010102254496
2021-01-26 00:00:00+00:00,13.580499649047852,13.644749641418457,13.387499809265137,13.435250282287598,163980000,13.413574981689454,13.281965007781983,50.36069545132607,13.277737426757813,13.924935811222866,12.63053904229276
2021-01-27 00:00:00+00:00,13.229999542236328,13.232749938964844,12.793749809265137,12.917750358581543,371272000,13.356875038146972,13.27118501663208,53.833515657230436,13.278624963760375,13.923687407103868,12.633562520416882
2021-01-28 00:00:00+00:00,12.99625015258789,13.339750289916992,12.96049976348877,13.050999641418457,228316000,13.30880002975464,13.26626501083374,45.63857988562155,13.284012460708619,13.919002325379601,12.649022596037636
2021-01-29 00:00:00+00:00,13.074999809265137,13.334750175476074,12.911499977111816,12.989749908447266,271552000,13.287750053405762,13.255755004882813,45.72025455967576,13.276212453842163,13.922092475494187,12.630332432190139
2021-02-01 00:00:00+00:00,13.053250312805176,13.270750045776367,12.902750015258789,13.237000465393066,217204000,13.325500106811523,13.252050018310547,44.094615745836045,13.285312461853028,13.923147834716154,12.647477088989902
2021-02-02 00:00:00+00:00,13.398750305175781,13.571999549865723,13.285499572753906,13.556750297546387,220440000,13.378650093078614,13.254610023498536,51.04697564406655,13.307474994659424,13.950951836729237,12.663998152589611
2021-02-03 00:00:00+00:00,13.63599967956543,13.931750297546387,13.516500473022461,13.530500411987305,245408000,13.395125102996825,13.256415023803712,49.98172315745709,13.313762521743774,13.963666789226343,12.663858254261205
2021-02-04 00:00:00+00:00,13.531000137329102,13.673500061035156,13.337750434875488,13.664250373840332,201340000,13.374800109863282,13.267945022583008,57.20498137965309,13.366250038146973,13.943914816524424,12.78858525976952
2021-02-05 00:00:00+00:00,13.725000381469727,13.737250328063965,13.54574966430664,13.590999603271484,169152000,13.362650108337402,13.276965007781982,62.38779994709167,13.378600025177002,13.964760715372012,12.792439334981992
2021-02-08 00:00:00+00:00,13.727250099182129,14.473750114440918,13.727250099182129,14.438750267028809,434624000,13.441200160980225,13.306585006713867,69.44558586216397,13.436700057983398,14.187567407279506,12.68583270868729
2021-02-09 00:00:00+00:00,14.340749740600586,14.583250045776367,14.22249984741211,14.263250350952148,287560000,13.52400016784668,13.327155017852784,62.934138896409735,13.468787574768067,14.303116883105282,12.634458266430851
2021-02-10 00:00:00+00:00,14.463250160217285,14.904999732971191,14.341500282287598,14.764249801635742,485352000,13.7086501121521,13.357215023040771,62.926118867891326,13.532762575149537,14.54870001628057,12.516825134018504
2021-02-11 00:00:00+00:00,14.980250358581543,15.272250175476074,14.925000190734863,15.250749588012695,450828000,13.928625106811523,13.394200019836425,70.23880447193747,13.618712568283081,14.892442484667898,12.344982651898265
2021-02-12 00:00:00+00:00,15.050000190734863,15.291250228881836,14.774999618530273,14.961250305175781,374756000,14.125775146484376,13.425625019073486,66.2262876796732,13.706762599945069,15.096846485512536,12.316678714377602
2021-02-16 00:00:00+00:00,15.064249992370605,15.3725004196167,14.949999809265137,15.330249786376953,321960000,14.335100078582764,13.461340007781983,72.65933482475901,13.830300092697144,15.337560354854434,12.323039830539853
2021-02-17 00:00:00+00:00,15.170999526977539,15.22350025177002,14.779999732971191,14.906000137329102,274756000,14.470025062561035,13.49154001235962,74.31664683464903,13.924337577819824,15.454619545454417,12.39405561018523
2021-02-18 00:00:00+00:00,14.729000091552734,14.873250007629395,14.574999809265137,14.829000473022461,233868000,14.59987506866455,13.516955013275146,72.04862889165835,13.997500085830689,15.555009159689337,12.43999101197204
2021-02-19 00:00:00+00:00,15.024499893188477,15.177000045776367,14.846750259399414,14.92650032043457,271724000,14.726100063323974,13.5433500289917,73.80324473237334,14.050450086593628,15.660470118393162,12.440430054794094
2021-02-22 00:00:00+00:00,14.774749755859375,15.13325023651123,14.324999809265137,14.35575008392334,325884000,14.80257511138916,13.563465023040772,62.73695017808586,14.082612609863281,15.689904572318586,12.475320647407976
2021-02-23 00:00:00+00:00,14.075249671936035,14.238750457763672,13.38949966430664,14.142000198364258,391780000,14.772900104522705,13.587690029144287,56.82786102952581,14.107050132751464,15.701667457668208,12.51243280783472
2021-02-24 00:00:00+00:00,14.122750282287598,14.506750106811523,13.755999565124512,14.49899959564209,448320000,14.796475028991699,13.618225021362305,60.48954407675341,14.16023759841919,15.731295048116573,12.589180148721807
2021-02-25 00:00:00+00:00,14.045499801635742,14.374750137329102,13.2162504196167,13.307499885559082,824436000,14.650800037384034,13.624110012054443,46.85640718804413,14.179725074768067,15.694553118146091,12.664897031390042
2021-02-26 00:00:00+00:00,13.7524995803833,13.854499816894531,13.361000061035156,13.714500427246094,500932000,14.497175121307373,13.632225017547608,51.02780355443835,14.212900114059448,15.650752694812997,12.775047533305898
2021-03-01 00:00:00+00:00,13.875,13.925000190734863,13.553250312805176,13.841750144958496,353184000,14.385225105285645,13.64185001373291,44.354605109136486,14.25550012588501,15.587345372373942,12.923654879396079
2021-03-02 00:00:00+00:00,13.899999618530273,13.920499801635742,13.395999908447266,13.40625,264116000,14.19282512664795,13.645125007629394,42.27579228505828,14.263962602615356,15.570469219149233,12.957455986081479
2021-03-03 00:00:00+00:00,13.426250457763672,13.451499938964844,12.798749923706055,12.804750442504883,377592000,13.982700157165528,13.634395008087159,32.65314771795134,14.226362609863282,15.656042994104276,12.796682225622288
2021-03-04 00:00:00+00:00,12.800749778747559,12.975000381469727,12.083749771118164,12.37024974822998,573344000,13.736825084686279,13.616359996795655,24.262857694046644,14.168350076675415,15.797205353222777,12.539494800128052
2021-03-05 00:00:00+00:00,12.550000190734863,12.550000190734863,11.67924976348877,12.46150016784668,542840000,13.49032506942749,13.598945007324218,26.844512760713428,14.108212566375732,15.896445736128332,12.319979396623133
2021-03-08 00:00:00+00:00,12.449999809265137,12.4712495803833,11.566499710083008,11.593250274658203,543112000,13.214075088500977,13.56524501800537,18.314397847674726,14.008325099945068,16.113327704780342,11.903322495109792
2021-03-09 00:00:00+00:00,12.130249977111816,12.61674976348877,12.059249877929688,12.52025032043457,521824000,13.051900100708007,13.555465030670167,31.360600742941344,13.912400102615356,16.107729568977874,11.717070636252839
2021-03-10 00:00:00+00:00,12.840499877929688,12.979999542236328,12.457500457763672,12.468250274658203,384376000,12.848825168609618,13.544955043792724,31.483586434704037,13.82265009880066,16.102717550622103,11.542582646979216
2021-03-11 00:00:00+00:00,12.949999809265137,13.046250343322754,12.73449993133545,12.993499755859375,299916000,12.817425155639649,13.546825046539306,35.791983611802024,13.73411259651184,15.997689808879052,11.470535384144629
2021-03-12 00:00:00+00:00,12.648249626159668,12.888750076293945,12.59000015258789,12.855999946594238,243964000,12.731575107574463,13.545080051422119,38.2266334982471,13.614375114440918,15.791873258852792,11.436876970029044
2021-03-15 00:00:00+00:00,12.864749908447266,13.20674991607666,12.767250061035156,13.19124984741211,221988000,12.666525077819824,13.545990047454834,42.676112584638,13.525875091552734,15.61496622778316,11.436783955322309
2021-03-16 00:00:00+00:00,13.356499671936035,13.512499809265137,13.11674976348877,13.291250228881836,272128000,12.655025100708007,13.550715045928955,40.312818927261596,13.423925113677978,15.333559317316366,11.51429091003959
2021-03-17 00:00:00+00:00,13.039750099182129,13.45324993133545,12.989500045776367,13.3412504196167,243864000,12.708675098419189,13.55527006149292,50.33139111980421,13.345687627792358,15.123309037130683,11.568066218454033
2021-03-18 00:00:00+00:00,13.136500358581543,13.184000015258789,12.717000007629395,12.72249984741211,293896000,12.743900108337403,13.541625061035155,40.64856315969655,13.24036259651184,14.893174151628964,11.587551041394716
2021-03-19 00:00:00+00:00,12.75,12.921500205993652,12.612500190734863,12.845749855041504,299208000,12.782325077056885,13.546250057220458,40.60377287873188,13.136325073242187,14.592503658385692,11.680146488098682
2021-03-22 00:00:00+00:00,12.912750244140625,13.394499778747559,12.906749725341797,13.186249732971191,297804000,12.941625022888184,13.543095054626464,47.88664524549002,13.07785005569458,14.417078026746369,11.73862208464279
2021-03-23 00:00:00+00:00,13.254249572753906,13.344499588012695,13.021249771118164,13.07075023651123,222048000,12.99667501449585,13.538975067138672,52.81839105732938,13.024287557601928,14.26648687713463,11.782088238069226
2021-03-24 00:00:00+00:00,13.151249885559082,13.159250259399414,12.636750221252441,12.642999649047852,245840000,13.014149951934815,13.519405059814453,52.89405124674342,12.931487560272217,13.970505218179696,11.892469902364738
2021-03-25 00:00:00+00:00,12.499500274658203,12.714750289916992,12.272000312805176,12.535249710083008,295144000,12.968324947357178,13.500415058135987,50.779799510089234,12.892875051498413,13.9304531720663,11.855296930930525
2021-03-26 00:00:00+00:00,12.554499626159668,12.856249809265137,12.373499870300293,12.839249610900879,363968000,12.966649913787842,13.486565055847167,64.9597702662937,12.849112510681152,13.81191586520779,11.886309156154514
2021-03-29 00:00:00+00:00,12.820249557495117,13.0625,12.699999809265137,12.948249816894531,273520000,12.942349910736084,13.481525058746337,56.39473249246237,12.804437494277954,13.648959846137442,11.959915142418465
2021-03-30 00:00:00+00:00,12.842000007629395,12.975250244140625,12.704999923706055,12.871749877929688,200204000,12.900399875640868,13.481770057678222,55.98486455902115,12.777712488174439,13.574529003959022,11.980895972389856
2021-03-31 00:00:00+00:00,13.01550006866455,13.470499992370605,12.982500076293945,13.348250389099121,314776000,12.90109987258911,13.488230056762696,55.33900959142366,12.80488748550415,13.64165652173796,11.968118449270339
2021-04-01 00:00:00+00:00,13.572250366210938,13.869999885559082,13.511249542236328,13.811750411987305,308276000,13.010024929046631,13.497150058746337,63.098746846465104,12.876962518692016,13.799981966155622,11.95394307122841
2021-04-05 00:00:00+00:00,13.867500305175781,14.013999938964844,13.732999801635742,13.987500190734863,255672000,13.124199962615966,13.499550056457519,61.411680704910935,12.953262519836425,13.978325745557257,11.928199294115593
2021-04-06 00:00:00+00:00,13.999750137329102,14.05424976348877,13.773500442504883,13.861499786376953,191744000,13.191724967956542,13.502530059814454,58.112231663466716,13.066674995422364,13.950339406880905,12.183010583963823
2021-04-07 00:00:00+00:00,13.880749702453613,14.243499755859375,13.71150016784668,14.143500328063965,251284000,13.298999977111816,13.51233507156372,60.70593882946095,13.147837495803833,14.114472908986773,12.181202082620892
2021-04-08 00:00:00+00:00,14.252750396728516,14.471500396728516,14.24899959564209,14.317000389099121,244416000,13.466400051116944,13.529970073699952,74.14811337786604,13.240275001525879,14.283804774154765,12.196745228896992
2021-04-09 00:00:00+00:00,14.21399974822998,14.407999992370605,14.175000190734863,14.399999618530273,195172000,13.65287504196167,13.559615058898926,73.82904602755413,13.310599994659423,14.467518261112545,12.153681728206301
2021-04-12 00:00:00+00:00,14.289750099182129,15.352499961853027,14.139249801635742,15.208999633789062,869324000,13.889850044250489,13.602775058746339,77.11642278160652,13.428249979019165,14.840833578199712,12.015666379838619
2021-04-13 00:00:00+00:00,15.231499671936035,15.699999809265137,15.125749588012695,15.679499626159668,676212000,14.162975025177001,13.656570053100586,81.93278252659478,13.552662467956543,15.280484375232465,11.82484056068062
2021-04-14 00:00:00+00:00,15.625,15.720499992370605,15.227499961853027,15.277000427246094,385500000,14.403500080108643,13.697370052337646,82.44243067507318,13.651949977874756,15.53753772246408,11.766362233285431
2021-04-15 00:00:00+00:00,15.662500381469727,16.214250564575195,15.631500244140625,16.137250900268555,598480000,14.682400131225586,13.74898006439209,87.42727540099109,13.79175000190735,15.971931112300666,11.611568891514032
2021-04-16 00:00:00+00:00,16.05299949645996,16.16575050354004,15.865249633789062,15.912500381469727,335208000,14.892475128173828,13.796620063781738,82.46791179468869,13.951250028610229,16.264740536193116,11.637759521027343
2021-04-19 00:00:00+00:00,15.536499977111816,15.807499885559082,15.232999801635742,15.361749649047852,404420000,15.029900074005127,13.830570049285889,73.32108580799571,14.077050018310548,16.410964636265074,11.74313540035602
2021-04-20 00:00:00+00:00,15.323249816894531,15.496999740600586,14.963000297546387,15.171250343322754,334132000,15.160875129699708,13.862175064086914,71.74057032907484,14.176300048828125,16.519520311191997,11.833079786464253
2021-04-21 00:00:00+00:00,15.118749618530273,15.362500190734863,15.102250099182129,15.36050033569336,216776000,15.282575130462646,13.880610065460205,70.11746902429755,14.290787553787231,16.630318673987777,11.951256433586687
2021-04-22 00:00:00+00:00,15.375,15.43850040435791,14.783499717712402,14.850250244140625,277788000,15.335900115966798,13.892350063323974,60.286249634437475,14.40115008354187,16.6184444808104,12.18385568627334
2021-04-23 00:00:00+00:00,14.934249877929688,15.335000038146973,14.900250434875488,15.265250205993652,227500000,15.422425174713135,13.902370071411132,62.083312590501876,14.537650108337402,16.602152765016474,12.473147451658331
2021-04-26 00:00:00+00:00,15.1850004196167,15.479000091552734,15.125,15.477999687194824,197796000,15.44932518005371,13.906915073394776,65.04000765211009,14.6695876121521,16.610659278977494,12.728515945326704
2021-04-27 00:00:00+00:00,15.578499794006348,15.670499801635742,15.354499816894531,15.381750106811523,164572000,15.419550228118897,13.91532506942749,61.933215483855314,14.79126262664795,16.576873635456064,13.005651617839836
2021-04-28 00:00:00+00:00,15.364500045776367,15.53225040435791,15.215499877929688,15.276749610900879,209416000,15.419525146484375,13.914255065917969,59.373010364638105,14.911512613296509,16.4611746436011,13.361850582991915
2021-04-29 00:00:00+00:00,15.399999618530273,15.43649959564209,15.071499824523926,15.324749946594238,173196000,15.338275051116943,13.922630062103272,59.09337033433882,15.010337591171265,16.38212457216291,13.638550610179621
2021-04-30 00:00:00+00:00,15.174500465393066,15.364999771118164,14.996999740600586,15.009499549865723,201912000,15.247974967956543,13.926240043640137,47.82727009669479,15.070225048065186,16.320926497747756,13.819523598382617
2021-05-03 00:00:00+00:00,15.125,15.246749877929688,14.787500381469727,14.836750030517578,203912000,15.195475006103516,13.924445037841798,40.18517930276318,15.11268754005432,16.262182921767092,13.96319215834155
2021-05-04 00:00:00+00:00,14.637249946594238,14.637499809265137,14.010250091552734,14.351249694824219,405324000,15.113474941253662,13.924355030059814,39.423016575895566,15.137175035476684,16.191358411445762,14.082991659507607
2021-05-05 00:00:00+00:00,14.708999633789062,14.81350040435791,14.387499809265137,14.458499908447266,292024000,15.023274898529053,13.930685024261475,26.833636287544863,15.15292501449585,16.152602496215245,14.153247532776454
2021-05-06 00:00:00+00:00,14.49524974822998,14.571249961853027,14.218000411987305,14.52299976348877,193380000,14.990549850463868,13.931165027618409,29.93790790365439,15.163224983215333,16.13035319284251,14.196096773588156
2021-05-07 00:00:00+00:00,14.808250427246094,14.970749855041504,14.67175006866455,14.812250137329102,229328000,14.945249843597413,13.961260032653808,41.41809273473823,15.183837509155273,16.098630955666316,14.26904406264423
2021-05-10 00:00:00+00:00,14.787249565124512,14.805999755859375,14.25,14.26574993133545,268904000,14.824024868011474,13.972285022735596,37.273363339776054,15.136675024032593,16.139071012013915,14.134279036051273
2021-05-11 00:00:00+00:00,13.824999809265137,14.35474967956543,13.75,14.306249618530273,285584000,14.71647481918335,13.981575012207031,34.53611218201769,15.068012523651124,16.10149882388692,14.034526223415327
2021-05-12 00:00:00+00:00,14.009499549865723,14.260250091552734,13.709250450134277,13.758500099182129,303408000,14.564649868011475,13.988620014190674,34.16031690905746,14.992087507247925,16.173460558926603,13.810714455569249
2021-05-13 00:00:00+00:00,14.0337495803833,14.080750465393066,13.458999633789062,13.665249824523926,285404000,14.398699855804443,14.005830001831054,24.3958994907633,14.868487453460693,16.062583494560858,13.674391412360528
2021-05-14 00:00:00+00:00,13.890000343322754,14.32800006866455,13.748499870300293,14.243000030517578,258616000,14.32204990386963,14.043285007476806,32.30406500998768,14.785012435913085,15.902789401645686,13.667235470180485
2021-05-17 00:00:00+00:00,14.156999588012695,14.169249534606934,13.853500366210938,14.165499687194824,216980000,14.254924869537353,14.07736499786377,32.47857376611793,14.725199937820435,15.84105598622167,13.609343889419199
2021-05-18 00:00:00+00:00,14.267000198364258,14.404250144958496,14.003999710083008,14.01574993133545,186256000,14.221374893188477,14.125814990997315,32.06514986693867,14.66742491722107,15.805473959816831,13.529375874625307
2021-05-19 00:00:00+00:00,13.566499710083008,14.079500198364258,13.54325008392334,14.065750122070312,344000000,14.182099914550781,14.15672498703003,32.10377383812403,14.602687406539918,15.721881602432918,13.483493210646918
2021-05-20 00:00:00+00:00,14.302499771118164,14.68375015258789,14.270500183105469,14.612500190734863,321592000,14.191049957275391,14.199609985351563,44.70526405759999,14.590799903869629,15.70395681874124,13.477642988998017
2021-05-21 00:00:00+00:00,15.163749694824219,15.222000122070312,14.869500160217285,14.99174976348877,672992000,14.208999919891358,14.23957498550415,51.959293507179865,14.577124881744385,15.661749431059587,13.492500332429184
2021-05-24 00:00:00+00:00,15.212499618530273,15.744999885559082,15.175999641418457,15.612000465393066,554816000,14.34362497329712,14.294694995880127,65.41165542340426,14.583824920654298,15.693252815870721,13.474397025437874
2021-05-25 00:00:00+00:00,15.765999794006348,15.818499565124512,15.482500076293945,15.647749900817871,435408000,14.47777500152588,14.343824996948243,64.79626669894031,14.597124910354614,15.752265154830955,13.441984665878273
2021-05-26 00:00:00+00:00,15.73425006866455,15.793749809265137,15.586250305175781,15.699999809265137,370440000,14.67192497253418,14.391999988555908,64.68863065087405,14.618287420272827,15.839472689933809,13.397102150611845
2021-05-27 00:00:00+00:00,15.699749946594238,15.75,15.460000038146973,15.48799991607666,581476000,14.854199981689453,14.434934978485108,58.59896697108359,14.626449918746948,15.869504047653454,13.383395789840442
2021-05-28 00:00:00+00:00,15.50100040435791,16.27750015258789,15.50100040435791,16.24449920654297,644536000,15.054349899291992,14.505374965667725,73.90227487992236,14.688199901580811,16.119777405804513,13.25662239735711
2021-06-01 00:00:00+00:00,16.270000457763672,16.38825035095215,15.903249740600586,16.26449966430664,472804000,15.264249897003173,14.573749961853027,73.77238515502607,14.759587383270263,16.355334861358596,13.16383990518193
2021-06-02 00:00:00+00:00,16.25225067138672,16.918750762939453,16.23550033569336,16.778249740600586,594168000,15.540499877929687,14.645589962005616,86.9637004919953,14.880937385559083,16.699507624982697,13.06236714613547
2021-06-03 00:00:00+00:00,16.70075035095215,17.259000778198242,16.58300018310547,16.969749450683594,580008000,15.830899810791015,14.723569946289063,89.49916248555411,15.006499862670898,17.036721673618704,12.976278051723092
2021-06-04 00:00:00+00:00,17.112499237060547,17.660999298095703,17.095500946044922,17.578250885009766,617120000,16.127474880218507,14.822274971008301,89.57579579027701,15.159262418746948,17.475882273169283,12.842642564324613
2021-06-07 00:00:00+00:00,17.571250915527344,17.8125,17.192750930786133,17.618999481201172,575756000,16.390199851989745,14.923949966430664,91.33948461392164,15.299599885940552,17.855416890386955,12.74378288149415
2021-06-08 00:00:00+00:00,17.527250289916992,17.62150001525879,17.250999450683594,17.457000732421875,323848000,16.574699878692627,15.016304988861084,91.07241599500995,15.459162425994872,18.138686392398412,12.779638459591332
2021-06-09 00:00:00+00:00,17.515750885009766,17.575000762939453,17.25575065612793,17.35824966430664,381656000,16.745749855041502,15.104504985809326,88.84497815414693,15.611762428283692,18.361532579219897,12.861992277347486
2021-06-10 00:00:00+00:00,17.350000381469727,17.492000579833984,17.176000595092773,17.424999237060547,287772000,16.918249797821044,15.195569972991944,87.42017288462745,15.795087385177613,18.513328151865032,13.076846618490194
2021-06-11 00:00:00+00:00,17.47949981689453,17.939250946044922,17.443750381469727,17.82525062561035,416308000,17.151974868774413,15.285109977722168,87.49008534614792,16.003087425231932,18.671303092628506,13.334871757835357
2021-06-14 00:00:00+00:00,17.9060001373291,18.039499282836914,17.662750244140625,18.018749237060547,321376000,17.329399871826173,15.369249954223633,85.89753255040344,16.19187488555908,18.870020407561938,13.513729363556223
2021-06-15 00:00:00+00:00,17.915000915527344,18.016250610351562,17.72800064086914,17.78849983215332,243032000,17.48179988861084,15.445269947052003,80.17905182392744,16.373024892807006,18.96271740041792,13.783332385196095
2021-06-16 00:00:00+00:00,17.79075050354004,17.954750061035156,17.58449935913086,17.81024932861328,307124000,17.58499984741211,15.524244937896729,80.00712221929004,16.5627498626709,18.975211682384575,14.150288042957222
2021-06-17 00:00:00+00:00,17.774499893188477,18.834999084472656,17.756250381469727,18.657249450683594,809656000,17.75374984741211,15.614519920349121,88.17225026355999,16.792324829101563,19.074645654622444,14.510004003580683
2021-06-18 00:00:00+00:00,18.784000396728516,19.375,18.583999633789062,18.638750076293945,968856000,17.859799766540526,15.700954914093018,85.07291040918679,16.993637323379517,19.174405464136616,14.81286918262242
2021-06-21 00:00:00+00:00,18.43524932861328,18.536500930786133,17.822750091552734,18.427249908447266,672384000,17.940624809265138,15.781499919891358,79.99863486718527,17.16541233062744,19.219797585180256,15.111027076074624
2021-06-22 00:00:00+00:00,18.471500396728516,18.9637508392334,18.38599967956543,18.886749267578125,580144000,18.083599662780763,15.85505491256714,79.69301895316798,17.329149770736695,19.38423755826758,15.274061983205812
2021-06-23 00:00:00+00:00,19.007749557495117,19.15275001525879,18.90774917602539,19.057249069213867,332356000,18.253499603271486,15.922609901428222,79.5721958655976,17.499624729156494,19.532981821182943,15.466267637130045
2021-06-24 00:00:00+00:00,19.227750778198242,19.420000076293945,19.08824920654297,19.20549964904785,320924000,18.431549644470216,16.001179885864257,76.50893100724659,17.67489972114563,19.658835362410343,15.690964079880914
2021-06-25 00:00:00+00:00,19.280500411987305,19.345500946044922,18.894500732421875,19.0310001373291,278364000,18.55212459564209,16.05905487060547,72.041865237335,17.85204973220825,19.636475810617274,16.067623653799227
2021-06-28 00:00:00+00:00,19.361249923706055,20.078750610351562,19.319000244140625,19.985000610351562,495436000,18.74874973297119,16.140504875183105,81.63955636825445,18.03907480239868,19.896664143318233,16.181485461479127
2021-06-29 00:00:00+00:00,19.88249969482422,20.0987491607666,19.656999588012695,20.026750564575195,367632000,18.97257480621338,16.23380489349365,83.88144208810715,18.22718734741211,20.090096373108267,16.36427832171595
2021-06-30 00:00:00+00:00,19.999250411987305,20.162500381469727,19.863750457763672,20.002500534057617,326568000,19.191799926757813,16.33042989730835,83.08307582932123,18.38839988708496,20.281160040594294,16.49563973357563
2021-07-01 00:00:00+00:00,20.125,20.45599937438965,20.018999099731445,20.211999893188477,480136000,19.3472749710083,16.42745988845825,82.2120478553343,18.550512409210206,20.48656418477102,16.614460633649394
2021-07-02 00:00:00+00:00,20.440250396728516,20.505250930786133,20.287750244140625,20.48699951171875,342764000,19.53209991455078,16.540194873809813,82.5949430855319,18.695949840545655,20.75742898079117,16.63447070030014
2021-07-06 00:00:00+00:00,20.737499237060547,20.841999053955078,20.350250244140625,20.69849967956543,446708000,19.759224891662598,16.64885986328125,88.61979269501542,18.849924850463868,21.02936344908941,16.670486251838327
2021-07-07 00:00:00+00:00,20.853500366210938,20.875,20.332000732421875,20.371749877929688,418428000,19.907724952697755,16.74673486709595,81.44876126495319,18.99566230773926,21.17272941069347,16.818595204785048
2021-07-08 00:00:00+00:00,19.85650062561035,20.132999420166016,19.70075035095215,19.90275001525879,503300000,19.992275047302247,16.837154865264893,66.85615398395751,19.122887325286865,21.191762656861766,17.054011993711963
2021-07-09 00:00:00+00:00,19.962499618530273,20.080249786376953,19.754249572753906,20.050249099731445,296624000,20.076749992370605,16.932624855041503,68.4582168936264,19.25414981842041,21.198845354708713,17.309454282132105
2021-07-12 00:00:00+00:00,20.239999771118164,20.53274917602539,20.1877498626709,20.512500762939453,321984000,20.22490005493164,17.036379871368407,75.59061458372346,19.388512325286865,21.288339020619237,17.488685629954492
2021-07-13 00:00:00+00:00,20.40049934387207,20.46125030517578,20.11400032043457,20.25,290708000,20.251399993896484,17.141189880371094,67.58012117300507,19.500074863433838,21.321662262026074,17.678487464841602
2021-07-14 00:00:00+00:00,20.357749938964844,20.417749404907227,19.752750396728516,19.84149932861328,380100000,20.232874870300293,17.241284866333007,59.52858229393435,19.602724838256837,21.24029038194915,17.965159294564522
2021-07-15 00:00:00+00:00,19.811750411987305,19.847000122070312,18.85849952697754,18.966249465942383,550564000,20.12924976348877,17.33358486175537,47.52955607007273,19.66052484512329,21.10150513667083,18.21954455357575
2021-07-16 00:00:00+00:00,19.030500411987305,19.156999588012695,18.072999954223633,18.160999298095703,688224000,19.92414970397949,17.40763484954834,42.05188558420508,19.635712337493896,21.163884075664996,18.107540599322796
2021-07-19 00:00:00+00:00,17.915250778198242,19.04199981689453,17.86549949645996,18.77975082397461,749060000,19.753424835205077,17.492769870758057,38.270651625927826,19.64276237487793,21.15276128691763,18.132763462838227
2021-07-20 00:00:00+00:00,18.729999542236328,18.83799934387207,18.163999557495117,18.61199951171875,434687000,19.54477481842041,17.56876485824585,36.5613867768613,19.651999855041502,21.1326650182591,18.171334691823905
2021-07-21 00:00:00+00:00,18.881999969482422,19.527000427246094,18.742000579833984,19.40999984741211,371017000,19.448599815368652,17.671649856567385,45.093165425693066,19.678162384033204,21.119873376317916,18.236451391748492
2021-07-22 00:00:00+00:00,19.642000198364258,19.886999130249023,19.275999069213867,19.5939998626709,323826000,19.417724800109863,17.777404861450194,44.86028333558585,19.704999923706055,21.117736364639597,18.292263482772512
2021-07-23 00:00:00+00:00,19.6560001373291,19.700000762939453,19.25,19.558000564575195,195672000,19.368499946594238,17.89339487075806,41.9539388717214,19.72262496948242,21.11780921592681,18.327440723038034
2021-07-26 00:00:00+00:00,19.31100082397461,19.441999435424805,18.913999557495117,19.29400062561035,203943000,19.246649932861327,18.005969886779784,37.945257775906434,19.735774993896484,21.108285263754958,18.36326472403801
2021-07-27 00:00:00+00:00,19.264999389648438,19.621999740600586,18.740999221801758,19.20800018310547,248863000,19.142449951171876,18.105269889831543,39.5810137908894,19.69692497253418,21.083645636845205,18.310204308223156
2021-07-28 00:00:00+00:00,19.319000244140625,19.645999908447266,18.9950008392334,19.503000259399414,202191000,19.108600044250487,18.212019901275635,46.305970754309264,19.67073745727539,21.050998958663698,18.290475955887082
2021-07-29 00:00:00+00:00,19.518999099731445,19.85300064086914,19.327999114990234,19.66200065612793,190781000,19.178175163269042,18.324944915771486,46.41986278432995,19.653712463378906,21.025115217553942,18.28230970920387
2021-07-30 00:00:00+00:00,19.417999267578125,19.6299991607666,19.26300048828125,19.499000549316406,183497000,19.311975288391114,18.433609924316407,40.108342361863485,19.618062496185303,20.965213385331577,18.27091160703903
2021-08-02 00:00:00+00:00,19.700000762939453,19.961000442504883,19.361000061035156,19.75,217444000,19.409000205993653,18.53635992050171,45.10907123400127,19.581212520599365,20.86721581641581,18.29520922478292
2021-08-03 00:00:00+00:00,19.739999771118164,20.222000122070312,19.219999313354492,19.815000534057617,301811000,19.52930030822754,18.632824935913085,49.72211854755187,19.537037563323974,20.71783737858585,18.3562377480621
2021-08-04 00:00:00+00:00,19.989999771118164,20.31800079345703,19.827999114990234,20.27400016784668,231309000,19.615700340270998,18.72606492996216,65.02556132350853,19.532150077819825,20.699130928219798,18.36516922741985
2021-08-05 00:00:00+00:00,20.5,20.732999801635742,20.341999053955078,20.636999130249023,211435000,19.72000026702881,18.82584991455078,81.66643492600154,19.568862533569337,20.827529453815718,18.310195613322957
2021-08-06 00:00:00+00:00,20.52400016784668,20.56999969482422,20.209999084472656,20.365999221801758,178497000,19.800800132751466,18.919169902801514,72.26782079519842,19.58465003967285,20.8762309105233,18.293069168822402
2021-08-09 00:00:00+00:00,20.445999145507812,20.507999420166016,20.14299964904785,20.295000076293945,146443000,19.900900077819824,19.01530990600586,74.28573473143251,19.573775005340575,20.83578554209482,18.311764468586333
2021-08-10 00:00:00+00:00,20.32200050354004,20.43000030517578,19.834999084472656,19.93600082397461,179238000,19.97370014190674,19.089139938354492,58.69136599319002,19.558075046539308,20.79216818060298,18.323981912475634
2021-08-11 00:00:00+00:00,20.042999267578125,20.048999786376953,19.43000030517578,19.698999404907227,185925000,19.99330005645752,19.157829933166504,51.705092418796724,19.550950050354004,20.77978757475443,18.322112525953578
2021-08-12 00:00:00+00:00,19.8700008392334,20.02899932861328,19.6200008392334,19.905000686645508,151652000,20.017600059509277,19.2203649520874,55.34010562330194,19.59788761138916,20.804196664785877,18.391578557992446
2021-08-13 00:00:00+00:00,19.905000686645508,20.214000701904297,19.85099983215332,20.187999725341797,183063000,20.086499977111817,19.284729957580566,63.67807827017234,19.699237632751466,20.724216197252275,18.674259068250656
2021-08-16 00:00:00+00:00,20.135000228881836,20.28700065612793,19.452999114990234,19.950000762939453,210876000,20.10650005340576,19.33216495513916,60.84796750143887,19.75775012969971,20.69124519595948,18.82425506343994
2021-08-17 00:00:00+00:00,19.684999465942383,19.770000457763672,19.267000198364258,19.45800018310547,204585000,20.070800018310546,19.368944969177246,49.3779362343113,19.80005016326904,20.57878484939762,19.021315477140462
2021-08-18 00:00:00+00:00,19.5,19.634000778198242,19.0,19.040000915527344,285913000,19.947400093078613,19.400604972839357,41.97626245055087,19.781550216674805,20.614960746544853,18.94813968680476
2021-08-19 00:00:00+00:00,19.493999481201172,20.4950008392334,18.761999130249023,19.79800033569336,766555000,19.86350021362305,19.44939998626709,53.34377093029704,19.79175024032593,20.62047620482881,18.963024275823045
2021-08-20 00:00:00+00:00,19.990999221801758,20.864999771118164,19.933000564575195,20.81599998474121,675741000,19.908500289916994,19.517220001220704,60.17564513245302,19.854650211334228,20.792459241508183,18.916841181160272
2021-08-23 00:00:00+00:00,20.97100067138672,21.996999740600586,20.950000762939453,21.95800018310547,575807000,20.074800300598145,19.599874992370605,66.96754364478052,19.987850189208984,21.280132210308505,18.695568168109464
2021-08-24 00:00:00+00:00,21.753000259399414,21.958999633789062,21.53499984741211,21.792999267578125,297299000,20.260500144958495,19.675359992980958,62.614180402105085,20.117100143432616,21.585988162134054,18.648212124731177
2021-08-25 00:00:00+00:00,21.73699951171875,22.469999313354492,21.722000122070312,22.21299934387207,347701000,20.51190013885498,19.763849983215334,62.96479469482103,20.25260009765625,21.963076922126884,18.542123273185613
2021-08-26 00:00:00+00:00,22.200000762939453,22.34000015258789,21.790000915527344,22.06800079345703,237940000,20.728200149536132,19.849005012512208,64.29773364468761,20.372900104522706,22.239766448591624,18.50603376045379
2021-08-27 00:00:00+00:00,22.18400001525879,22.722000122070312,22.16699981689453,22.63599967956543,304722000,20.973000144958498,19.928580017089843,68.15010475781484,20.529750061035156,22.603167444727642,18.45633267734267
2021-08-30 00:00:00+00:00,22.829999923706055,23.042999267578125,22.551000595092773,22.687999725341797,262580000,21.246800041198732,20.0095650100708,72.40312330754591,20.676650047302246,22.926280316794795,18.427019777809697
2021-08-31 00:00:00+00:00,22.69499969482422,22.69499969482422,22.1200008392334,22.385000228881836,259850000,21.539500045776368,20.088720016479492,71.63339558028228,20.805150032043457,23.139549456549613,18.4707506075373
2021-09-01 00:00:00+00:00,22.485000610351562,22.69700050354004,22.35700035095215,22.44099998474121,201767000,21.879599952697752,20.159805030822753,70.93101235653155,20.913500022888183,23.343307841867574,18.48369220390879
2021-09-02 00:00:00+00:00,22.51799964904785,22.593000411987305,22.295000076293945,22.395999908447266,187834000,22.139399909973143,20.22658004760742,68.96908716589422,21.001450061798096,23.51501275276467,18.487887370831523
2021-09-03 00:00:00+00:00,22.325000762939453,22.986000061035156,22.200000762939453,22.843000411987305,280532000,22.342099952697755,20.29933006286621,73.99237756218025,21.125300121307372,23.748725797951586,18.50187444466316
2021-09-07 00:00:00+00:00,22.83300018310547,22.89900016784668,22.52199935913086,22.66200065612793,198107000,22.4125,20.37195007324219,78.01680989580294,21.24365015029907,23.922343335845195,18.564956964752948
2021-09-08 00:00:00+00:00,22.51300048828125,22.610000610351562,21.976999282836914,22.339000701904297,254434000,22.467100143432617,20.41903007507324,79.33488689210229,21.363800144195558,24.01091425365939,18.716686034731726
2021-09-09 00:00:00+00:00,22.312000274658203,22.538000106811523,22.131000518798828,22.177000045776367,196856000,22.463500213623046,20.462035064697265,73.66222807373667,21.487700176239013,24.036878392018426,18.9385219604596
2021-09-10 00:00:00+00:00,22.347999572753906,22.625999450683594,22.270000457763672,22.47800064086914,248376000,22.50450019836426,20.511545066833495,69.28075246019239,21.616350173950195,24.087732117753074,19.144968230147317
2021-09-13 00:00:00+00:00,22.68400001525879,22.964000701904297,21.857999801635742,22.152000427246094,297500000,22.456100273132325,20.55034507751465,52.7761916563584,21.71455020904541,24.101602239642666,19.327498178448153
2021-09-14 00:00:00+00:00,22.274999618530273,22.40999984741211,22.086000442504883,22.242000579833984,199755000,22.41150035858154,20.585445098876953,56.566269093018846,21.829150199890137,24.075433146990346,19.582867252789928
2021-09-15 00:00:00+00:00,22.30900001525879,22.367000579833984,21.965999603271484,22.340999603271484,166538000,22.40710029602051,20.618295097351073,52.06585467814853,21.973300170898437,23.930287207908332,20.01631313388854
2021-09-16 00:00:00+00:00,22.183000564575195,22.277000427246094,21.927000045776367,22.242000579833984,156033000,22.387200355529785,20.65570011138916,52.850588016193726,22.13340015411377,23.5210795532363,20.745720754991236
2021-09-17 00:00:00+00:00,22.299999237060547,22.320999145507812,21.829999923706055,21.899999618530273,294503000,22.337600326538087,20.69564510345459,36.97806076787988,22.238500118255615,23.100116774246978,21.376883462264253
2021-09-20 00:00:00+00:00,21.145999908447266,21.433000564575195,20.66200065612793,21.113000869750977,349440000,22.164600372314453,20.71690013885498,27.885434782958015,22.253350162506102,23.016329357392404,21.4903709676198
2021-09-21 00:00:00+00:00,21.41699981689453,21.424999237060547,20.950000762939453,21.246000289916992,204688000,22.02300033569336,20.73157012939453,33.20553924380998,22.21775016784668,23.096424637149017,21.339075698544345
2021-09-22 00:00:00+00:00,21.365999221801758,21.959999084472656,21.195999145507812,21.94099998474121,268726000,21.98320026397705,20.765390129089354,43.79652417553293,22.225150203704835,23.091164550884358,21.359135856525313
2021-09-23 00:00:00+00:00,22.139999389648438,22.53499984741211,21.889999389648438,22.48200035095215,248555000,22.01370029449463,20.818200149536132,50.950071367555765,22.238600254058838,23.112142987973225,21.36505752014445
2021-09-24 00:00:00+00:00,22.06999969482422,22.14900016784668,21.861000061035156,22.08099937438965,217655000,21.97400016784668,20.880495147705076,41.49552326497247,22.23925018310547,23.11227767119252,21.36622269501842
2021-09-27 00:00:00+00:00,21.709999084472656,21.798999786376953,21.325000762939453,21.65999984741211,245215000,21.92480010986328,20.950475158691408,39.38558310929392,22.190450191497803,23.079072156100775,21.30182822689483
2021-09-28 00:00:00+00:00,21.214000701904297,21.41900062561035,20.650999069213867,20.698999404907227,343069000,21.770499992370606,20.98886013031006,34.69576933824824,22.091000175476076,23.169975959540654,21.012024391411497
2021-09-29 00:00:00+00:00,20.940000534057617,21.017000198364258,20.466999053955078,20.517000198364258,218394000,21.588100051879884,21.02696014404297,34.56675012945006,21.997600173950197,23.2746415917498,20.720558756150595
2021-09-30 00:00:00+00:00,20.76799964904785,21.06599998474121,20.687999725341797,20.715999603271484,221009000,21.435499954223634,21.053080139160155,33.30172492952278,21.911350154876708,23.291173220035517,20.531527089717898
2021-10-01 00:00:00+00:00,20.75,20.858999252319336,20.202999114990234,20.742000579833984,240978000,21.319700050354005,21.076040153503417,35.83198919373089,21.828650188446044,23.282450137689708,20.37485023920238
2021-10-04 00:00:00+00:00,20.503999710083008,20.54199981689453,19.55500030517578,19.73200035095215,345635000,21.18159999847412,21.07952014923096,28.71437347490506,21.673100185394286,23.322495990886086,20.023704379902487
2021-10-05 00:00:00+00:00,19.950000762939453,20.648000717163086,19.854000091552734,20.451000213623047,279282000,21.102099990844728,21.102660140991212,35.497239671453585,21.562550163269044,23.229162487541153,19.895937838996936
2021-10-06 00:00:00+00:00,20.1200008392334,20.719999313354492,20.079999923706055,20.700000762939453,297202000,20.97800006866455,21.13250015258789,38.43384539317818,21.4806001663208,23.14764192226487,19.813558410376732
2021-10-07 00:00:00+00:00,21.091999053955078,21.32200050354004,20.972000122070312,21.075000762939453,256919000,20.837300109863282,21.16394016265869,43.8423725266606,21.425500202178956,23.06829640565509,19.78270399870282
2021-10-08 00:00:00+00:00,21.10099983215332,21.20599937438965,20.774999618530273,20.83099937438965,151258000,20.712300109863282,21.187320137023924,47.70954027212242,21.34315013885498,22.927896201292217,19.758404076417744
2021-10-11 00:00:00+00:00,20.575000762939453,21.062999725341797,20.51099967956543,20.69499969482422,163388000,20.61580009460449,21.211240119934082,45.52686808764448,21.270300102233886,22.832280157622563,19.70832004684521
2021-10-12 00:00:00+00:00,20.827999114990234,21.05699920654297,20.527999877929688,20.67099952697754,162134000,20.613000106811523,21.22966011047363,38.429301976092816,21.191750049591064,22.705234714005407,19.678265385176722
2021-10-13 00:00:00+00:00,20.917999267578125,20.989999771118164,20.71299934387207,20.93899917602539,180652000,20.655200004577637,21.252140083312987,35.206130724466675,21.12165002822876,22.537749073031723,19.7055509834258
2021-10-14 00:00:00+00:00,21.288000106811523,21.7549991607666,21.121999740600586,21.746000289916992,243589000,20.758200073242186,21.281580085754396,47.02011249314563,21.09685001373291,22.44613251106988,19.747567516395943
2021-10-15 00:00:00+00:00,21.809999465942383,21.930999755859375,21.66200065612793,21.86199951171875,226994000,20.870199966430665,21.306080093383787,51.89992092184179,21.094950008392335,22.439569519423767,19.750330497360903
2021-10-18 00:00:00+00:00,21.749000549316406,22.291000366210938,21.643999099731445,22.222000122070312,189494000,21.11919994354248,21.34320011138916,66.15058379405659,21.1503999710083,22.586508008135688,19.714291933880915
2021-10-19 00:00:00+00:00,22.275999069213867,22.378999710083008,22.03700065612793,22.290000915527344,161473000,21.30310001373291,21.38310012817383,69.26754305418466,21.20260000228882,22.726548055305503,19.678651949272133
2021-10-20 00:00:00+00:00,22.30500030517578,22.433000564575195,21.98200035095215,22.10300064086914,146276000,21.44340000152588,21.426440124511718,65.11222131706262,21.210700035095215,22.752787375760064,19.668612694430365
2021-10-21 00:00:00+00:00,22.097000122070312,22.711000442504883,22.08300018310547,22.691999435424805,187590000,21.605099868774413,21.48630012512207,68.9246697589493,21.221199989318848,22.802105587830706,19.64029439080699
2021-10-22 00:00:00+00:00,22.822999954223633,23.1299991607666,22.56100082397461,22.72599983215332,249384000,21.79459991455078,21.542720108032228,85.84767345626346,21.253450012207033,22.9315355902318,19.575364434182266
2021-10-25 00:00:00+00:00,22.972999572753906,23.354999542236328,22.770000457763672,23.166000366210938,230235000,22.041699981689455,21.60228012084961,84.83446165532472,21.32875003814697,23.206880544460653,19.45061953183329
2021-10-26 00:00:00+00:00,23.98900032043457,25.259000778198242,23.923999786376953,24.716999053955078,485898000,22.446299934387206,21.69762008666992,88.63240312659818,21.529650020599366,23.915196715885934,19.1441033253128
2021-10-27 00:00:00+00:00,24.474000930786133,25.09000015258789,24.281999588012695,24.451000213623047,245990000,22.79750003814697,21.797480087280274,83.16305844280915,21.726350021362304,24.39257014888441,19.060129893840198
2021-10-28 00:00:00+00:00,24.878000259399414,24.950000762939453,24.523000717163086,24.94099998474121,234204000,23.117000007629393,21.91550006866455,88.51201029453817,21.93760004043579,24.917783765201893,18.957416315669686
2021-10-29 00:00:00+00:00,25.000999450683594,25.708999633789062,25.0,25.566999435424805,292503000,23.4875,22.030880050659178,91.81257429609616,22.178849983215333,25.51181618573149,18.845883780699175
2021-11-01 00:00:00+00:00,25.64900016784668,25.893999099731445,25.226999282836914,25.82699966430664,265740000,23.84799995422363,22.131100044250488,92.52723132633763,22.483599948883057,25.984896693625874,18.98230320414024
2021-11-02 00:00:00+00:00,25.82200050354004,26.67799949645996,25.799999237060547,26.400999069213867,294112000,24.259099769592286,22.219960021972657,92.88631833382505,22.7810998916626,26.555670055135643,19.006529728189555
2021-11-03 00:00:00+00:00,26.670000076293945,26.784000396728516,26.235000610351562,26.597999572753906,239910000,24.708599662780763,22.316060028076173,92.1326969318439,23.07599983215332,27.080562616858664,19.07143704744798
2021-11-04 00:00:00+00:00,27.229000091552734,31.364999771118164,27.118000030517578,29.801000595092773,1153631000,25.419499778747557,22.467820053100585,94.87847201631457,23.512299823760987,28.40241808822427,18.622181559297704
2021-11-05 00:00:00+00:00,30.187000274658203,31.399999618530273,29.40999984741211,29.75200080871582,851260000,26.12209987640381,22.62150005340576,94.11765889117629,23.958349895477294,29.41349236540731,18.503207425547277
2021-11-08 00:00:00+00:00,30.14900016784668,31.100000381469727,29.906999588012695,30.804000854492188,503101000,26.885899925231932,22.784860076904298,94.72579301875767,24.463799953460693,30.489309572311686,18.4382903346097
2021-11-09 00:00:00+00:00,32.28200149536133,32.310001373291016,29.964000701904297,30.656999588012695,646746000,27.479899978637697,22.944240074157715,95.1255543899311,24.96309995651245,31.31160191109648,18.61459800192842
2021-11-10 00:00:00+00:00,29.356000900268555,30.850000381469727,28.777999877929688,29.458999633789062,636206000,27.980699920654295,23.08572006225586,83.54317572132553,25.389099979400633,31.744068570097813,19.034131388703454
2021-11-11 00:00:00+00:00,30.468000411987305,30.59000015258789,29.777000427246094,30.389999389648438,332172000,28.525599861145018,23.244700050354005,84.88710888193486,25.821299934387206,32.307440722554325,19.33515914622009
2021-11-12 00:00:00+00:00,30.010000228881836,30.68000030517578,29.6299991607666,30.389999389648438,413054000,29.007899856567384,23.40458003997803,84.25644869875538,26.24769992828369,32.759118592014396,19.736281264552986
2021-11-15 00:00:00+00:00,30.552000045776367,30.643999099731445,29.246999740600586,30.024999618530273,384909000,29.427699851989747,23.548220024108886,78.36076446404378,26.63784990310669,33.06821562539669,20.207484180816696
2021-11-16 00:00:00+00:00,29.759000778198242,30.389999389648438,29.70599937438965,30.202999114990234,264484000,29.80789985656738,23.69903999328613,81.02480376120079,27.033499813079835,33.30937403342176,20.757625592737906
2021-11-17 00:00:00+00:00,30.417999267578125,30.509000778198242,28.799999237060547,29.26099967956543,428508000,30.074199867248534,23.837479972839354,72.21764884068048,27.391399765014647,33.28834675203122,21.494452777998077
2021-11-18 00:00:00+00:00,32.367000579833984,32.7599983215332,31.320999145507812,31.674999237060547,781711000,30.261599731445312,24.027439956665038,76.53344778529652,27.840549755096436,33.59713078725069,22.08396872294218
2021-11-19 00:00:00+00:00,32.24300003051758,33.0880012512207,31.905000686645508,32.98500061035156,533867000,30.584899711608887,24.237579956054688,78.49522358041493,28.353499794006346,34.01873948222051,22.68826010579218
2021-11-22 00:00:00+00:00,33.516998291015625,34.64699935913086,31.899999618530273,31.95599937438965,754335000,30.700099563598634,24.433659934997557,71.34075657899558,28.792999744415283,34.117335477205174,23.468664011625396
2021-11-23 00:00:00+00:00,31.53499984741211,32.36000061035156,30.8799991607666,31.746000289916992,532163000,30.808999633789064,24.623739929199218,69.7574455469462,29.14444980621338,34.259787010775526,24.029112601651235
2021-11-24 00:00:00+00:00,31.461000442504883,32.85499954223633,30.92799949645996,32.67399978637695,435162000,31.130499649047852,24.83039993286133,63.35905850449893,29.555599784851076,34.397088742173466,24.714110827528685
2021-11-26 00:00:00+00:00,32.599998474121094,32.709999084472656,31.350000381469727,31.503000259399414,283069000,31.241799736022948,25.015619926452636,57.37262926603619,29.883699798583983,34.27711395355614,25.49028564361183
2021-11-29 00:00:00+00:00,32.36600112915039,33.4119987487793,32.0359992980957,33.375999450683594,454964000,31.540399742126464,25.245139923095703,60.12916969635056,30.274149799346922,34.43406246224874,26.114237136445105
2021-11-30 00:00:00+00:00,33.16899871826172,33.35300064086914,31.86400032043457,32.67599868774414,622066000,31.805499649047853,25.476399879455567,57.61944036033042,30.616599750518798,34.339768826568914,26.893430674468682
2021-12-01 00:00:00+00:00,33.21900177001953,33.28900146484375,31.3799991607666,31.434999465942383,484368000,31.928699684143066,25.680179862976075,57.433042969161995,30.868299770355225,34.0297742378962,27.706825302814252
2021-12-02 00:00:00+00:00,31.214000701904297,32.47800064086914,31.024999618530273,32.125999450683594,472890000,32.215199661254886,25.88387985229492,56.65032297209735,31.14469976425171,33.62808791748039,28.661311611023027
2021-12-03 00:00:00+00:00,32.0,32.12900161743164,30.1299991607666,30.69300079345703,544325000,32.116999816894534,26.04809986114502,51.04591463872294,31.18929977416992,33.6021164598326,28.77648308850724
2021-12-06 00:00:00+00:00,29.8799991607666,30.240999221801758,28.038000106811523,30.03700065612793,658938000,31.822199821472168,26.207219886779786,50.04060990762988,31.203549766540526,33.58377109190202,28.82332844117903
2021-12-07 00:00:00+00:00,30.957000732421875,32.44900131225586,30.650999069213867,32.426998138427734,593053000,31.869299697875977,26.4225598526001,56.54579602860889,31.284699630737304,33.7176482414163,28.851751020058305
2021-12-08 00:00:00+00:00,31.999000549316406,32.290000915527344,31.42099952697754,31.826000213623047,475551000,31.87729969024658,26.645099868774412,57.70409537594673,31.343149662017822,33.76876106968329,28.917538254352348
2021-12-09 00:00:00+00:00,31.733999252319336,32.20500183105469,30.42799949645996,30.489999771118164,488507000,31.6588996887207,26.84455986022949,46.194360964477525,31.39469966888428,33.69214681840729,29.097252519361266
2021-12-10 00:00:00+00:00,31.149999618530273,31.30500030517578,29.861000061035156,30.197999954223633,488825000,31.528399658203124,27.034199867248535,40.42333171798701,31.385099697113038,33.70174770844122,29.068451685784858
2021-12-13 00:00:00+00:00,30.249000549316406,30.29400062561035,28.115999221801758,28.160999298095703,598344000,31.006899642944337,27.18257984161377,37.80447993617569,31.2736496925354,33.97447811244374,28.572821272627056
2021-12-14 00:00:00+00:00,27.698999404907227,28.67799949645996,27.25,28.336999893188477,667035000,30.57299976348877,27.354679832458498,39.0209283834228,31.18924970626831,34.147594553379186,28.230904859157434
2021-12-15 00:00:00+00:00,28.399999618530273,30.5,27.83799934387207,30.458999633789062,698297000,30.475399780273438,27.554839820861815,43.37579721017509,31.202049732208252,34.14460029931152,28.259499165104987
2021-12-16 00:00:00+00:00,31.152000427246094,31.15999984741211,28.093000411987305,28.386999130249023,707366000,30.10149974822998,27.70857978820801,41.15776960088123,31.15834970474243,34.24472072915298,28.07197868033188
2021-12-17 00:00:00+00:00,27.985000610351562,28.922000885009766,27.760000228881836,27.801000595092773,713758000,29.812299728393555,27.843099784851074,32.933322885517114,30.964649772644044,34.38291285904972,27.54638668623837
2021-12-20 00:00:00+00:00,27.30500030517578,28.143999099731445,27.145000457763672,27.7189998626709,461847000,29.58049964904785,27.9808597946167,34.22844231036014,30.70134973526001,34.27220750172105,27.130491968798967
2021-12-21 00:00:00+00:00,28.374000549316406,29.1200008392334,27.400999069213867,29.075000762939453,524385000,29.245299911499025,28.148459815979002,42.545801380014666,30.5572998046875,34.14743914393452,26.967160465440475
2021-12-22 00:00:00+00:00,28.891000747680664,29.55500030517578,28.448999404907227,29.399999618530273,395184000,29.002699851989746,28.32303981781006,41.185978022807525,30.439999771118163,34.01989615824066,26.860103383995664
2021-12-23 00:00:00+00:00,29.7549991607666,30.05900001525879,29.430999755859375,29.639999389648438,343022000,28.917699813842773,28.49705982208252,46.31069409279091,30.288299751281738,33.72382201446212,26.85277748810135
2021-12-27 00:00:00+00:00,29.65999984741211,31.086999893188477,29.639999389648438,30.94499969482422,403686000,28.992399787902833,28.681039810180664,53.04289298326915,30.260399723052977,33.66329483901905,26.8575046070869
2021-12-28 00:00:00+00:00,31.312000274658203,31.329999923706055,30.011999130249023,30.32200050354004,420591000,29.208499908447266,28.850239830017088,41.99803102077608,30.1076997756958,33.17995386242103,27.03544568897057
2021-12-29 00:00:00+00:00,30.273000717163086,30.54800033569336,29.365999221801758,30.000999450683594,343139000,29.374899864196777,29.005819816589355,42.91151787778035,29.973949813842772,32.79833551083265,27.149564116852893
2021-12-30 00:00:00+00:00,29.82699966430664,30.457000732421875,29.540000915527344,29.586000442504883,308864000,29.287599945068358,29.151739807128905,46.21820886042619,29.8814998626709,32.624390498664525,27.138609226677275
2021-12-31 00:00:00+00:00,29.673999786376953,30.030000686645508,29.33099937438965,29.410999298095703,266530000,29.38999996185303,29.297899780273436,46.67511368747753,29.745749855041502,32.28186433170814,27.209635378374863
2022-01-03 00:00:00+00:00,29.815000534057617,30.711000442504883,29.78499984741211,30.121000289916992,391547000,29.62199993133545,29.44647979736328,59.3262311772322,29.717149829864503,32.220981981370365,27.213317678358646
2022-01-04 00:00:00+00:00,30.277000427246094,30.468000411987305,28.349000930786133,29.290000915527344,527154000,29.779100036621095,29.57775981903076,54.26857033602176,29.679799842834473,32.185827715455495,27.173771970213455
2022-01-05 00:00:00+00:00,28.948999404907227,29.416000366210938,27.533000946044922,27.604000091552734,498064000,29.631999969482422,29.666519813537597,36.69246189303841,29.438649940490723,31.752435409838423,27.124864471143024
2022-01-06 00:00:00+00:00,27.639999389648438,28.437999725341797,27.065000534057617,28.17799949645996,454186000,29.50979995727539,29.735739822387696,48.86770163768684,29.25624990463257,31.34148713435617,27.171012674908965
2022-01-07 00:00:00+00:00,28.141000747680664,28.422000885009766,27.05699920654297,27.246999740600586,409939000,29.270499992370606,29.791659812927247,47.10674337498262,29.094099903106688,31.27743935275151,26.910760453461865
2022-01-10 00:00:00+00:00,26.58099937438965,27.4689998626709,25.643999099731445,27.399999618530273,594681000,28.915999984741212,29.84083980560303,48.346292229131784,28.954199886322023,31.19746128701343,26.710938485630617
2022-01-11 00:00:00+00:00,27.322999954223633,28.065000534057617,26.839000701904297,27.816999435424805,404089000,28.665499877929687,29.885839805603027,42.77508949049951,28.936999893188478,31.210934300810013,26.663065485566943
2022-01-12 00:00:00+00:00,28.066999435424805,28.594999313354492,27.607999801635742,27.999000549316406,383413000,28.465299987792967,29.929279823303222,41.81946279289868,28.920099925994872,31.21771079587303,26.622489056116713
2022-01-13 00:00:00+00:00,28.378999710083008,28.479999542236328,26.49799919128418,26.575000762939453,540171000,28.164200019836425,29.932759857177736,34.27722320456432,28.725899982452393,31.129946134563973,26.321853830340814
2022-01-14 00:00:00+00:00,26.299999237060547,27.19700050354004,26.209999084472656,26.941999435424805,395832000,27.917300033569337,29.939639854431153,27.278917854095297,28.65364999771118,31.18411183199739,26.12318816342497
2022-01-18 00:00:00+00:00,26.260000228881836,26.63800048828125,25.770000457763672,25.902999877929688,424270000,27.495499992370604,29.86167984008789,26.048778087387376,28.558749961853028,31.352514482757307,25.76498544094875
2022-01-19 00:00:00+00:00,26.07900047302246,26.542999267578125,25.052000045776367,25.066999435424805,488315000,27.073199844360353,29.76797981262207,24.67145723201409,28.426149940490724,31.611967430825413,25.240332450156036
2022-01-20 00:00:00+00:00,25.304000854492188,25.57900047302246,24.077999114990234,24.149999618530273,435181000,26.727799797058104,29.63489978790283,23.462211891113157,28.179899883270263,31.875173664474683,24.484626102065842
2022-01-21 00:00:00+00:00,23.506999969482422,24.822999954223633,23.26300048828125,23.374000549316406,718958000,26.24739990234375,29.489239807128907,22.16176528016375,27.87859992980957,32.10019532082313,23.657004538796006
2022-01-24 00:00:00+00:00,22.329999923706055,23.3799991607666,20.88800048828125,23.371999740600586,913982000,25.85989990234375,29.367499809265137,16.70448116909293,27.56519994735718,32.151137205495544,22.979262689218814
2022-01-25 00:00:00+00:00,22.54599952697754,22.94300079345703,22.0,22.323999404907227,664616000,25.352299880981445,29.206179809570312,16.35431803898311,27.134149932861327,31.994893909645878,22.273405956076775
2022-01-26 00:00:00+00:00,23.239999771118164,24.05699920654297,22.299999237060547,22.77199935913086,755959000,24.847799873352052,29.05381980895996,23.491323382917997,26.756649875640868,31.74597094621732,21.767328805064416
2022-01-27 00:00:00+00:00,23.56800079345703,23.9950008392334,21.674999237060547,21.944000244140625,573353000,24.242299842834473,28.89219982147217,16.72715360125126,26.353799915313722,31.53744470171347,21.170155128913976
2022-01-28 00:00:00+00:00,22.011999130249023,22.857999801635742,21.29599952697754,22.84000015258789,543774000,23.868799781799318,28.74493984222412,26.39022606775677,26.01649990081787,31.192508636858108,20.84049116477763
2022-01-31 00:00:00+00:00,23.18199920654297,24.509000778198242,23.052000045776367,24.486000061035156,564680000,23.62319984436035,28.649439849853515,36.54165890730717,25.770249938964845,30.730398245239485,20.810101632690206
2022-02-01 00:00:00+00:00,25.104000091552734,25.145000457763672,23.889999389648438,24.63800048828125,518925000,23.49669990539551,28.50869987487793,34.949345359088525,25.496099948883057,30.031675909689433,20.96052398807668
2022-02-02 00:00:00+00:00,25.79400062561035,25.816999435424805,24.55299949645996,25.242000579833984,543419000,23.514200019836426,28.353839874267578,37.44878221766529,25.293699932098388,29.462909140617946,21.12449072357883
2022-02-03 00:00:00+00:00,24.45800018310547,25.07699966430664,23.780000686645508,23.947999954223633,410178000,23.494000053405763,28.193679885864256,37.89735043181162,25.110899925231934,29.17281690900074,21.048982941463127
2022-02-04 00:00:00+00:00,23.972000122070312,24.635000228881836,23.631999969482422,24.319000244140625,354829000,23.588500022888184,28.045139884948732,37.92023990745222,24.917949962615968,28.725047685305313,21.110852239926622
2022-02-07 00:00:00+00:00,24.371999740600586,25.18199920654297,24.20199966430664,24.72800064086914,376868000,23.72410011291504,27.886219902038576,44.25540676484839,24.792000007629394,28.43792945049794,21.146070564760848
2022-02-08 00:00:00+00:00,24.358999252319336,25.229999542236328,23.979999542236328,25.107999801635742,410359000,24.002500152587892,27.7583198928833,50.20980639952464,24.677400016784667,28.116382053364234,21.2384179802051
2022-02-09 00:00:00+00:00,25.621999740600586,26.725000381469727,25.35300064086914,26.704999923706055,524282000,24.39580020904541,27.62489990234375,62.22371185987202,24.621800041198732,27.87816506680383,21.365435015593633
2022-02-10 00:00:00+00:00,25.9950008392334,26.924999237060547,25.600000381469727,25.823999404907227,513200000,24.78380012512207,27.48785991668701,61.60476728669943,24.51304998397827,27.42118218049878,21.60491778745776
2022-02-11 00:00:00+00:00,25.916000366210938,26.152000427246094,23.773000717163086,23.948999404907227,605472000,24.894700050354004,27.338139915466307,52.32118281695224,24.38174991607666,27.13066641184496,21.632833420308362
2022-02-14 00:00:00+00:00,23.93400001525879,24.875,23.7549991607666,24.267000198364258,440424000,24.872800064086913,27.18095993041992,58.304131017668766,24.247999954223634,26.718630936012758,21.77736897243451
2022-02-15 00:00:00+00:00,24.948999404907227,26.545000076293945,24.784000396728516,26.4950008392334,699869000,25.05850009918213,27.09699993133545,63.81037513165288,24.277600002288818,26.844045336401468,21.711154668176167
2022-02-16 00:00:00+00:00,26.259000778198242,26.582000732421875,25.552000045776367,26.51099967956543,732676000,25.185400009155273,27.0264799118042,68.02715249767473,24.349800014495848,27.085421320615914,21.614178708375782
2022-02-17 00:00:00+00:00,25.6299991607666,25.78499984741211,24.165000915527344,24.506999969482422,810595000,25.24130001068115,26.868079948425294,56.0508153620265,24.367650032043457,27.10244080956794,21.632859254518973
2022-02-18 00:00:00+00:00,24.667999267578125,24.986000061035156,23.100000381469727,23.642000198364258,761255000,25.173600006103516,26.704399948120116,46.75234811266596,24.381050014495848,27.097908495631234,21.664191533360462
2022-02-22 00:00:00+00:00,23.03499984741211,24.06399917602539,23.0,23.389999389648438,633422000,25.039799880981445,26.56239994049072,45.23445497964465,24.381949996948244,27.097412648906317,21.66648734499017
2022-02-23 00:00:00+00:00,23.802000045776367,24.155000686645508,22.301000595092773,22.386999130249023,566511000,24.767699813842775,26.40617992401123,39.42043637608617,24.385099983215333,27.090639041881285,21.67956092454938
2022-02-24 00:00:00+00:00,21.014999389648438,23.799999237060547,20.889999389648438,23.74799919128418,735801000,24.471999740600587,26.317919921875,49.26253413464474,24.433899974823,27.050683762218387,21.81711618742761
2022-02-25 00:00:00+00:00,23.72100067138672,24.216999053955078,23.381000518798828,24.156999588012695,528866000,24.305299758911133,26.234319915771483,49.40432181756643,24.5445499420166,26.891243134034394,22.19785674999881
2022-02-28 00:00:00+00:00,23.992000579833984,24.665000915527344,23.707000732421875,24.385000228881836,477319000,24.348899841308594,26.11283992767334,48.72176951662927,24.6217999458313,26.829857788202954,22.413742103459644
2022-03-01 00:00:00+00:00,24.291000366210938,24.37700080871582,23.131999969482422,23.476999282836914,412056000,24.269899749755858,26.014639930725096,44.15202542729659,24.571349906921387,26.83780738562857,22.304892428214206
2022-03-02 00:00:00+00:00,23.756000518798828,24.409000396728516,23.415000915527344,24.219999313354492,389642000,24.042399597167968,25.94301990509033,40.50874661395075,24.55044984817505,26.822022863498123,22.278876832851974
2022-03-03 00:00:00+00:00,24.261999130249023,24.326000213623047,23.4689998626709,23.714000701904297,365095000,23.762699699401857,25.862919921875,41.70337192378946,24.474049854278565,26.750467834916947,22.197631873640184
2022-03-04 00:00:00+00:00,23.384000778198242,23.68000030517578,22.48200035095215,22.93600082397461,431415000,23.605599784851073,25.740139923095704,45.64076745041575,24.423449897766112,26.792217448403054,22.05468234712917
2022-03-07 00:00:00+00:00,22.816999435424805,23.033000946044922,21.329999923706055,21.351999282836914,450821000,23.37659969329834,25.579179916381836,38.68839568396015,24.27509984970093,27.01410766207243,21.53609203732943
2022-03-08 00:00:00+00:00,21.30900001525879,22.37299919128418,20.649999618530273,21.513999938964844,557467000,23.188999748229982,25.416659927368165,26.980312830500225,24.11439981460571,27.106928813609958,21.121870815601465
2022-03-09 00:00:00+00:00,22.386999130249023,23.219999313354492,22.246999740600586,23.013999938964844,492742000,23.25169982910156,25.258039932250977,35.7880240614531,24.009699821472168,27.00238348871194,21.017016154232397
2022-03-10 00:00:00+00:00,22.5310001373291,22.788000106811523,21.881999969482422,22.658000946044922,428066000,23.142700004577637,25.104759941101076,41.32332907886988,23.80734987258911,26.571224953559653,21.043474791618568
2022-03-11 00:00:00+00:00,23.02199935913086,23.145000457763672,22.04599952697754,22.100000381469727,367209000,22.93700008392334,24.946739959716798,42.54928820972128,23.621149921417235,26.313831404820395,20.928468438014075
2022-03-14 00:00:00+00:00,21.868999481201172,22.261999130249023,21.159000396728516,21.329999923706055,385354000,22.631500053405762,24.781619949340822,40.52089595860216,23.490199947357176,26.364366538749366,20.616033355964987
2022-03-15 00:00:00+00:00,21.51799964904785,23.038000106811523,21.32200050354004,22.972999572753906,491996000,22.581100082397462,24.652859954833986,52.54649886555383,23.42549991607666,26.284256189378496,20.566743642774824
2022-03-16 00:00:00+00:00,23.5,24.597000122070312,23.172000885009766,24.496000289916992,671422000,22.60870018005371,24.540359954833985,53.20535182138015,23.32554988861084,25.85302627785976,20.79807349936192
2022-03-17 00:00:00+00:00,24.1200008392334,24.841999053955078,23.9060001373291,24.766000747680664,471941000,22.71390018463135,24.44987995147705,52.6411700651731,23.238299942016603,25.39623304227174,21.080366841761467
2022-03-18 00:00:00+00:00,24.798999786376953,26.569000244140625,24.624000549316406,26.452999114990234,730719000,23.06560001373291,24.4268599319458,57.96119012790014,23.335599899291992,25.87599161748695,20.795208181097035
2022-03-21 00:00:00+00:00,26.506999969482422,27.152000427246094,25.966999053955078,26.733999252319336,591727000,23.60380001068115,24.397979927062988,63.17450025645283,23.490199851989747,26.450703614271518,20.529696089707976
2022-03-22 00:00:00+00:00,26.726999282836914,27.238000869750977,26.07200050354004,26.52400016784668,547007000,24.104800033569337,24.38351993560791,59.73960528781325,23.646899890899657,26.902165202449527,20.391634579349788
2022-03-23 00:00:00+00:00,26.125999450683594,26.61199951171875,25.575000762939453,25.634000778198242,502120000,24.366800117492676,24.34819995880127,57.86112059075954,23.80924997329712,27.123291621076586,20.495208325517655
2022-03-24 00:00:00+00:00,26.166000366210938,28.31999969482422,25.906999588012695,28.149999618530273,877379000,24.915999984741212,24.35485996246338,68.68816925553374,24.029349994659423,27.869254534084188,20.189445455234658
2022-03-25 00:00:00+00:00,27.88599967956543,28.357999801635742,27.270999908447266,27.691999435424805,579016000,25.475199890136718,24.348719940185546,74.71928177541709,24.20609998703003,28.381517090750492,20.030682883309566
2022-03-28 00:00:00+00:00,27.756000518798828,28.25,27.20599937438965,28.2189998626709,425494000,26.164099884033202,24.381599922180175,75.41891467227046,24.397799968719482,28.943437447225328,19.852162490213637
2022-03-29 00:00:00+00:00,28.69499969482422,28.945999145507812,27.979999542236328,28.6560001373291,488984000,26.732399940490723,24.41587993621826,73.26406622713435,24.656750011444093,29.55769917169049,19.755800851197694
2022-03-30 00:00:00+00:00,28.304000854492188,28.496000289916992,27.503000259399414,27.690000534057617,463487000,27.051799964904784,24.45161994934082,69.75502637206392,24.83025007247925,29.908573455682326,19.75192668927617
2022-03-31 00:00:00+00:00,27.781999588012695,28.24799919128418,27.270000457763672,27.285999298095703,523440000,27.30379981994629,24.49599994659424,70.6088038503524,25.008850002288817,30.1724112525376,19.845288752040034
2022-04-01 00:00:00+00:00,27.375,27.496000289916992,26.267000198364258,26.711999893188477,517235000,27.329699897766112,24.547239952087402,71.72614620339615,25.19764995574951,30.318039334762844,20.07726057673618
2022-04-04 00:00:00+00:00,26.72800064086914,27.558000564575195,26.613000869750977,27.360000610351562,397120000,27.392300033569335,24.626959953308106,69.25643703019543,25.498050022125245,30.367271669061147,20.628828375189343
2022-04-05 00:00:00+00:00,27.253999710083008,27.319000244140625,25.81999969482422,25.930999755859375,436615000,27.332999992370606,24.678139953613282,56.351241904066626,25.71890001296997,30.21354158080878,21.224258445131163
2022-04-06 00:00:00+00:00,24.93400001525879,25.299999237060547,24.003000259399414,24.406999588012695,703833000,27.21029987335205,24.71979995727539,48.569830303549764,25.788549995422365,30.147838670482823,21.429261320361906
2022-04-07 00:00:00+00:00,24.44099998474121,24.722000122070312,23.47800064086914,24.20800018310547,557992000,26.81609992980957,24.74851997375488,39.85357051604101,25.86604995727539,30.042268715442987,21.689831199107793
2022-04-08 00:00:00+00:00,23.91699981689453,23.92300033569336,23.062000274658203,23.118999481201172,524781000,26.358799934387207,24.772019958496095,34.773819885302004,25.916999912261964,29.921078195153775,21.912921629370153
2022-04-11 00:00:00+00:00,22.214000701904297,22.31999969482422,21.65999984741211,21.91699981689453,575207000,25.72859992980957,24.753559951782226,32.09204680306712,25.946349906921387,29.815179654585336,22.07752015925744
2022-04-12 00:00:00+00:00,22.53700065612793,22.725000381469727,21.281999588012695,21.503999710083008,662258000,25.01339988708496,24.693919944763184,33.327948736585725,25.87289991378784,30.024830909304452,21.72096891827123
2022-04-13 00:00:00+00:00,21.72800064086914,22.5,21.454999923706055,22.202999114990234,516943000,24.464699745178223,24.645219917297364,21.865837387959758,25.758249855041505,30.187636144696295,21.328863565386715
2022-04-14 00:00:00+00:00,22.5049991607666,22.777000427246094,21.163000106811523,21.257999420166016,569097000,23.861899757385252,24.565539894104003,20.902681587550077,25.582849788665772,30.435300950252156,20.73039862707939
2022-04-18 00:00:00+00:00,21.200000762939453,22.08799934387207,21.07900047302246,21.783000946044922,525701000,23.368999862670897,24.522239913940428,20.88837837618655,25.349349880218504,30.467657331562087,20.23104242887492
2022-04-19 00:00:00+00:00,21.719999313354492,22.37299919128418,21.31399917602539,22.197999954223633,512781000,22.852799797058104,24.47981990814209,20.730605022937624,25.12254991531372,30.38254943565728,19.86255039497016
2022-04-20 00:00:00+00:00,22.517000198364258,22.670000076293945,21.200000762939453,21.48200035095215,468974000,22.407899856567383,24.41489990234375,21.211281199616337,24.870449924468993,30.32725689990684,19.413642949031146
2022-04-21 00:00:00+00:00,21.708999633789062,22.392000198364258,20.0,20.183000564575195,656209000,21.985499954223634,24.31639991760254,19.585515519075045,24.597899913787842,30.426017379515716,18.769782448059967
2022-04-22 00:00:00+00:00,20.30299949645996,20.486000061035156,19.5,19.514999389648438,624713000,21.51619987487793,24.172599906921388,19.429108005564387,24.16614990234375,30.163225183393703,18.1690746212938
2022-04-25 00:00:00+00:00,19.20199966430664,19.94499969482422,19.09600067138672,19.902000427246094,641566000,21.194499969482422,24.054159927368165,17.6020903609147,23.776649951934814,29.821229659407113,17.732070244462516
2022-04-26 00:00:00+00:00,19.718000411987305,19.788000106811523,18.670000076293945,18.788000106811523,653143000,20.881599998474123,23.95093994140625,18.09737102823881,23.305099964141846,29.361943852505064,17.248256075778627
2022-04-27 00:00:00+00:00,18.597999572753906,19.16699981689453,18.290000915527344,18.415000915527344,499460000,20.572700119018556,23.833899955749512,20.171254981770616,22.793050003051757,28.674197094112913,16.9119029119906
2022-04-28 00:00:00+00:00,18.966999053955078,20.03700065612793,18.489999771118164,19.781999588012695,570327000,20.3306001663208,23.6996399307251,30.262216209163256,22.39764995574951,27.94651345071697,16.84878646078205
2022-04-29 00:00:00+00:00,19.402000427246094,20.128000259399414,18.517000198364258,18.547000885009766,500435000,20.059500312805177,23.540359954833985,29.873219564114166,21.960700035095215,27.25945844413374,16.661941626056688
2022-05-02 00:00:00+00:00,18.541000366210938,19.573999404907227,18.391000747680664,19.533000946044922,572049000,19.834500312805176,23.440879974365235,39.301744585744764,21.601750087738036,26.50302735303483,16.70047282244124
2022-05-03 00:00:00+00:00,19.399999618530273,19.825000762939453,19.132999420166016,19.601999282836914,475751000,19.574900245666505,23.360079956054687,41.19280866803503,21.213850021362305,25.36720476990461,17.06049527282
2022-05-04 00:00:00+00:00,19.92300033569336,20.399999618530273,18.750999450683594,20.333999633789062,648855000,19.460100173950195,23.2989599609375,41.37198818996781,20.93400001525879,24.455228986958687,17.41277104355889
2022-05-05 00:00:00+00:00,19.867000579833984,19.924999237060547,18.5,18.8439998626709,626331000,19.326200103759767,23.228099975585938,39.38994339485663,20.6558500289917,23.889050506151975,17.422649551831427
2022-05-06 00:00:00+00:00,18.736000061035156,19.511999130249023,17.989999771118164,18.674999237060547,633297000,19.242200088500976,23.126639976501465,35.89835455648766,20.379199981689453,23.260348307773004,17.498051655605902
2022-05-09 00:00:00+00:00,18.034000396728516,18.2549991607666,16.82699966430664,16.950000762939453,644455000,18.947000122070314,22.9825,28.71856915084595,20.070750045776368,23.03651623559901,17.104983855953726
2022-05-10 00:00:00+00:00,17.68899917602539,18.197999954223633,17.024999618530273,17.594999313354492,761474000,18.827700042724608,22.846699981689454,34.14633083791435,19.854650020599365,22.883167887891283,16.826132153307448
2022-05-11 00:00:00+00:00,17.347000122070312,17.753000259399414,16.56800079345703,16.6299991607666,670167000,18.649199867248534,22.709759979248048,35.10271376228141,19.610949993133545,22.857222250298634,16.364677735968456
2022-05-12 00:00:00+00:00,16.2189998626709,16.788000106811523,15.567000389099121,16.174999237060547,708728000,18.28849983215332,22.548859977722167,35.74111247076358,19.30954999923706,22.6601837733135,15.958916225160621
2022-05-13 00:00:00+00:00,16.788000106811523,17.92799949645996,16.593000411987305,17.70599937438965,670437000,18.20439968109131,22.428699951171875,41.45923225616644,19.131949996948244,22.423762200205335,15.840137793691152
2022-05-16 00:00:00+00:00,17.509000778198242,17.788000106811523,17.106000900268555,17.263999938964844,521446000,17.977499580383302,22.31525993347168,43.74589166021308,18.90599994659424,22.048617989982755,15.763381903205723
2022-05-17 00:00:00+00:00,18.073999404907227,18.371000289916992,17.634000778198242,18.177000045776367,585830000,17.834999656677248,22.25175994873047,49.06475559946677,18.704949951171876,21.450165256062277,15.959734646281476
2022-05-18 00:00:00+00:00,17.704999923706055,18.118000030517578,16.86400032043457,16.937999725341797,545161000,17.49539966583252,22.16023994445801,38.71069782851996,18.47774991989136,20.99817973606976,15.95732010371296
2022-05-19 00:00:00+00:00,16.937000274658203,17.687000274658203,16.733999252319336,17.124000549316406,621310000,17.32339973449707,22.04243995666504,43.838223362193816,18.324799919128417,20.77993735634922,15.869662481907614
2022-05-20 00:00:00+00:00,17.332000732421875,17.40999984741211,15.755000114440918,16.694000244140625,739105000,17.125299835205077,21.923159942626953,37.08488128656432,18.183749961853028,20.674854354885042,15.692645568821014
2022-05-23 00:00:00+00:00,16.27400016784668,16.915000915527344,16.179000854492188,16.898000717163086,639889000,17.120099830627442,21.81911994934082,37.848289146249726,18.033549976348876,20.449556727653466,15.617543225044287
2022-05-24 00:00:00+00:00,16.510000228881836,16.597000122070312,15.779999732971191,16.15399932861328,588550000,16.97599983215332,21.715599937438967,31.235409759706286,17.901849937438964,20.429290439699997,15.37440943517793
2022-05-25 00:00:00+00:00,16.020000457763672,17.111000061035156,16.0,16.975000381469727,781132000,17.010499954223633,21.595639953613283,41.07364998946941,17.829849910736083,20.37770079811107,15.281999023361095
2022-05-26 00:00:00+00:00,16.035999298095703,18.091999053955078,16.02199935913086,17.85099983215332,996575000,17.17810001373291,21.462739944458008,46.31353184935838,17.733299922943115,20.110292965434162,15.356306880452069
2022-05-27 00:00:00+00:00,18.18600082397461,18.881000518798828,18.100000381469727,18.81100082397461,738379000,17.288600158691406,21.343639945983888,58.93765970902636,17.746499919891356,20.145350557714163,15.347649282068549
2022-05-31 00:00:00+00:00,18.979999542236328,19.200000762939453,18.350000381469727,18.672000885009766,664100000,17.4294002532959,21.188019981384276,55.43665362044646,17.7034499168396,19.995849297952436,15.411050535726762
2022-06-01 00:00:00+00:00,18.724000930786133,19.05299949645996,18.121999740600586,18.31999969482422,544514000,17.443700218200682,21.019739990234374,59.093841619956294,17.639349937438965,19.7745274189525,15.504172455925431
2022-06-02 00:00:00+00:00,18.29199981689453,19.618999481201172,18.197999954223633,19.591999053955078,648656000,17.70910015106201,20.881099967956544,66.90077225977967,17.602249908447266,19.558580631299808,15.645919185594725
2022-06-03 00:00:00+00:00,19.082000732421875,19.332000732421875,18.52199935913086,18.719999313354492,598779000,17.86870002746582,20.742819938659668,55.36507644326681,17.596049880981447,19.536532403076027,15.655567358886866
2022-06-06 00:00:00+00:00,19.138999938964844,19.336999893188477,18.56399917602539,18.785999298095703,422406000,18.077899932861328,20.555539932250976,58.38659080437349,17.601599884033202,19.55566317233455,15.647536595731854
2022-06-07 00:00:00+00:00,18.472000122070312,19.0,18.187999725341797,18.926000595092773,388914000,18.280699920654296,20.380219955444336,54.511504513434616,17.70039987564087,19.714636202222504,15.686163549059234
2022-06-08 00:00:00+00:00,18.798999786376953,19.18000030517578,18.53499984741211,18.648000717163086,363252000,18.530100059509277,20.18879997253418,61.648498795694806,17.7530499458313,19.810275997442258,15.695823894220343
2022-06-09 00:00:00+00:00,18.481000900268555,18.933000564575195,18.041000366210938,18.04800033569336,395574000,18.63740005493164,19.976639976501463,55.958209563204186,17.823950004577636,19.814880317684025,15.833019691471248
2022-06-10 00:00:00+00:00,17.600000381469727,17.69700050354004,16.868999481201172,16.974000930786133,465248000,18.54970016479492,19.762319984436036,51.66706677510855,17.863900089263915,19.74452267874595,15.98327749978188
2022-06-13 00:00:00+00:00,16.0,16.312000274658203,15.605999946594238,15.647000312805176,604153000,18.233300113677977,19.529540004730226,43.43031304561919,17.760950136184693,19.887338693817846,15.634561578551539
2022-06-14 00:00:00+00:00,15.730999946594238,16.06599998474121,15.411999702453613,15.836000442504883,469680000,17.94970006942749,19.312020015716552,48.22664083826302,17.689550161361694,19.97606772087139,15.403032601851997
2022-06-15 00:00:00+00:00,16.094999313354492,16.868000030517578,15.925999641418457,16.527000427246094,563936000,17.77040014266968,19.095360012054442,47.46491718491304,17.60705018043518,19.938147128888204,15.27595323198216
2022-06-16 00:00:00+00:00,15.859999656677246,15.942000389099121,15.401000022888184,15.60099983215332,545749000,17.371300220489502,18.888760013580324,37.33964035996201,17.540200185775756,20.023779636671282,15.05662073488023
2022-06-17 00:00:00+00:00,15.64799976348877,15.994999885559082,15.32800006866455,15.880000114440918,630334000,17.087300300598145,18.718220024108888,32.138941409082676,17.478000164031982,20.065600475139096,14.890399852924869
2022-06-21 00:00:00+00:00,16.475000381469727,17.007999420166016,16.406999588012695,16.56599998474121,483089000,16.865300369262695,18.565380020141603,37.968462941613616,17.471600151062013,20.067983354350535,14.87521694777349
2022-06-22 00:00:00+00:00,16.22599983215332,16.66200065612793,16.18000030517578,16.360000610351562,437135000,16.608700370788576,18.43020004272461,38.61260237370244,17.444700145721434,20.077005210413084,14.812395081029784
2022-06-23 00:00:00+00:00,16.518999099731445,16.584999084472656,15.852999687194824,16.225000381469727,463680000,16.36640033721924,18.316360054016112,27.460182925645853,17.448250198364256,20.073407803167317,14.823092593561196
2022-06-24 00:00:00+00:00,16.5,17.139999389648438,16.309999465942383,17.125999450683594,472153000,16.274200248718262,18.228800048828123,39.37050127292227,17.455800151824953,20.076090985703303,14.835509317946602
2022-06-27 00:00:00+00:00,17.312000274658203,17.329999923706055,16.625999450683594,16.868999481201172,427968000,16.263700103759767,18.122120056152344,37.534142627189425,17.406700134277344,20.032606504607088,14.7807937639476
2022-06-28 00:00:00+00:00,16.899999618530273,17.20199966430664,15.944999694824219,15.982000350952148,461149000,16.29720010757446,18.016600074768068,32.550968336787705,17.26525011062622,19.877392692531437,14.653107528721003
2022-06-29 00:00:00+00:00,15.814000129699707,15.819999694824219,15.170000076293945,15.541999816894531,482352000,16.267800045013427,17.89178005218506,31.937653788032733,17.10875005722046,19.740996271238526,14.47650384320239
2022-06-30 00:00:00+00:00,15.361000061035156,15.567000389099121,14.862000465393066,15.159000396728516,686070000,16.13100004196167,17.751000061035157,32.76458407344283,16.950700092315675,19.65532470287185,14.246075481759497
2022-07-01 00:00:00+00:00,14.89900016784668,15.062999725341797,14.392000198364258,14.52299976348877,577610000,16.023200035095215,17.61182004928589,34.571313000527454,16.69725012779236,19.308108177537516,14.086392078047199
2022-07-05 00:00:00+00:00,14.175000190734863,14.970999717712402,14.055000305175781,14.96399974822998,651397000,15.931599998474121,17.507440032958986,45.16082867104517,16.509450149536132,19.04700055617121,13.971899742901055
2022-07-06 00:00:00+00:00,15.010000228881836,15.319000244140625,14.788999557495117,15.130000114440918,529066000,15.788000011444092,17.419740047454834,44.98151561014756,16.326650190353394,18.694767794407117,13.958532586299672
2022-07-07 00:00:00+00:00,15.456000328063965,15.944999694824219,15.388999938964844,15.857999801635742,492903000,15.73779993057251,17.338860034942627,45.26940527184644,16.17325015068054,18.206152607930026,14.140347693431057
2022-07-08 00:00:00+00:00,15.430000305175781,16.03700065612793,15.388999938964844,15.838000297546387,467972000,15.699099922180176,17.279860038757324,51.922145500272336,16.032750129699707,17.701249984317982,14.364250275081432
2022-07-11 00:00:00+00:00,15.526000022888184,15.527000427246094,15.038000106811523,15.152000427246094,437321000,15.501700019836425,17.2146000289917,44.46135157988281,15.887950134277343,17.303549821612346,14.47235044694234
2022-07-12 00:00:00+00:00,15.267999649047852,15.430999755859375,14.876999855041504,15.081999778747559,458483000,15.323000049591064,17.120600032806397,37.54196944686715,15.793350076675415,17.155213968184672,14.431486185166158
2022-07-13 00:00:00+00:00,14.59000015258789,15.375,14.46500015258789,15.163999557495117,521918000,15.241199970245361,17.052940006256105,39.74621661689529,15.769200038909911,17.15883818312782,14.379561894692001
2022-07-14 00:00:00+00:00,15.107999801635742,15.472999572753906,14.727999687194824,15.371999740600586,456235000,15.224199962615966,16.969719982147218,42.77730044703998,15.746000003814697,17.146393803080034,14.34560620454936
2022-07-15 00:00:00+00:00,15.659000396728516,15.781999588012695,15.444999694824219,15.76200008392334,385935000,15.28449993133545,16.892919998168946,37.356327834117955,15.70774998664856,17.059261524987303,14.356238448309817
2022-07-18 00:00:00+00:00,16.302000045776367,16.89699935913086,16.00200080871582,16.10099983215332,670517000,15.442299938201904,16.80826000213623,42.98758516628869,15.73274998664856,17.09440696310295,14.37109301019417
2022-07-19 00:00:00+00:00,16.486000061035156,17.110000610351562,16.172000885009766,16.992000579833984,702366000,15.645100021362305,16.771220016479493,59.21532811782678,15.788350009918213,17.26156513922619,14.315134880610238
2022-07-20 00:00:00+00:00,16.94700050354004,17.933000564575195,16.801000595092773,17.80699920654297,760538000,15.91279993057251,16.75386001586914,69.3424386569919,15.8503999710083,17.54884660026569,14.15195334175091
2022-07-21 00:00:00+00:00,17.885000228881836,18.143999099731445,17.545000076293945,18.049999237060547,557049000,16.13199987411499,16.775859985351563,75.29307754281439,15.93489990234375,17.889013720919408,13.980786083768091
2022-07-22 00:00:00+00:00,17.89299964904785,17.966999053955078,17.136999130249023,17.319000244140625,536671000,16.280099868774414,16.770340003967284,74.06197243207531,15.989599895477294,18.03692922434256,13.942270566612027
2022-07-25 00:00:00+00:00,17.018999099731445,17.124000549316406,16.64900016784668,17.02400016784668,480748000,16.46729984283447,16.778220024108887,68.18503643545279,15.98449993133545,18.02038625536041,13.948613607310488
2022-07-26 00:00:00+00:00,16.888999938964844,16.91900062561035,16.47800064086914,16.533000946044922,397865000,16.612399959564208,16.785380058288574,61.7131526696443,15.967700004577637,17.978242036720616,13.95715797243466
2022-07-27 00:00:00+00:00,17.031999588012695,17.93600082397461,16.913000106811523,17.790000915527344,569776000,16.875000095367433,16.78706008911133,64.82051076461354,16.058100032806397,18.227648096702175,13.888551968910617
2022-07-28 00:00:00+00:00,17.975000381469727,18.139999389648438,17.440000534057617,17.983999252319336,474646000,17.136200046539308,16.80146007537842,66.03407093020489,16.180200004577635,18.497299807807465,13.863100201347804
2022-07-29 00:00:00+00:00,17.812999725341797,18.243999481201172,17.691999435424805,18.163000106811523,435460000,17.376300048828124,16.80118007659912,74.34115495633296,16.330399990081787,18.755703726222038,13.905096253941537
2022-08-01 00:00:00+00:00,18.18199920654297,18.84600067138672,17.989999771118164,18.44099998474121,476469000,17.610300064086914,16.831240081787108,76.27093613034182,16.52630000114441,18.969781855997248,14.082818146291574
2022-08-02 00:00:00+00:00,18.121999740600586,18.937999725341797,18.091999053955078,18.525999069213867,489527000,17.7636999130249,16.85928005218506,76.28206351629895,16.704399967193602,19.18735191601214,14.221448018375064
2022-08-03 00:00:00+00:00,18.18400001525879,18.968000411987305,18.136999130249023,18.89299964904785,418146000,17.87229995727539,16.903260040283204,76.85737447427857,16.89254994392395,19.442563966666228,14.342535921181671
2022-08-04 00:00:00+00:00,18.849000930786133,19.27400016784668,18.760000228881836,19.21500015258789,409652000,17.988800048828125,16.9496000289917,76.61478226826415,17.060399961471557,19.761168784130287,14.359631138812828
2022-08-05 00:00:00+00:00,18.809999465942383,19.229000091552734,18.666000366210938,18.98900032043457,386068000,18.15580005645752,17.006300048828123,72.65454948067065,17.217949962615968,19.98527896015252,14.450620965079418
2022-08-08 00:00:00+00:00,17.50200080871582,18.23900032043457,17.242000579833984,17.792999267578125,981859000,18.232699966430665,17.022660026550295,55.99639948162587,17.34999990463257,19.94918244554169,14.750817363723446
2022-08-09 00:00:00+00:00,17.25200080871582,17.44700050354004,16.724000930786133,17.086000442504883,668263000,18.28799991607666,17.007360038757323,44.51377973611758,17.450199937820436,19.826170970187032,15.074228905453841
2022-08-10 00:00:00+00:00,17.697999954223633,18.118000030517578,17.316999435424805,18.097000122070312,597422000,18.318699836730957,16.993080024719237,50.32021327800054,17.596849966049195,19.728140448872406,15.465559483225984
2022-08-11 00:00:00+00:00,18.131000518798828,18.707000732421875,17.875999450683594,17.941999435424805,509327000,18.314499855041504,16.97847999572754,54.605939095127454,17.725349950790406,19.58434348376421,15.8663564178166
2022-08-12 00:00:00+00:00,18.15999984741211,18.718000411987305,17.952999114990234,18.708999633789062,478094000,18.369099807739257,16.986259994506835,61.644780704957235,17.87269992828369,19.533004543395887,16.212395313171495
2022-08-15 00:00:00+00:00,18.701000213623047,19.163999557495117,18.613000869750977,19.031999588012695,457666000,18.428199768066406,16.975060005187988,67.6807615792427,18.01924991607666,19.53196241271452,16.5065374194388
2022-08-16 00:00:00+00:00,18.920000076293945,19.142000198364258,18.500999450683594,18.878999710083008,451240000,18.46349983215332,16.97824001312256,59.13130064046363,18.113599872589113,19.591529501043844,16.63567024413438
2022-08-17 00:00:00+00:00,18.523000717163086,18.687999725341797,18.145000457763672,18.334999084472656,446799000,18.4076997756958,16.969220008850098,52.779975775198196,18.139999866485596,19.613726641541458,16.666273091429733
2022-08-18 00:00:00+00:00,18.301000595092773,18.864999771118164,18.183000564575195,18.773000717163086,415447000,18.36349983215332,16.966160011291503,54.640903732330486,18.176149940490724,19.67582280252667,16.676477078454777
2022-08-19 00:00:00+00:00,18.4060001373291,18.520000457763672,17.770000457763672,17.849000930786133,441588000,18.249499893188478,16.950180015563966,45.89914890738396,18.202649974822997,19.656582184099044,16.74871776554695
2022-08-22 00:00:00+00:00,17.489999771118164,17.558000564575195,16.965999603271484,17.034000396728516,409593000,18.173600006103516,16.929900016784668,40.61400374318191,18.20314998626709,19.655381379836474,16.750918592697705
2022-08-23 00:00:00+00:00,16.98900032043457,17.46500015258789,16.969999313354492,17.180999755859375,369986000,18.183099937438964,16.934039993286135,38.923399788582515,18.235549926757812,19.553605452408483,16.91749440110714
2022-08-24 00:00:00+00:00,17.011999130249023,17.4060001373291,16.895000457763672,17.222000122070312,522661000,18.095599937438966,16.965539989471434,36.618776787264736,18.20714988708496,19.588581051259272,16.825718722910647
2022-08-25 00:00:00+00:00,16.8439998626709,17.94700050354004,16.83300018310547,17.913000106811523,770691000,18.092700004577637,17.007079982757567,43.200203077599554,18.20359992980957,19.58780771273109,16.81939214688805
2022-08-26 00:00:00+00:00,17.85700035095215,17.923999786376953,16.23699951171875,16.260000228881836,769127000,17.847800064086915,17.001739978790283,40.84120692826214,18.108449935913086,19.743333428299998,16.473566443526174
2022-08-29 00:00:00+00:00,16.020000457763672,16.33799934387207,15.767000198364258,15.800999641418457,496132000,17.52470006942749,17.005739974975587,42.08841089454757,17.976449918746948,19.8992366242689,16.053663213224993
2022-08-30 00:00:00+00:00,15.960000038146973,16.038999557495117,15.182000160217285,15.468000411987305,530181000,17.18360013961792,16.997499980926513,32.33911892979407,17.82354998588562,20.02804363896553,15.619056332805709
2022-08-31 00:00:00+00:00,15.383999824523926,15.539999961853027,14.958999633789062,15.093999862670898,573710000,16.859500217437745,16.96805997848511,31.41478321653254,17.633599996566772,20.090346436795553,15.176853556337992
2022-09-01 00:00:00+00:00,14.208999633789062,14.380000114440918,13.270000457763672,13.937000274658203,1178865000,16.375900173187254,16.91959997177124,20.367621698856922,17.36970000267029,20.2144652230252,14.524934782315379
2022-09-02 00:00:00+00:00,14.100000381469727,14.170999526977539,13.590999603271484,13.647000312805176,743157000,15.95570011138916,16.86803997039795,16.42350693040035,17.102600002288817,20.289738126645396,13.915461877932238
2022-09-06 00:00:00+00:00,13.730999946594238,13.779000282287598,13.35099983215332,13.46500015258789,535751000,15.598800086975098,16.794819984436035,16.364326239000093,16.886200046539308,20.44232707839406,13.330073014684555
2022-09-07 00:00:00+00:00,13.562999725341797,13.838000297546387,13.345999717712402,13.71399974822998,512657000,15.252100086212158,16.73171998977661,20.1986417308282,16.71760001182556,20.54336041280331,12.89183961084781
2022-09-08 00:00:00+00:00,13.458999633789062,14.008000373840332,13.369000434875488,13.989999771118164,624873000,14.928900051116944,16.69187997817993,18.495579001324174,16.512249994277955,20.465044831827512,12.559455156728397
2022-09-09 00:00:00+00:00,14.156999588012695,14.473999977111816,14.12600040435791,14.38700008392334,486612000,14.576300048828125,16.66877998352051,25.49546444437874,16.33450002670288,20.33601003325097,12.332990020154789
2022-09-12 00:00:00+00:00,14.369000434875488,14.54699993133545,14.197999954223633,14.505000114440918,484159000,14.400800037384034,16.655699977874757,30.139779874519988,16.124300050735474,20.041402417654343,12.207197683816606
2022-09-13 00:00:00+00:00,13.802000045776367,13.92199993133545,13.098999977111816,13.130999565124512,714956000,14.133800029754639,16.62785997390747,23.334212830095424,15.829250049591064,19.7129968341427,11.945503265039427
2022-09-14 00:00:00+00:00,13.253999710083008,13.289999961853027,12.913000106811523,13.128000259399414,588507000,13.899800014495849,16.59113998413086,22.90894656596457,15.541700077056884,19.325005534185156,11.758394619928612
2022-09-15 00:00:00+00:00,13.015000343322754,13.232999801635742,12.789999961853027,12.928999900817871,523625000,13.683300018310547,16.547119979858397,14.722535996007096,15.271400117874146,18.986266195267696,11.556534040480596
2022-09-16 00:00:00+00:00,12.741999626159668,13.211999893188477,12.616999626159668,13.197999954223633,670751000,13.60939998626709,16.493919982910157,23.045773678321652,14.992650079727174,18.42729837024669,11.558001789207658
2022-09-19 00:00:00+00:00,13.01200008392334,13.463000297546387,13.010000228881836,13.381999969482422,569685000,13.582899951934815,16.444799976348875,27.6225736221611,14.769300031661988,17.996571680131535,11.542028383192442
2022-09-20 00:00:00+00:00,13.21500015258789,13.482999801635742,13.057000160217285,13.175999641418457,524818000,13.553999900817871,16.405279960632324,28.287226132623587,14.576399993896484,17.69301491837167,11.459785069421297
2022-09-21 00:00:00+00:00,13.213000297546387,14.031000137329102,13.109999656677246,13.26099967956543,807679000,13.508699893951416,16.36885995864868,31.62958443199895,14.380399990081788,17.29374998179272,11.467049998370857
2022-09-22 00:00:00+00:00,13.069999694824219,13.14900016784668,12.428000450134277,12.560999870300293,759162000,13.365799903869629,16.316799964904785,34.81906178407361,14.147349977493286,16.8410235851136,11.453676369872971
2022-09-23 00:00:00+00:00,12.420000076293945,12.611000061035156,12.256999969482422,12.515999794006348,663309000,13.17869987487793,16.2596799659729,36.80895328086605,13.877499961853028,16.004530016413224,11.750469907292832
2022-09-26 00:00:00+00:00,12.491000175476074,12.659000396728516,12.21399974822998,12.227999687194824,547343000,12.95099983215332,16.18899995803833,35.920779698658066,13.675899934768676,15.607461194042642,11.74433867549471
2022-09-27 00:00:00+00:00,12.506999969482422,12.736000061035156,12.258000373840332,12.413000106811523,553854000,12.879199886322022,16.115239963531494,34.973444067317175,13.50649995803833,15.237143430518682,11.775856485557977
2022-09-28 00:00:00+00:00,12.40999984741211,12.822999954223633,12.354000091552734,12.736000061035156,542414000,12.839999866485595,16.030119953155516,35.671854194226086,13.369899940490722,14.863736203028383,11.876063677953061
2022-09-29 00:00:00+00:00,12.447999954223633,12.5,11.946000099182129,12.220000267028809,532763000,12.769099903106689,15.918379974365234,25.895445914264798,13.226199960708618,14.566789166215143,11.885610755202093
2022-09-30 00:00:00+00:00,12.086999893188477,12.633000373840332,12.074999809265137,12.138999938964844,565638000,12.66319990158081,15.80015998840332,23.463441317276747,13.13629994392395,14.516744477645195,11.755855410202704
2022-10-03 00:00:00+00:00,12.347000122070312,12.678000450134277,12.104999542236328,12.51200008392334,547478000,12.576199913024903,15.704019985198975,41.04716010911113,13.079549932479859,14.464905896477818,11.6941939684819
2022-10-04 00:00:00+00:00,12.878999710083008,13.220000267028809,12.878999710083008,13.166999816894531,584182000,12.575299930572509,15.626879978179932,50.47456250290118,13.06464991569519,14.438916292101663,11.690383539288717
2022-10-05 00:00:00+00:00,12.91100025177002,13.321000099182129,12.621000289916992,13.208999633789062,507131000,12.570099925994873,15.560399951934814,53.542506189108856,13.039399909973145,14.381614790298952,11.697185029647338
2022-10-06 00:00:00+00:00,13.220000267028809,13.656000137329102,13.102999687194824,13.130000114440918,644157000,12.626999950408935,15.467199935913087,49.096227561592734,12.996399927139283,14.263382007282114,11.729417846996451
2022-10-07 00:00:00+00:00,12.505000114440918,12.670000076293945,12.022000312805176,12.076000213623047,672478000,12.582999992370606,15.34903995513916,35.90242050449207,12.880849933624267,14.029875871284974,11.73182399596356
2022-10-10 00:00:00+00:00,12.036999702453613,12.12399959564209,11.407999992370605,11.670000076293945,698699000,12.527200031280518,15.219179954528808,34.41639451487244,12.739099931716918,13.733576274434295,11.744623588999541
2022-10-11 00:00:00+00:00,11.560999870300293,11.845999717712402,11.282999992370605,11.586000442504883,667482000,12.444500064849853,15.082079963684082,32.66405036253842,12.661849975585938,13.76250740371723,11.561192547454645
2022-10-12 00:00:00+00:00,11.579000473022461,11.734999656677246,11.345000267028809,11.5,492590000,12.320900058746338,14.941559982299804,37.419968361622814,12.580449962615967,13.772922159217124,11.38797776601481
2022-10-13 00:00:00+00:00,10.970999717712402,12.07800006866455,10.812999725341797,11.960000038146973,850103000,12.294900035858154,14.802899990081787,43.998275480110784,12.531999969482422,13.743434545431857,11.320565393532988
2022-10-14 00:00:00+00:00,12.057000160217285,12.111000061035156,11.204000473022461,11.22700023651123,713432000,12.203700065612793,14.643139991760254,40.14182079111582,12.433449983596802,13.734154372124799,11.132745595068805
2022-10-17 00:00:00+00:00,11.517999649047852,11.947999954223633,11.517000198364258,11.887999534606934,580774000,12.141300010681153,14.501119976043702,45.27281910701507,12.358749961853027,13.600342216873736,11.117157706832318
2022-10-18 00:00:00+00:00,12.343999862670898,12.491999626159668,11.618000030517578,11.967000007629395,659362000,12.021300029754638,14.384599990844727,42.75757968229652,12.298299980163574,13.489041084099714,11.107558876227433
2022-10-19 00:00:00+00:00,11.878999710083008,12.350000381469727,11.833999633789062,12.050999641418457,523131000,11.905500030517578,14.283899974822997,48.267370681968224,12.237799978256225,13.34243304718038,11.13316690933207
2022-10-20 00:00:00+00:00,12.11299991607666,12.769000053405762,12.104999542236328,12.194000244140625,652398000,11.81190004348755,14.165839977264405,50.55679605539074,12.219449996948242,13.313620515822556,11.125279478073928
2022-10-21 00:00:00+00:00,12.097999572753906,12.498000144958496,11.88700008392334,12.465999603271484,609494000,11.850899982452393,14.056319980621337,49.52459181523234,12.2169499874115,13.308492909494904,11.125407065328096
2022-10-24 00:00:00+00:00,12.508000373840332,12.710000038146973,12.064000129699707,12.598999977111816,517457000,11.94379997253418,13.934119987487794,43.41983355772084,12.235500001907349,13.340362108480697,11.130637895334
2022-10-25 00:00:00+00:00,12.694000244140625,13.300000190734863,12.663999557495117,13.26099967956543,505482000,12.111299896240235,13.818699989318848,50.52674288076943,12.277899980545044,13.47285511662773,11.082944844462357
2022-10-26 00:00:00+00:00,12.869000434875488,13.387999534606934,12.708000183105469,12.895999908447266,532953000,12.25089988708496,13.699039993286133,47.759476797604236,12.285899972915649,13.495817001955109,11.07598294387619
2022-10-27 00:00:00+00:00,13.630000114440918,13.838000297546387,13.121999740600586,13.175999641418457,583113000,12.37249984741211,13.595860004425049,62.36510425991061,12.333699941635132,13.606554933165226,11.060844950105038
2022-10-28 00:00:00+00:00,13.104000091552734,13.850000381469727,13.060999870300293,13.833999633789062,521040000,12.633199787139892,13.497079982757569,73.02127749372706,12.418449926376343,13.852259652203548,10.984640200549139
2022-10-31 00:00:00+00:00,13.777999877929688,13.838000297546387,13.29699993133545,13.496999740600586,486341000,12.794099807739258,13.410039958953858,69.29133494403493,12.467699909210205,13.980529667644282,10.954870150776129
2022-11-01 00:00:00+00:00,13.810999870300293,13.925000190734863,13.519000053405762,13.543000221252441,432817000,12.951699829101562,13.340219955444336,70.79178275400147,12.486499929428101,14.044588333480664,10.928411525375537
2022-11-02 00:00:00+00:00,13.850000381469727,14.210000038146973,13.211000442504883,13.218999862670898,672628000,13.068499851226807,13.260979957580567,63.177726222173604,12.486999940872192,14.046070705592383,10.927929176152
2022-11-03 00:00:00+00:00,13.043000221252441,13.781000137329102,12.956000328063965,13.420999526977539,500065000,13.191199779510498,13.184959945678711,75.83607670094219,12.501549911499023,14.091022171180164,10.912077651817881
2022-11-04 00:00:00+00:00,13.986000061035156,14.229000091552734,13.696999549865723,14.156000137329102,612576000,13.36019983291626,13.109819946289063,76.25000303542126,12.605549907684326,14.343079783272165,10.868020032096487
2022-11-07 00:00:00+00:00,14.227999687194824,14.411999702453613,13.954000473022461,14.300999641418457,410061000,13.530399799346924,13.070639934539795,76.60738491002715,12.737099885940552,14.57205212697582,10.902147644905284
2022-11-08 00:00:00+00:00,14.800999641418457,14.890999794006348,14.215999603271484,14.60200023651123,595292000,13.664499855041504,13.04665994644165,77.71019161330263,12.88789987564087,14.817802892221867,10.957996859059872
2022-11-09 00:00:00+00:00,14.161999702453613,14.211000442504883,13.758999824523926,13.776000022888184,454414000,13.752499866485596,13.012819938659668,64.96405319142602,13.001699876785278,14.853864690141597,11.149535063428958
2022-11-10 00:00:00+00:00,14.800000190734863,15.77299976348877,14.54699993133545,15.75,700819000,14.00989990234375,13.02593994140625,73.49742406976506,13.19119987487793,15.345498094136012,11.036901655619847
2022-11-11 00:00:00+00:00,15.807000160217285,16.388999938964844,15.482000350952148,16.32699966430664,655487000,14.259199905395509,13.073739929199219,75.08072932472751,13.4461998462677,15.817937573623059,11.07446211891234
2022-11-14 00:00:00+00:00,16.218000411987305,16.540000915527344,15.92199993133545,16.295000076293945,527852000,14.538999938964844,13.126699924468994,72.30226680616128,13.66654987335205,16.2391179585062,11.093981788197901
2022-11-15 00:00:00+00:00,16.722000122070312,16.99799919128418,16.381999969482422,16.666000366210938,545876000,14.851299953460693,13.190719928741455,77.68801516689439,13.901499891281128,16.67126938273956,11.131730399822697
2022-11-16 00:00:00+00:00,16.16200065612793,16.36199951171875,15.873000144958496,15.90999984741211,649547000,15.120399951934814,13.234639930725098,68.76715883531826,14.094449901580811,16.85908887828414,11.329810924877481
2022-11-17 00:00:00+00:00,15.71500015258789,16.266000747680664,15.53499984741211,15.677000045776367,710894000,15.346000003814698,13.268379936218262,63.43490377887996,14.268599891662598,16.967197104920995,11.570002678404201
2022-11-18 00:00:00+00:00,15.965999603271484,16.00200080871582,15.119999885559082,15.409000396728516,492072000,15.471300029754639,13.288819942474365,64.07953165187044,14.41574993133545,17.019779630248912,11.811720232421987
2022-11-21 00:00:00+00:00,15.147000312805176,15.47700023651123,15.079999923706055,15.317000389099121,404739000,15.572900104522706,13.305059947967528,62.97542461244079,14.551649951934815,17.037479533906676,12.065820369962955
2022-11-22 00:00:00+00:00,15.32800006866455,16.058000564575195,15.121999740600586,16.038000106811523,472866000,15.716500091552735,13.36319995880127,69.48707535912769,14.690499973297118,17.18300572851695,12.197994218077286
2022-11-23 00:00:00+00:00,16.097999572753906,16.527000427246094,16.04800033569336,16.518999099731445,427241000,15.99079999923706,13.43101993560791,70.62034033177002,14.871649932861327,17.34153809907843,12.401761766644226
2022-11-25 00:00:00+00:00,16.31800079345703,16.48699951171875,16.172000885009766,16.270000457763672,167934000,16.04280004501343,13.497839946746826,65.04413019057749,15.026349973678588,17.43589953222742,12.616800415129754
2022-11-28 00:00:00+00:00,16.025999069213867,16.35700035095215,15.725000381469727,15.82699966430664,303741000,15.992800045013428,13.550419940948487,60.41780683767963,15.125999975204468,17.49238301332402,12.759616937084916
2022-11-29 00:00:00+00:00,15.82699966430664,15.932000160217285,15.520000457763672,15.638999938964844,298384000,15.927200031280517,13.595559940338134,57.1904038985997,15.233099985122681,17.479923248999395,12.986276721245968
2022-11-30 00:00:00+00:00,15.696999549865723,16.93000030517578,15.597000122070312,16.92300033569336,565298000,15.95290002822876,13.670499954223633,70.51767655570889,15.402099990844727,17.621968462294863,13.182231519394591
2022-12-01 00:00:00+00:00,16.999000549316406,17.264999389648438,16.635000228881836,17.135000228881836,470977000,16.07540006637573,13.74797996520996,61.723385582285644,15.597900009155273,17.694382791391195,13.501417226919349
2022-12-02 00:00:00+00:00,16.659000396728516,16.933000564575195,16.44499969482422,16.875999450683594,371389000,16.195300006866454,13.834279956817626,54.91143232050562,15.770650005340576,17.67218298893119,13.869117021749961
2022-12-05 00:00:00+00:00,16.679000854492188,16.9950008392334,16.472000122070312,16.610000610351562,352255000,16.31540002822876,13.91615997314453,52.7047968376588,15.8933500289917,17.668707122339548,14.117992935643853
2022-12-06 00:00:00+00:00,16.530000686645508,16.572999954223633,15.819000244140625,15.987000465393066,352694000,16.382400035858154,13.991339988708496,44.411521520001976,15.97765007019043,17.587001135930173,14.368299004450689
2022-12-07 00:00:00+00:00,15.772000312805176,16.18600082397461,15.666999816894531,16.1200008392334,372388000,16.39060010910034,14.065480003356933,51.92590864104153,16.05355010032654,17.527191243234746,14.579908957418334
2022-12-08 00:00:00+00:00,16.273000717163086,17.179000854492188,15.958999633789062,17.16900062561035,515456000,16.455600261688232,14.154140014648437,61.90173195108325,16.223200130462647,17.327884834272922,15.118515426652374
2022-12-09 00:00:00+00:00,17.15999984741211,17.58300018310547,16.975000381469727,17.000999450683594,465338000,16.528700160980225,14.249759998321533,62.90531163260157,16.285750102996825,17.418921046410844,15.152579159582809
2022-12-12 00:00:00+00:00,17.03700065612793,17.538000106811523,16.797000885009766,17.53499984741211,457328000,16.699500179290773,14.357679996490479,66.7776064562456,16.3461501121521,17.609839198974683,15.082461025329515
2022-12-13 00:00:00+00:00,18.5310001373291,18.790000915527344,17.711000442504883,18.07200050354004,656589000,16.94280023574829,14.468880004882813,65.82633215348426,16.435000133514404,17.914927566664087,14.95507270036472
2022-12-14 00:00:00+00:00,17.98699951171875,18.25200080871582,17.420000076293945,17.673999786376953,496888000,17.01790018081665,14.559020004272462,59.10452675639591,16.485400104522704,18.063829412132858,14.906970796912548
2022-12-15 00:00:00+00:00,17.145999908447266,17.31999969482422,16.700000762939453,16.95199966430664,478542000,16.99960012435913,14.633880004882812,55.00292566297538,16.53750009536743,18.10470861863889,14.970291572095968
2022-12-16 00:00:00+00:00,16.86400032043457,17.041000366210938,16.40999984741211,16.570999145507812,478232000,16.969100093841554,14.70269998550415,55.507840486545916,16.582200050354004,18.096161550922556,15.068238549785454
2022-12-19 00:00:00+00:00,16.57200050354004,16.608999252319336,16.145000457763672,16.253999710083008,354039000,16.933500003814697,14.78625997543335,54.467524931581565,16.62445001602173,18.04482758730906,15.204072444734397
2022-12-20 00:00:00+00:00,16.06399917602539,16.309999465942383,15.85200023651123,16.084999084472656,403260000,16.943299865722658,14.874559955596924,42.73577714985805,16.662849950790406,17.97153235724925,15.354167544331565
2022-12-21 00:00:00+00:00,16.11400032043457,16.62700080871582,16.101999282836914,16.500999450683594,325025000,16.981399726867675,14.972859935760498,44.691892496127494,16.68599991798401,17.964166831709235,15.407833004258784
2022-12-22 00:00:00+00:00,16.0939998626709,16.13800048828125,14.881999969482422,15.33899974822998,565045000,16.798399639129638,15.049639930725098,38.82182499757594,16.626999950408937,18.03950246218441,15.214497438633467
2022-12-23 00:00:00+00:00,15.196000099182129,15.33899974822998,14.883000373840332,15.206000328063965,349326000,16.618899726867674,15.114559936523438,39.58766266879015,16.57379994392395,18.117016841567693,15.030583046280208
2022-12-27 00:00:00+00:00,15.074000358581543,15.100000381469727,14.055999755859375,14.121000289916992,464902000,16.277499771118165,15.172439937591554,37.04886651941469,16.48849997520447,18.35934026822013,14.617659682188808
2022-12-28 00:00:00+00:00,13.927000045776367,14.26200008392334,13.883999824523926,14.03600025177002,351066000,15.873899745941163,15.215399951934815,35.43879461800603,16.408349990844727,18.550155935240326,14.266544046449129
2022-12-29 00:00:00+00:00,14.402000427246094,14.682999610900879,14.22700023651123,14.602999687194824,354923000,15.566799736022949,15.268119945526124,30.776146834349817,16.2923499584198,18.56415123458644,14.020548682253155
2022-12-30 00:00:00+00:00,14.333999633789062,14.628999710083008,14.232999801635742,14.61400032043457,310490000,15.332999801635742,15.319379959106445,31.686371344298408,16.166299962997435,18.519535627240437,13.813064298754433
2023-01-03 00:00:00+00:00,14.85099983215332,14.996000289916992,14.095999717712402,14.3149995803833,401277000,15.107399845123291,15.361799945831299,24.371227222912708,16.038249969482422,18.50486344427016,13.571636494694683
2023-01-04 00:00:00+00:00,14.567000389099121,14.852999687194824,14.241000175476074,14.74899959564209,431324000,14.956899833679199,15.407459945678712,23.110536207433285,15.945199918746948,18.46091750618531,13.429482331308586
2023-01-05 00:00:00+00:00,14.491000175476074,14.564000129699707,14.14799976348877,14.265000343322754,389168000,14.774899959564209,15.440779953002929,22.793302025214444,15.859099912643433,18.484282623491016,13.233917201795851
2023-01-06 00:00:00+00:00,14.473999977111816,15.010000228881836,14.034000396728516,14.859000205993652,405044000,14.610700035095215,15.472739963531494,32.94769895966053,15.796049880981446,18.455200883610747,13.136898878352145
2023-01-09 00:00:00+00:00,15.284000396728516,16.055999755859375,15.140999794006348,15.628000259399414,504231000,14.639600086212159,15.527379970550538,42.773954473266286,15.718999862670898,18.298765746864337,13.139233978477462
2023-01-10 00:00:00+00:00,15.506999969482422,15.961999893188477,15.472000122070312,15.909000396728516,384101000,14.709900093078613,15.582039985656738,47.34166053075963,15.664399909973145,18.175223479809404,13.153576340136885
2023-01-11 00:00:00+00:00,15.84000015258789,16.027999877929688,15.562999725341797,16.000999450683594,353285000,14.897900009155274,15.625379981994628,49.344980893788744,15.587699890136719,17.94707596772105,13.228323812552386
2023-01-12 00:00:00+00:00,16.100000381469727,16.636999130249023,15.491999626159668,16.51099967956543,551409000,15.145399951934815,15.685659980773925,50.076853911897835,15.509649848937988,17.61230532755231,13.406994370323666
2023-01-13 00:00:00+00:00,16.277999877929688,16.922000885009766,16.165000915527344,16.89900016784668,447287000,15.375,15.75277997970581,63.60782086227673,15.470899868011475,17.42922153019925,13.512578205823703
2023-01-17 00:00:00+00:00,16.89900016784668,17.72800064086914,16.89900016784668,17.70199966430664,511102000,15.683799934387206,15.842439975738525,69.49390457267657,15.508399868011475,17.60964698763823,13.407152748384723
2023-01-18 00:00:00+00:00,17.66699981689453,17.87299919128418,17.281999588012695,17.37700080871582,439624000,15.99000005722046,15.92156000137329,78.85502928974398,15.548699951171875,17.76359962770587,13.333800274637879
2023-01-19 00:00:00+00:00,17.035999298095703,17.19700050354004,16.731000900268555,16.764999389648438,452932000,16.191600036621093,15.973739986419679,72.11865199388127,15.574249935150146,17.834726749395404,13.313773120904887
2023-01-20 00:00:00+00:00,17.01099967956543,17.856000900268555,16.825000762939453,17.839000701904297,564967000,16.54900007247925,16.044500007629395,74.23607147984478,15.661950016021729,18.132225668232444,13.191674363811016
2023-01-23 00:00:00+00:00,18.06399917602539,19.2450008392334,17.81800079345703,19.19300079345703,655163000,16.982400131225585,16.13632001876831,78.55094087767044,15.796550083160401,18.712485091373914,12.880615074946888
2023-01-24 00:00:00+00:00,18.82699966430664,19.4950008392334,18.81999969482422,19.264999389648438,496204000,17.346100044250488,16.246100006103514,81.76335043264778,15.992850065231323,19.283597228544522,12.702102901918124
2023-01-25 00:00:00+00:00,18.913000106811523,19.3700008392334,18.579999923706055,19.322999954223633,449537000,17.6875,16.31756000518799,80.83873193712282,16.198700046539308,19.784082995160176,12.613317097918442
2023-01-26 00:00:00+00:00,19.701000213623047,20.166000366210938,19.277999877929688,19.802000045776367,489535000,18.067600059509278,16.387060012817383,87.35662875690211,16.482750034332277,20.269551445710334,12.69594862295422
2023-01-27 00:00:00+00:00,19.461999893188477,20.628000259399414,19.405000686645508,20.364999771118164,542142000,18.45300006866455,16.46846000671387,87.30351951045753,16.799200010299682,20.77800769174821,12.820392328851153
2023-01-30 00:00:00+00:00,19.950000762939453,20.139999389648438,19.149999618530273,19.16200065612793,488611000,18.679300117492676,16.518380012512207,72.61326317752501,17.027150058746336,20.998551289102785,13.055748828389888
2023-01-31 00:00:00+00:00,19.170000076293945,19.687000274658203,18.950000762939453,19.53700065612793,498017000,18.862800216674806,16.590920028686522,72.93880058436076,17.273300075531004,21.225152232249556,13.321447918812453
2023-02-01 00:00:00+00:00,19.69099998474121,21.191999435424805,19.611000061035156,20.94300079345703,660477000,19.219400215148926,16.696240043640138,76.79462848274162,17.604700136184693,21.623079883275622,13.586320389093762
2023-02-02 00:00:00+00:00,21.0,21.948999404907227,20.700000762939453,21.708999633789062,564276000,19.71380023956299,16.822240028381348,77.42140034182557,17.95270013809204,22.132052990877924,13.77334728530616
2023-02-03 00:00:00+00:00,21.0,21.7450008392334,20.788999557495117,21.100000381469727,429366000,20.03990020751953,16.93790002822876,71.65687853141787,18.29445013999939,22.319077263439727,14.269823016559055
2023-02-06 00:00:00+00:00,20.805999755859375,21.56999969482422,20.785999298095703,21.089000701904297,452197000,20.229500198364256,17.038920040130616,69.0131465114805,18.605950164794923,22.472276119088395,14.73962421050145
2023-02-07 00:00:00+00:00,21.381999969482422,22.259000778198242,21.149999618530273,22.17300033569336,664150000,20.52030029296875,17.152000064849855,74.80860899879572,18.93320016860962,22.84590747768221,15.02049285953703
2023-02-08 00:00:00+00:00,22.386999130249023,22.878000259399414,22.007999420166016,22.204999923706055,559651000,20.808500289916992,17.2707000541687,79.93617957885071,19.248000144958496,23.14930847303056,15.346691816886434
2023-02-09 00:00:00+00:00,22.606000900268555,23.020000457763672,22.1200008392334,22.336999893188477,523876000,21.062000274658203,17.400900058746338,77.61543341969961,19.56480016708374,23.38407655325465,15.745523780912828
2023-02-10 00:00:00+00:00,21.690000534057617,22.077999114990234,20.81100082397461,21.264999389648438,550737000,21.15200023651123,17.51342004776001,63.177306857191375,19.80250015258789,23.4072513114714,16.19774899370438
2023-02-13 00:00:00+00:00,21.538000106811523,22.04800033569336,20.961999893188477,21.788000106811523,474919000,21.41460018157959,17.610720043182372,65.17503536270723,20.046950149536134,23.48173747137203,16.61216282770024
2023-02-14 00:00:00+00:00,21.577999114990234,23.048999786376953,21.365999221801758,22.97100067138672,675474000,21.75800018310547,17.72744005203247,69.32613668445822,20.310400199890136,23.795784384413235,16.825016015367037
2023-02-15 00:00:00+00:00,22.548999786376953,22.854999542236328,22.106000900268555,22.763999938964844,420575000,21.94010009765625,17.845200061798096,66.15754086410857,20.57975015640259,23.941042844770788,17.21845746803439
2023-02-16 00:00:00+00:00,22.132999420166016,22.549999237060547,21.927000045776367,22.00200080871582,412026000,21.969400215148926,17.953040065765382,58.739996855368965,20.841600227355958,23.73500597373336,17.948194480978554
2023-02-17 00:00:00+00:00,21.631000518798828,21.739999771118164,20.975000381469727,21.38800048828125,465888000,21.99820022583008,18.061060066223146,62.682315794461,21.019050216674806,23.549671701534873,18.48842873181474
2023-02-21 00:00:00+00:00,21.0,21.493999481201172,20.618000030517578,20.655000686645508,410015000,21.9548002243042,18.151760063171388,56.119992165127044,21.09215021133423,23.48117853630409,18.703121886364368
2023-02-22 00:00:00+00:00,20.707000732421875,21.104000091552734,20.42099952697754,20.753999710083008,513184000,21.812900161743165,18.22346004486084,48.792633591813626,21.166600227355957,23.40386487027955,18.929335584432366
2023-02-23 00:00:00+00:00,23.440000534057617,23.88800048828125,23.024999618530273,23.663999557495117,1117995000,21.95880012512207,18.35672004699707,59.80343077945741,21.38365020751953,23.70840734078005,19.05889307425901
2023-02-24 00:00:00+00:00,23.225000381469727,23.474000930786133,22.94700050354004,23.285999298095703,589716000,22.053700065612794,18.471740036010743,61.22176061599137,21.5578501701355,23.90560416961458,19.210096170656417
2023-02-27 00:00:00+00:00,23.670000076293945,23.8799991607666,23.45400047302246,23.500999450683594,452994000,22.277300071716308,18.580320014953614,62.12790974236217,21.71465015411377,24.144420312287917,19.284879995939622
2023-02-28 00:00:00+00:00,23.371999740600586,23.825000762939453,23.20599937438965,23.215999603271484,455963000,22.420100021362305,18.691160011291505,55.702565420282006,21.917350101470948,24.115878541760832,19.718821661181064
2023-03-01 00:00:00+00:00,23.191999435424805,23.256000518798828,22.507999420166016,22.697999954223633,460026000,22.392799949645998,18.806080017089844,52.5594434843778,22.07540006637573,23.98950337825815,20.161296754493314
2023-03-02 00:00:00+00:00,22.488000869750977,23.3799991607666,22.43199920654297,23.31399917602539,389415000,22.44779987335205,18.940940017700196,54.8294577604766,22.19394998550415,24.106442299641714,20.28145767136659
2023-03-03 00:00:00+00:00,23.31999969482422,23.899999618530273,23.1299991607666,23.889999389648438,412393000,22.636599731445312,19.093660011291504,63.6448702649904,22.30299997329712,24.343500236322633,20.262499710271605
2023-03-06 00:00:00+00:00,23.891000747680664,24.24799919128418,23.48699951171875,23.554000854492188,437429000,22.853199768066407,19.243040046691895,59.36175388764961,22.425699996948243,24.456721806513613,20.394678187382873
2023-03-07 00:00:00+00:00,23.600000381469727,24.125,23.240999221801758,23.288000106811523,515154000,23.11649971008301,19.378780059814453,51.86141825692699,22.535649967193603,24.498944840715023,20.572355093672183
2023-03-08 00:00:00+00:00,23.48699951171875,24.200000762939453,23.423999786376953,24.180999755859375,513573000,23.459199714660645,19.55562005996704,57.70025199151239,22.636049938201904,24.722752711283952,20.549347165119855
2023-03-09 00:00:00+00:00,24.174999237060547,24.45400047302246,23.382999420166016,23.43600082397461,501257000,23.436399841308592,19.720220069885254,57.80705906199696,22.697599983215333,24.80330198362295,20.591897982807716
2023-03-10 00:00:00+00:00,23.409000396728516,23.62700080871582,22.72599983215332,22.96500015258789,474866000,23.404299926757812,19.897100067138673,58.721381848346205,22.7289999961853,24.83078673249154,20.627213259879063
2023-03-13 00:00:00+00:00,22.75200080871582,23.29800033569336,22.297000885009766,22.965999603271484,421890000,23.3507999420166,20.075700054168703,63.906607133060184,22.814050006866456,24.80092067544198,20.827179338290932
2023-03-14 00:00:00+00:00,23.496000289916992,24.2189998626709,23.459999084472656,24.062999725341797,474910000,23.435499954223634,20.26490005493164,67.77694732728264,22.92779998779297,24.927783005798695,20.927816969787244
2023-03-15 00:00:00+00:00,23.76099967956543,24.285999298095703,23.360000610351562,24.22800064086914,524486000,23.588500022888184,20.45718006134033,54.29747960761277,22.99064998626709,25.073630155791992,20.90766981674219
2023-03-16 00:00:00+00:00,24.027000427246094,25.58799934387207,23.893999099731445,25.541000366210938,583253000,23.81120014190674,20.681700077056885,65.03936054318618,23.129500007629396,25.499339468521335,20.759660546737457
2023-03-17 00:00:00+00:00,25.98200035095215,26.39900016784668,25.667999267578125,25.725000381469727,848547000,23.994700241088868,20.90122009277344,64.89419781096805,23.31564998626709,25.888749368254384,20.742550604279796
2023-03-20 00:00:00+00:00,25.614999771118164,26.02400016784668,25.1299991607666,25.899999618530273,432747000,24.229300117492677,21.133920078277587,68.24361798975849,23.54124994277954,26.192728801936667,20.889771083622414
2023-03-21 00:00:00+00:00,26.18000030517578,26.392000198364258,25.381000518798828,26.198999404907227,547408000,24.520400047302246,21.360720062255858,74.52711792748065,23.818449878692626,26.356186832136235,21.280712925249016
2023-03-22 00:00:00+00:00,26.424999237060547,27.589000701904297,26.23699951171875,26.468000411987305,797295000,24.749100112915038,21.577520065307617,73.22534386354731,24.104149913787843,26.47001639596928,21.738283431606405
2023-03-23 00:00:00+00:00,27.114999771118164,27.499000549316406,26.690000534057617,27.19099998474121,564889000,25.1246000289917,21.80316005706787,73.79271566970993,24.280499935150146,27.006600463411253,21.55439940688904
2023-03-24 00:00:00+00:00,27.0310001373291,27.16699981689453,26.354999542236328,26.77899932861328,454920000,25.505999946594237,22.018720054626463,72.99300049607923,24.455149936676026,27.35500944941672,21.555290423935332
2023-03-27 00:00:00+00:00,26.836999893188477,27.0,26.364999771118164,26.5310001373291,361026000,25.8625,22.219120063781737,73.18084721739743,24.606649971008302,27.611324762670314,21.60197517934629
2023-03-28 00:00:00+00:00,26.44700050354004,26.51300048828125,25.850000381469727,26.40999984741211,356104000,26.097200012207033,22.409340057373047,67.90937043698301,24.76634998321533,27.79920223882847,21.73349772760219
2023-03-29 00:00:00+00:00,26.825000762939453,27.077999114990234,26.597000122070312,26.983999252319336,393694000,26.37279987335205,22.5949800491333,79.31261071966482,24.980649948120117,28.003817431683565,21.95748246455667
2023-03-30 00:00:00+00:00,27.229000091552734,27.499000549316406,27.101999282836914,27.382999420166016,364516000,26.55699977874756,22.795100021362305,86.93979603488343,25.18409996032715,28.281757574526438,22.08644234612786
2023-03-31 00:00:00+00:00,27.139999389648438,27.833999633789062,27.104999542236328,27.777000427246094,433933000,26.762199783325194,23.015340042114257,87.74517491458384,25.378450012207033,28.618707977614488,22.138192046799578
2023-04-03 00:00:00+00:00,27.509000778198242,28.0,27.336000442504883,27.96500015258789,398716000,26.968699836730956,23.21786003112793,85.70644148971449,25.598999977111816,28.915952340210513,22.28204761401312
2023-04-04 00:00:00+00:00,27.965999603271484,28.0,27.30699920654297,27.452999114990234,368592000,27.09409980773926,23.383059997558593,77.74907947711543,25.80724992752075,29.03507478471363,22.579425070327872
2023-04-05 00:00:00+00:00,26.82900047302246,26.99799919128418,26.395000457763672,26.881000518798828,515015000,27.13539981842041,23.535380020141602,63.21499243832154,25.942249965667724,29.10896181574788,22.77553811558757
2023-04-06 00:00:00+00:00,26.583999633789062,27.079999923706055,26.427000045776367,27.03700065612793,397654000,27.119999885559082,23.68966003417969,63.01071323190062,26.12229995727539,29.09240142803175,23.152198486519033
2023-04-10 00:00:00+00:00,26.822999954223633,27.621000289916992,26.66900062561035,27.57900047302246,395279000,27.2,23.84520004272461,65.52043567520982,26.35299997329712,28.988431524269878,23.717568422324362
2023-04-11 00:00:00+00:00,27.724000930786133,27.790000915527344,27.125999450683594,27.16900062561035,314378000,27.263800048828124,23.981280059814452,58.78624221252423,26.563150024414064,28.680842269471135,24.445457779356992
2023-04-12 00:00:00+00:00,27.3700008392334,27.468000411987305,26.447999954223633,26.4950008392334,446259000,27.272300148010252,24.12794006347656,50.22785173605768,26.684750080108643,28.447529490452123,24.921970669765162
2023-04-13 00:00:00+00:00,26.733999252319336,26.886999130249023,26.32900047302246,26.46299934387207,353615000,27.22020015716553,24.266460037231447,43.04546733310885,26.79650001525879,28.136091709294774,25.456908321222805
2023-04-14 00:00:00+00:00,26.503999710083008,26.882999420166016,26.219999313354492,26.757999420166016,395660000,27.15770015716553,24.382760009765626,49.7948025594327,26.857349967956544,28.06042074499384,25.654279190919247
2023-04-17 00:00:00+00:00,26.565000534057617,27.006000518798828,26.433000564575195,27.00200080871582,321471000,27.0802001953125,24.48862003326416,54.60591057662106,26.921199989318847,28.00040275786915,25.841997220768544
2023-04-18 00:00:00+00:00,27.533000946044922,28.110000610351562,27.35700035095215,27.66699981689453,604812000,27.050400161743163,24.619960021972656,61.11012583709892,27.00954999923706,28.024125474345407,25.99497452412871
2023-04-19 00:00:00+00:00,27.361000061035156,28.0,27.23200035095215,27.930999755859375,358660000,27.098200225830077,24.756800003051758,58.855434300657535,27.09615001678467,28.115082611219684,26.077217422349655
2023-04-20 00:00:00+00:00,27.67099952697754,28.030000686645508,27.0,27.104000091552734,427713000,27.12050018310547,24.855419998168944,47.58442203553513,27.12795000076294,28.10309664777032,26.15280335375556
2023-04-21 00:00:00+00:00,26.95199966430664,27.183000564575195,26.722000122070312,27.118999481201172,345103000,27.128700065612794,24.95369998931885,43.902882160775775,27.124349975585936,28.099048069491676,26.149651881680196
2023-04-24 00:00:00+00:00,27.01300048828125,27.365999221801758,26.67099952697754,27.04199981689453,339282000,27.075,25.04779998779297,41.26773545560912,27.1375,28.09959516918265,26.17540483081735
2023-04-25 00:00:00+00:00,27.077999114990234,27.246999740600586,26.225000381469727,26.240999221801758,378527000,26.98219985961914,25.147319984436034,39.128094522924975,27.122999954223634,28.13121832337751,26.114781585069757
2023-04-26 00:00:00+00:00,27.00200080871582,27.329999923706055,26.704999923706055,26.95599937438965,406337000,27.028299713134764,25.250679969787598,50.65592831012676,27.15029993057251,28.105398117500826,26.19520174364419
2023-04-27 00:00:00+00:00,27.363000869750977,27.4950008392334,26.625,27.22599983215332,377161000,27.10459976196289,25.33577995300293,51.62064083759768,27.16239995956421,28.11475503953897,26.210044879589447
2023-04-28 00:00:00+00:00,27.225000381469727,27.757999420166016,27.070999145507812,27.749000549316406,292216000,27.20369987487793,25.43547996520996,51.46249150439277,27.180700016021728,28.16445161397221,26.196948418071244
2023-05-01 00:00:00+00:00,27.84000015258789,29.058000564575195,27.780000686645508,28.90999984741211,570329000,27.39449977874756,25.573639945983885,63.26374210490676,27.23734998703003,28.465751907614035,26.008948066446024
2023-05-02 00:00:00+00:00,28.68000030517578,28.836000442504883,28.08300018310547,28.209999084472656,402730000,27.448799705505373,25.710079917907716,63.01409596371147,27.249599933624268,28.512944188273483,25.986255678975052
2023-05-03 00:00:00+00:00,27.84000015258789,28.367000579833984,27.472000122070312,27.802000045776367,383387000,27.43589973449707,25.85301990509033,59.61235227975395,27.267049980163574,28.551685371956896,25.98241458837025
2023-05-04 00:00:00+00:00,27.650999069213867,27.858999252319336,27.239999771118164,27.562000274658203,321850000,27.481699752807618,25.989179916381836,55.81766188311348,27.301099967956542,28.578732802373494,26.02346713353959
2023-05-05 00:00:00+00:00,27.826000213623047,28.7549991607666,27.731000900268555,28.68000030517578,361494000,27.63779983520508,26.08949993133545,60.778518898412834,27.383249950408935,28.79375842044025,25.97274148037762
2023-05-08 00:00:00+00:00,28.52199935913086,29.219999313354492,28.350000381469727,29.150999069213867,344979000,27.84869976043701,26.206799926757814,59.77601841509093,27.461849880218505,29.078431516345777,25.845268244091233
2023-05-09 00:00:00+00:00,28.89900016784668,28.972999572753906,28.450000762939453,28.570999145507812,314869000,28.081699752807616,26.308199920654296,54.04755586221538,27.53194980621338,29.215274730224202,25.848624882202557
2023-05-10 00:00:00+00:00,29.0049991607666,29.113000869750977,28.461000442504883,28.885000228881836,369350000,28.274599838256837,26.421579933166505,62.045179371532086,27.651449775695802,29.363905428971325,25.93899412242028
2023-05-11 00:00:00+00:00,28.895999908447266,28.950000762939453,28.246000289916992,28.577999114990234,322149000,28.409799766540527,26.539179916381837,59.492513813073415,27.75719976425171,29.421171789492337,26.09322773901108
2023-05-12 00:00:00+00:00,28.52899932861328,28.780000686645508,28.04599952697754,28.34000015258789,274222000,28.468899726867676,26.639699935913086,58.27173224969881,27.8362998008728,29.44992158058881,26.222678021156792
2023-05-15 00:00:00+00:00,28.507999420166016,28.9689998626709,28.152000427246094,28.952999114990234,293926000,28.47319965362549,26.740959930419923,67.70697462538577,27.933849716186522,29.57082865751381,26.296870774859233
2023-05-16 00:00:00+00:00,28.840999603271484,29.8700008392334,28.832000732421875,29.21299934387207,449405000,28.57349967956543,26.85413990020752,65.6670848729202,28.0111496925354,29.73858066808036,26.283718716990442
2023-05-17 00:00:00+00:00,29.583999633789062,30.198999404907227,29.43000030517578,30.17799949645996,432535000,28.81109962463379,26.991939888000488,68.68827620382987,28.12349967956543,30.10289076622494,26.14410859290592
2023-05-18 00:00:00+00:00,30.40999984741211,31.827999114990234,30.31999969482422,31.67799949645996,748725000,29.222699546813963,27.1418798828125,72.13521009315386,28.352199649810792,30.829866808621762,25.874532490999822
2023-05-19 00:00:00+00:00,31.535999298095703,31.579999923706055,30.916000366210938,31.263999938964844,473908000,29.48109951019287,27.298439865112304,64.48081058578705,28.559449672698975,31.28392783384259,25.83497151155536
2023-05-22 00:00:00+00:00,30.900999069213867,31.520000457763672,30.68000030517578,31.176000595092773,372000000,29.68359966278076,27.4626598739624,69.73125812228606,28.766149711608886,31.629618255470266,25.902681167747506
2023-05-23 00:00:00+00:00,31.0,31.288000106811523,30.631000518798828,30.687999725341797,356253000,29.89529972076416,27.61709987640381,68.99684142412374,28.98849973678589,31.713654654185707,26.263344819386074
2023-05-24 00:00:00+00:00,30.209999084472656,30.60700035095215,29.805999755859375,30.538000106811523,721419000,30.060599708557127,27.746599884033202,69.82414323667416,29.167599773406984,31.799552680496486,26.53564686631748
2023-05-25 00:00:00+00:00,38.52299880981445,39.47999954223633,36.6349983215332,37.97999954223633,1543911000,31.00079975128174,28.021639862060546,83.62256171714913,29.70529975891113,34.31673269901176,25.093866818810504
2023-05-26 00:00:00+00:00,37.88999938964844,39.16999816894531,37.54999923706055,38.94599914550781,714397000,32.06139965057373,28.289739837646483,84.18848467297124,30.265149688720705,36.357509356763885,24.172790020677525
2023-05-30 00:00:00+00:00,40.595001220703125,41.9379997253418,39.94900131225586,40.111000061035156,923401000,33.17719974517822,28.577459831237793,88.69886329184072,30.825199699401857,38.296354590963816,23.354044807839898
2023-05-31 00:00:00+00:00,39.487998962402344,40.29499816894531,37.821998596191406,37.83399963378906,1002580000,34.03929977416992,28.81613983154297,76.51869801999953,31.306399726867674,39.29045187244152,23.322347581293826
2023-06-01 00:00:00+00:00,38.48899841308594,40.04999923706055,38.34000015258789,39.77000045776367,635873000,34.99849987030029,29.087559852600098,80.24538430262909,31.90479974746704,40.549594222081296,23.260005272852787
2023-06-02 00:00:00+00:00,40.09700012207031,40.5,39.05799865722656,39.32699966430664,482731000,35.76339988708496,29.344739837646486,79.36601026768746,32.493049716949464,41.48764017867302,23.498459255225914
2023-06-05 00:00:00+00:00,38.909000396728516,39.564998626708984,38.707000732421875,39.17100143432617,396094000,36.554100036621094,29.584339866638185,77.99452690229023,33.017599773406985,42.29507971215061,23.74011983466336
2023-06-06 00:00:00+00:00,38.83000183105469,39.15999984741211,38.14799880981445,38.65399932861328,388729000,37.301899909973145,29.821839866638182,75.50656245558719,33.492749786376955,42.908786608391225,24.076712964362688
2023-06-07 00:00:00+00:00,38.915000915527344,39.499000549316406,37.35599899291992,37.474998474121094,511998000,37.98059978485107,30.040719833374023,69.48880394351738,33.93794975280762,43.21513086786177,24.66076863775347
2023-06-08 00:00:00+00:00,37.7239990234375,38.86399841308594,37.505001068115234,38.5099983215332,417772000,38.77779960632324,30.282719802856445,68.71165073709675,34.41919965744019,43.590702715757914,25.247696599122463
2023-06-09 00:00:00+00:00,39.0369987487793,39.71099853515625,38.56700134277344,38.77000045776367,427717000,38.85679969787598,30.51843982696533,70.73251144493156,34.92879972457886,43.86328906485777,25.99431038429995
2023-06-12 00:00:00+00:00,39.20000076293945,39.529998779296875,38.61800003051758,39.481998443603516,388701000,38.91039962768555,30.760419807434083,72.17771075225566,35.48589963912964,44.07329991228514,26.898499365974146
2023-06-13 00:00:00+00:00,40.18600082397461,41.10100173950195,39.7400016784668,41.02199935913086,613208000,39.001499557495116,31.025319786071776,76.12498155625656,36.08934965133667,44.43665213273685,27.74204716993648
2023-06-14 00:00:00+00:00,40.82400131225586,43.0,40.551998138427734,42.99700164794922,740465000,39.51779975891113,31.325959815979004,78.83626781345936,36.77854976654053,45.01070054364097,28.546398989440085
2023-06-15 00:00:00+00:00,42.60200119018555,43.28900146484375,42.14699935913086,42.65299987792969,568622000,39.80609970092773,31.629959831237795,66.10823003675836,37.40229978561401,45.41623598907995,29.388363582148077
2023-06-16 00:00:00+00:00,43.45000076293945,43.72100067138672,42.6609992980957,42.69200134277344,655709000,40.14259986877441,31.946179847717286,63.794370614773186,37.952999877929685,45.8231030796563,30.08289667620307
2023-06-20 00:00:00+00:00,42.99800109863281,43.9900016784668,42.67399978637695,43.80799865722656,451153000,40.606299591064456,32.281599807739255,63.663229709565464,38.580199813842775,46.2012052214416,30.959194406243952
2023-06-21 00:00:00+00:00,43.500999450683594,43.6150016784668,42.08000183105469,43.04499816894531,551603000,41.04539947509765,32.590919761657716,71.68537449415207,39.1736496925354,46.19163094924827,32.15566843582253
2023-06-22 00:00:00+00:00,42.25299835205078,43.42599868774414,42.23400115966797,43.025001525878906,417737000,41.600399780273435,32.908039779663085,66.11545773521348,39.79049978256226,45.75819993509595,33.82279963002856
2023-06-23 00:00:00+00:00,42.4640007019043,42.808998107910156,42.01499938964844,42.20899963378906,358140000,41.970299911499026,33.222319755554196,63.760498882948355,40.374049758911134,44.543958102162236,36.20414141566003
2023-06-26 00:00:00+00:00,42.46099853515625,42.763999938964844,40.099998474121094,40.63199996948242,594322000,42.1564998626709,33.50569976806641,56.14225962895487,40.506649780273435,44.52180660661782,36.49149295392905
2023-06-27 00:00:00+00:00,40.79899978637695,41.939998626708984,40.448001861572266,41.875999450683594,462175000,42.39589996337891,33.808059768676756,62.76544936942645,40.65314979553223,44.64227431740565,36.66402527365881
2023-06-28 00:00:00+00:00,40.65999984741211,41.845001220703125,40.518001556396484,41.117000579833984,582639000,42.405400085449216,34.09035976409912,64.92623720474012,40.70344982147217,44.689159109352325,36.717740533592014
2023-06-29 00:00:00+00:00,41.55799865722656,41.599998474121094,40.599998474121094,40.821998596191406,380514000,42.18789978027344,34.35345973968506,60.0872586813467,40.85284976959228,44.602708027910694,37.10299151127387
2023-06-30 00:00:00+00:00,41.68000030517578,42.54999923706055,41.500999450683594,42.301998138427734,501148000,42.15279960632324,34.640879707336424,63.92743531410782,40.97944965362549,44.74630631606688,37.212592991184096
2023-07-03 00:00:00+00:00,42.516998291015625,42.89799880981445,42.20199966430664,42.41299819946289,198209000,42.124899291992186,34.94705966949463,62.132623471547525,41.1337495803833,44.86828384758166,37.399215313184946
2023-07-05 00:00:00+00:00,42.1349983215332,43.176998138427734,42.084999084472656,42.31700134277344,323618000,41.975799560546875,35.251019706726076,56.08839768700538,41.291049575805665,44.94156887825322,37.64053027335811
2023-07-06 00:00:00+00:00,41.84400177001953,42.17900085449219,41.34600067138672,42.10300064086914,303582000,41.881599807739256,35.55223972320557,44.962805183416336,41.46349964141846,44.909636551567,38.01736273126992
2023-07-07 00:00:00+00:00,42.321998596191406,43.2140007019043,42.18000030517578,42.50299835205078,355881000,41.829399490356444,35.87747970581054,49.160125146094906,41.71489963531494,44.628342524869986,38.8014567457599
2023-07-10 00:00:00+00:00,42.65700149536133,42.81100082397461,41.64899826049805,42.18000030517578,353908000,41.82649955749512,36.18195972442627,47.22161040526755,41.89839973449707,44.39429912770597,39.40250034128817
2023-07-11 00:00:00+00:00,42.48099899291992,42.757999420166016,42.06700134277344,42.404998779296875,298244000,42.00379943847656,36.48553970336914,41.57153974980544,42.08014965057373,44.101055668206534,40.05924363294093
2023-07-12 00:00:00+00:00,43.03300094604492,43.935001373291016,42.777000427246094,43.902000427246094,481277000,42.206399536132814,36.808599700927736,54.73116404603417,42.30114974975586,44.077676228081174,40.52462327143054
2023-07-13 00:00:00+00:00,44.518001556396484,46.154998779296875,44.492000579833984,45.97700119018555,478204000,42.69239959716797,37.149939727783206,63.28294099815891,42.5488998413086,44.87220402158344,40.22559566103375
2023-07-14 00:00:00+00:00,46.58300018310547,48.0880012512207,45.060001373291016,45.46900177001953,772075000,43.157099914550784,37.49511978149414,65.08702415999988,42.67249984741211,45.334510832666176,40.01048886215805
2023-07-17 00:00:00+00:00,46.28900146484375,46.49599838256836,45.262001037597656,46.46099853515625,510488000,43.57299995422363,37.86829975128174,78.52042315219943,42.86289978027344,46.018087194048796,39.70771236649808
2023-07-18 00:00:00+00:00,46.70100021362305,47.895999908447266,45.73400115966797,47.49399948120117,569164000,44.08110008239746,38.2669397354126,78.06756913858591,43.102999687194824,46.874140936601556,39.33185843778809
2023-07-19 00:00:00+00:00,47.4640007019043,47.81800079345703,46.742000579833984,47.07699966430664,427502000,44.55709991455078,38.634879722595215,80.8297308240873,43.266449737548825,47.4292799722826,39.10361950281505
2023-07-20 00:00:00+00:00,46.50699996948242,47.08700180053711,45.0620002746582,45.52000045776367,537865000,44.898799896240234,38.96225975036621,71.49526984784133,43.39019985198975,47.670796395761755,39.10960330821774
2023-07-21 00:00:00+00:00,45.78799819946289,45.86600112915039,44.099998474121094,44.308998107910156,963769000,45.07939987182617,39.27701972961426,59.414585473935034,43.45439968109131,47.75042097910479,39.15837838307783
2023-07-24 00:00:00+00:00,44.73099899291992,45.10900115966797,44.040000915527344,44.61199951171875,382516000,45.32259979248047,39.591559715270996,60.132718209696314,43.57454967498779,47.85830948166187,39.290789868313716
2023-07-25 00:00:00+00:00,44.941001892089844,46.18299865722656,44.92300033569336,45.67900085449219,348081000,45.65,39.933579750061035,64.21925186491671,43.826899719238284,47.97321948213635,39.68057995634022
2023-07-26 00:00:00+00:00,46.020999908447266,46.053001403808594,44.630001068115234,45.45199966430664,364237000,45.804999923706056,40.27581974029541,64.14870841786265,44.005699729919435,48.105953767855915,39.905445691982955
2023-07-27 00:00:00+00:00,46.51900100708008,47.39500045776367,45.75,45.900001525878906,455976000,45.79729995727539,40.61475978851318,64.29353803364175,44.24484977722168,48.19072935220129,40.298970202242074
2023-07-28 00:00:00+00:00,46.667999267578125,47.027000427246094,46.38100051879883,46.75,331194000,45.92539978027344,40.965499801635744,68.4125638446727,44.54124984741211,48.2902186626907,40.79228103213352
2023-07-31 00:00:00+00:00,46.75400161743164,47.130001068115234,46.50600051879883,46.729000091552734,251055000,45.952199935913086,41.2965198135376,67.71259834029797,44.76259994506836,48.47749824912583,41.04770164101089
2023-08-01 00:00:00+00:00,46.459999084472656,46.900001525878906,46.027000427246094,46.50699996948242,237858000,45.85349998474121,41.59309982299805,61.91564674470084,44.96730003356934,48.58702640452032,41.34757366261835
2023-08-02 00:00:00+00:00,45.83100128173828,45.84000015258789,43.387001037597656,44.26900100708008,530142000,45.572700119018556,41.853199844360354,42.30214570669541,45.06490001678467,48.4834104187038,41.64638961486554
2023-08-03 00:00:00+00:00,43.79999923706055,45.11800003051758,43.79999923706055,44.51499938964844,324176000,45.47220001220703,42.119979820251466,45.596370403135154,45.18549995422363,48.322651507920895,42.048348400526365
2023-08-04 00:00:00+00:00,44.98500061035156,45.641998291015625,44.393001556396484,44.68000030517578,362666000,45.509300231933594,42.39981983184814,41.0994634643306,45.29435005187988,48.180648630771884,42.40805147298788
2023-08-07 00:00:00+00:00,45.111000061035156,45.540000915527344,44.5629997253418,45.41699981689453,322154000,45.58980026245117,42.6973998260498,39.30374432697079,45.45620002746582,47.94249415788565,42.96990589704599
2023-08-08 00:00:00+00:00,44.85300064086914,45.242000579833984,44.055999755859375,44.66400146484375,353843000,45.48830032348633,42.83107986450195,37.98906061247051,45.56915016174317,47.64281829426317,43.49548202922316
2023-08-09 00:00:00+00:00,44.27399826049805,44.3120002746582,42.13399887084961,42.55400085449219,586449000,45.19850044250488,42.90323989868164,36.0068000790439,45.50175018310547,47.870243139599246,43.1332572266117
2023-08-10 00:00:00+00:00,42.15999984741211,43.57400131225586,41.834999084472656,42.38800048828125,492705000,44.847300338745114,42.948779907226566,39.94558077389666,45.32230014801026,48.05502125358045,42.589579042440064
2023-08-11 00:00:00+00:00,41.750999450683594,42.018001556396484,40.638999938964844,40.85499954223633,533085000,44.25780029296875,43.009199905395505,32.57906130083181,45.091600036621095,48.47399048849744,41.70920958474475
2023-08-14 00:00:00+00:00,40.486000061035156,43.79999923706055,40.31100082397461,43.75299835205078,690286000,43.96020011901855,43.08885986328125,42.36561461572984,44.95620002746582,48.324555038291834,41.587845016639804
2023-08-15 00:00:00+00:00,44.560001373291016,45.268001556396484,43.709999084472656,43.939998626708984,676512000,43.703499984741214,43.1811198425293,43.9875881242571,44.77849998474121,47.95251675387008,41.60448321561234
2023-08-16 00:00:00+00:00,44.52000045776367,44.67499923706055,43.40599822998047,43.486000061035156,527451000,43.62519989013672,43.26741981506348,40.40539516097241,44.59895000457764,47.628489070062216,41.56941093909306
2023-08-17 00:00:00+00:00,43.970001220703125,44.0620002746582,43.000999450683594,43.34400177001953,452395000,43.50810012817383,43.3612198638916,35.655323677483125,44.49015007019043,47.53666043379334,41.443639706587525
2023-08-18 00:00:00+00:00,42.6349983215332,43.577999114990234,41.65999984741211,43.29899978637695,583768000,43.37000007629395,43.47769989013672,35.58338335796084,44.43965015411377,47.53194409954551,41.34735620868203
2023-08-21 00:00:00+00:00,44.49399948120117,47.064998626708984,44.22200012207031,46.96699905395508,692573000,43.525,43.64683990478515,51.499150134317574,44.557400131225585,47.850177739129734,41.264622523321435
2023-08-22 00:00:00+00:00,48.1349983215332,48.1870002746582,45.33300018310547,45.667999267578125,755293000,43.62539978027344,43.784799880981446,54.856622380357976,44.556850051879884,47.84884231347101,41.26485779028876
2023-08-23 00:00:00+00:00,45.86600112915039,47.20000076293945,45.20800018310547,47.11600112915039,779046000,44.08159980773926,43.937479934692384,58.33387316821801,44.64005012512207,48.1067724768301,41.173327773414044
2023-08-24 00:00:00+00:00,50.215999603271484,50.26599884033203,47.159000396728516,47.16299819946289,1156044000,44.55909957885742,44.06029991149902,58.016396281315714,44.70319995880127,48.30975276042804,41.0966471571745
2023-08-25 00:00:00+00:00,47.012001037597656,47.80500030517578,45.02399826049805,46.018001556396484,925341000,45.075399780273436,44.12071990966797,51.89053793855539,44.66660003662109,48.19980587248281,41.13339420075937
2023-08-28 00:00:00+00:00,46.481998443603516,46.97999954223633,44.88800048828125,46.834999084472656,685192000,45.383599853515626,44.20435989379883,56.801800574344206,44.67189998626709,48.218424754573796,41.12537521796039
2023-08-29 00:00:00+00:00,46.66600036621094,49.08100128173828,46.39099884033203,48.784000396728516,701397000,45.86800003051758,44.32619987487793,69.71769343757312,44.785750007629396,48.706739986490064,40.86476002876873
2023-08-30 00:00:00+00:00,49.04399871826172,49.926998138427734,48.42499923706055,49.263999938964844,735206000,46.44580001831055,44.435319900512695,71.33814211459156,45.03549995422363,49.42609909016488,40.64490081828238
2023-08-31 00:00:00+00:00,49.380001068115234,49.74399948120117,48.95800018310547,49.35499954223633,528570000,47.04689979553223,44.561519927978516,78.9707071626383,45.277499961853025,50.06307784476604,40.49192207894001
2023-09-01 00:00:00+00:00,49.762001037597656,49.79999923706055,48.141998291015625,48.50899887084961,463830000,47.56789970397949,44.67119987487793,68.84610628857062,45.46894989013672,50.45600381018748,40.48189597008596
2023-09-05 00:00:00+00:00,48.222999572753906,48.85100173950195,47.86000061035156,48.54800033569336,382653000,47.72599983215332,44.79797988891602,68.47635957165241,45.62549991607666,50.79878253333911,40.45221729881422
2023-09-06 00:00:00+00:00,48.441001892089844,48.54899978637695,46.58000183105469,47.06100082397461,468670000,47.865299987792966,44.926559906005856,63.23780718806439,45.7453498840332,50.93587678598186,40.554822982084545
2023-09-07 00:00:00+00:00,45.525001525878906,46.34400177001953,45.152000427246094,46.24100112915039,433330000,47.77779998779297,45.0138599395752,60.21437200585453,45.92969989776611,50.90021757061454,40.95918222491769
2023-09-08 00:00:00+00:00,45.94200134277344,46.60599899291992,45.270999908447266,45.571998596191406,473069000,47.61870002746582,45.102959899902345,57.67645845534742,46.088899803161624,50.77776997372537,41.40002963259788
2023-09-11 00:00:00+00:00,46.14799880981445,46.16299819946289,44.3120002746582,45.178001403808594,473966000,47.53470001220703,45.19007995605469,42.24265667939556,46.305049896240234,50.32952104713392,42.280578745346546
2023-09-12 00:00:00+00:00,44.737998962402344,45.67300033569336,44.53099822998047,44.869998931884766,349256000,47.33819999694824,45.241439971923825,46.214418618623185,46.360899925231934,50.26546588620673,42.45633396425714
2023-09-13 00:00:00+00:00,44.599998474121094,45.93000030517578,44.50299835205078,45.48500061035156,398355000,47.00830001831055,45.3028800201416,41.59884085354615,46.438150024414064,50.19955661569034,42.67674343313779
2023-09-14 00:00:00+00:00,45.95000076293945,45.98699951171875,45.13100051879883,45.58100128173828,370097000,46.64000015258789,45.3681600189209,41.892185149661174,46.54290008544922,50.06736841842817,43.01843175247027
2023-09-15 00:00:00+00:00,45.340999603271484,45.5989990234375,43.80799865722656,43.900001525878906,506831000,46.094500350952146,45.404100036621095,39.710458204579936,46.570700073242186,49.996313240656114,43.14508690582826
2023-09-18 00:00:00+00:00,42.74800109863281,44.242000579833984,42.0,43.965999603271484,500271000,45.64020042419433,45.43336006164551,34.96489768371492,46.60405006408691,49.906317827275146,43.30178230089868
2023-09-19 00:00:00+00:00,43.83300018310547,43.965999603271484,43.00199890136719,43.52000045776367,373064000,45.137400436401364,45.46016006469726,17.255544787799806,46.43170013427734,50.00305278508133,42.860347483473355
2023-09-20 00:00:00+00:00,43.599998474121094,43.90299987792969,42.222999572753906,42.23899841308594,367108000,44.6552001953125,45.45684005737305,10.261353455106672,46.260250091552734,50.28626458178736,42.23423560131811
2023-09-21 00:00:00+00:00,41.58300018310547,42.099998474121094,40.97999954223633,41.016998291015625,450736000,44.13279991149902,45.39914001464844,8.184568505155951,45.955299949646,50.58679971886953,41.32380018042247
2023-09-22 00:00:00+00:00,41.571998596191406,42.1150016784668,41.23099899291992,41.61000061035156,479236000,43.73660011291504,45.31180000305176,14.500393560911647,45.67765007019043,50.657029765393155,40.69827037498771
2023-09-25 00:00:00+00:00,41.590999603271484,42.5359992980957,41.176998138427734,42.22200012207031,419091000,43.44099998474121,45.24685997009277,19.261431945498416,45.48784999847412,50.69670382316119,40.27899617378705
2023-09-26 00:00:00+00:00,42.000999450683594,42.81999969482422,41.654998779296875,41.9109992980957,402282000,43.1451000213623,45.15585998535156,21.746773581920507,45.24165000915527,50.64427145611825,39.8390285621923
2023-09-27 00:00:00+00:00,42.33000183105469,42.87200164794922,41.62900161743164,42.46799850463867,444935000,42.84339981079101,45.05533996582031,28.686022726978877,44.92584991455078,50.19332339813499,39.65837643096657
2023-09-28 00:00:00+00:00,42.459999084472656,43.44599914550781,42.1150016784668,43.0890007019043,424663000,42.59419975280762,44.975579986572264,35.896873666124264,44.61709995269776,49.52558356231724,39.708616343078276
2023-09-29 00:00:00+00:00,43.82699966430664,44.14400100708008,43.30699920654297,43.499000549316406,397830000,42.55409965515137,44.93515998840332,40.48078378787551,44.32430000305176,48.71401457087548,39.934585435228044
2023-10-02 00:00:00+00:00,44.029998779296875,45.17499923706055,43.861000061035156,44.78200149536133,433298000,42.63569984436035,44.944620056152345,49.550758732433856,44.13795013427735,48.07251576958669,40.203384498968006
2023-10-03 00:00:00+00:00,44.80799865722656,45.130001068115234,43.24599838256836,43.516998291015625,470850000,42.635399627685544,44.92272003173828,40.57831848095977,43.886400032043454,47.233207508213766,40.53959255587314
2023-10-04 00:00:00+00:00,43.742000579833984,44.143001556396484,43.29199981689453,44.04100036621094,361821000,42.815599822998045,44.889960021972655,42.917588293745474,43.73540000915527,46.73347350564072,40.737326512669824
2023-10-05 00:00:00+00:00,44.04999923706055,44.900001525878906,43.88800048828125,44.6879997253418,393483000,43.18269996643066,44.874680023193356,54.00486627439196,43.65774993896484,46.45639362767913,40.859106250250555
2023-10-06 00:00:00+00:00,44.19300079345703,45.78900146484375,44.0260009765625,45.762001037597656,434436000,43.597900009155275,44.87192001342773,58.279547428142145,43.667250061035155,46.494398543566376,40.84010157850393
2023-10-09 00:00:00+00:00,44.84199905395508,45.60499954223633,44.36800003051758,45.27299880981445,409675000,43.90299987792969,44.84237998962402,58.049388857554234,43.67199993133545,46.510133446053224,40.833866416617674
2023-10-10 00:00:00+00:00,45.310001373291016,46.25899887084961,45.0880012512207,45.79800033569336,368582000,44.291699981689455,44.82375999450684,67.56141698876147,43.71840000152588,46.66718656940229,40.76961343364947
2023-10-11 00:00:00+00:00,46.19599914550781,46.85900115966797,46.04999923706055,46.805999755859375,378137000,44.72550010681152,44.82973999023437,79.18133535368297,43.78444995880127,46.95098610895036,40.617913808652176
2023-10-12 00:00:00+00:00,46.777000427246094,47.60900115966797,46.33000183105469,46.94499969482422,481325000,45.11110000610351,44.88325996398926,78.18273929185764,43.85264987945557,47.233601833467084,40.471697925444055
2023-10-13 00:00:00+00:00,46.959999084472656,47.11600112915039,45.279998779296875,45.46099853515625,474115000,45.3072998046875,44.902179946899416,65.66699362975527,43.93069972991943,47.387475811901155,40.47392364793771
2023-10-16 00:00:00+00:00,45.0629997253418,46.224998474121094,44.9119987487793,46.095001220703125,375099000,45.43859977722168,44.93047996520996,69.6247466862101,44.037149810791014,47.62706262756446,40.447236994017565
2023-10-17 00:00:00+00:00,44.0,44.75400161743164,42.47999954223633,43.9379997253418,812333000,45.480699920654295,44.900899963378905,55.99510250817545,44.05804977416992,47.64014421498571,40.475955333354136
2023-10-18 00:00:00+00:00,42.590999603271484,43.21900177001953,41.82500076293945,42.19599914550781,627294000,45.296199798583984,44.85153991699219,46.66317725335849,44.05589981079102,47.64263986450861,40.46915975707343
2023-10-19 00:00:00+00:00,42.81100082397461,43.297000885009766,41.88199996948242,42.10100173950195,501233000,45.0375,44.842479934692385,44.65024727189281,44.110099983215335,47.532481298212396,40.687718668218274
2023-10-20 00:00:00+00:00,41.88999938964844,42.470001220703125,41.077999114990234,41.387001037597656,477266000,44.6,44.82245994567871,36.41675241611994,44.09895000457764,47.55689525429953,40.64100475485574
2023-10-23 00:00:00+00:00,41.229000091552734,43.24800109863281,40.94499969482422,42.974998474121094,478530000,44.37019996643066,44.864859924316406,47.88611736644402,44.136599922180174,47.524179597477456,40.74902024688289
2023-10-24 00:00:00+00:00,43.07699966430664,43.696998596191406,42.691001892089844,43.66299819946289,401463000,44.15669975280762,44.86305992126465,48.544354505815626,44.22419986724854,47.45650657867991,40.991893155817166
2023-10-25 00:00:00+00:00,43.39799880981445,43.650001525878906,41.55500030517578,41.77899932861328,398379000,43.653999710083006,44.81983993530273,39.772169752231186,44.18974990844727,47.514239839074904,40.86525997781963
2023-10-26 00:00:00+00:00,41.85300064086914,42.25600051879883,39.880001068115234,40.32600021362305,541001000,42.99209976196289,44.75663993835449,31.383561740473652,44.0515998840332,47.774454263563676,40.32874550450273
2023-10-27 00:00:00+00:00,41.130001068115234,41.20600128173828,40.01499938964844,40.5,416784000,42.49599990844727,44.6997599029541,33.29366867064007,43.90164985656738,47.94593387933709,39.85736583379767
2023-10-30 00:00:00+00:00,41.08700180053711,41.76599884033203,40.48099899291992,41.1609992980957,388028000,42.00259971618652,44.65699989318848,33.92274529160841,43.7205997467041,47.920165428509485,39.52103406489872
2023-10-31 00:00:00+00:00,40.45000076293945,40.87900161743164,39.22999954223633,40.779998779296875,517969000,41.68679962158203,44.533259887695316,28.15716421451907,43.583749771118164,47.984797344509104,39.182702197727224
2023-11-01 00:00:00+00:00,40.88399887084961,42.38100051879883,40.86899948120117,42.32500076293945,437593000,41.699699783325194,44.46639991760254,34.802635855291484,43.49794979095459,47.92827428916595,39.06762529274324
2023-11-02 00:00:00+00:00,43.327999114990234,43.88399887084961,42.89400100708008,43.50600051879883,409172000,41.840199661254886,44.39419990539551,43.43828253855989,43.43884983062744,47.833725360128064,39.043974301126816
2023-11-03 00:00:00+00:00,44.02000045776367,45.308998107910156,43.722999572753906,45.005001068115234,424610000,42.20199966430664,44.35103996276855,46.54231587160717,43.40099983215332,47.72408517262155,39.077914491685085
2023-11-06 00:00:00+00:00,45.28499984741211,45.935001373291016,44.89899826049805,45.750999450683594,400733000,42.47959976196289,44.3456999206543,56.31663462277119,43.424899864196775,47.79657330973967,39.05322641865388
2023-11-07 00:00:00+00:00,45.71900177001953,46.21799850463867,45.15800094604492,45.95500183105469,343165000,42.70880012512207,44.328099975585936,64.66871101716362,43.43274993896485,47.82289054419696,39.042609333732734
2023-11-08 00:00:00+00:00,46.099998474121094,46.867000579833984,45.96799850463867,46.57400131225586,346719000,43.18830032348633,44.28389999389648,66.76913941766722,43.421150016784665,47.77483674811682,39.06746328545251
2023-11-09 00:00:00+00:00,47.46699905395508,48.22999954223633,46.75,46.95000076293945,540496000,43.85070037841797,44.23762001037598,71.39780414947842,43.42140007019043,47.77593946861201,39.06686067176885
2023-11-10 00:00:00+00:00,47.5,48.47200012207031,47.28300094604492,48.334999084472656,421245000,44.63420028686524,44.2172200012207,70.94405129510726,43.56510009765625,48.36948543948978,38.76071475582272
2023-11-13 00:00:00+00:00,48.31999969482422,49.11600112915039,48.0989990234375,48.619998931884766,384136000,45.38010025024414,44.21944000244141,69.99919969218931,43.69134998321533,48.89201562473581,38.49068434169485
2023-11-14 00:00:00+00:00,49.68000030517578,49.83399963378906,49.040000915527344,49.65599822998047,416954000,46.2677001953125,44.24159996032715,84.11433586258761,43.97724990844726,49.82360373505767,38.13089608183686
2023-11-15 00:00:00+00:00,49.935001373291016,49.959999084472656,48.20000076293945,48.88800048828125,475497000,46.92400016784668,44.278139953613284,89.41990239851796,44.311849975585936,50.485781162719086,38.13791878845279
2023-11-16 00:00:00+00:00,48.67900085449219,49.525001525878906,48.33000183105469,49.47999954223633,339756000,47.52140007019043,44.342919921875,89.81203527598387,44.680799865722655,51.172206566456005,38.189393164989305
2023-11-17 00:00:00+00:00,49.52399826049805,49.71699905395508,49.00699996948242,49.29800033569336,325205000,47.950699996948245,44.41743995666504,87.67480356014994,45.07634983062744,51.68571238446071,38.46698727679418
2023-11-20 00:00:00+00:00,49.3120002746582,50.54800033569336,49.180999755859375,50.409000396728516,414120000,48.416500091552734,44.52205993652344,91.7599330566527,45.44804992675781,52.38772554188935,38.50837431162627
2023-11-21 00:00:00+00:00,50.125999450683594,50.516998291015625,49.22200012207031,49.944000244140625,565747000,48.815399932861325,44.623539962768554,86.45805382052257,45.762100028991696,52.926490392132195,38.5977096658512
2023-11-22 00:00:00+00:00,49.85200119018555,50.334999084472656,47.689998626708984,48.715999603271484,899420000,49.02959976196289,44.68815994262695,74.81898714210845,46.10895004272461,53.131689902763966,39.08621018268525
2023-11-24 00:00:00+00:00,48.470001220703125,48.92100143432617,47.744998931884766,47.7760009765625,294645000,49.112199783325195,44.732059936523434,63.94284975026133,46.48145008087158,52.98369392750589,39.979206234237274
2023-11-27 00:00:00+00:00,47.79999923706055,48.529998779296875,47.652000427246094,48.242000579833984,395662000,49.10289993286133,44.818899917602536,62.897394177339095,46.86855010986328,52.765042301447686,40.97205791827887
2023-11-28 00:00:00+00:00,48.236000061035156,48.323001861572266,47.472999572753906,47.82099914550781,401491000,49.022999954223636,44.895999908447266,59.44905130875812,47.20155010223389,52.45840905599866,41.94469114846912
2023-11-29 00:00:00+00:00,48.37900161743164,48.762001037597656,47.86000061035156,48.13999938964844,382005000,48.87140007019043,44.98839988708496,58.178395188394134,47.569550132751466,51.878661019347454,43.26043924615548
2023-11-30 00:00:00+00:00,48.02399826049805,48.11000061035156,46.422000885009766,46.77000045776367,526247000,48.65960006713867,45.079019927978514,49.14837045037136,47.79180011749268,51.35613085064606,44.227469384339294
2023-12-01 00:00:00+00:00,46.525001525878906,47.20000076293945,46.1870002746582,46.76499938964844,369317000,48.38810005187988,45.19397994995117,41.456245137172225,47.954750061035156,50.946012506548584,44.96348761552173
2023-12-04 00:00:00+00:00,46.07699966430664,46.07699966430664,45.0099983215332,45.5099983215332,437543000,48.00929985046387,45.271979904174806,34.69186115068848,47.97999992370605,50.87334558029838,45.08665426711373
2023-12-05 00:00:00+00:00,45.465999603271484,46.599998474121094,45.270999908447266,46.566001892089844,371718000,47.625,45.3588599395752,34.82022051630709,48.02075004577637,50.80272658834587,45.238773503206865
2023-12-06 00:00:00+00:00,47.21500015258789,47.387001037597656,45.4119987487793,45.50299835205078,380590000,47.18089981079102,45.4306999206543,33.83939745818151,47.99814987182617,50.85706617713318,45.13923356651917
2023-12-07 00:00:00+00:00,45.70000076293945,46.62900161743164,45.604000091552734,46.59600067138672,350823000,46.96889991760254,45.513259963989256,36.85986823421121,47.99924983978271,50.855875035083905,45.14262464448152
2023-12-08 00:00:00+00:00,46.595001220703125,47.74100112915039,46.54999923706055,47.50600051879883,359224000,46.94189987182617,45.60159996032715,42.343197249195796,48.02704982757568,50.851319649802086,45.202780005349275
2023-12-11 00:00:00+00:00,47.49100112915039,47.53099822998047,45.83000183105469,46.62699890136719,509728000,46.78039970397949,45.66415992736816,33.513525198758146,47.94164981842041,50.82929397773414,45.05400565910668
2023-12-12 00:00:00+00:00,46.04600143432617,47.66600036621094,46.04600143432617,47.65700149536133,372387000,46.763999938964844,45.721659927368165,40.498563032127414,47.89349994659424,50.76559145302878,45.021408440159696
2023-12-13 00:00:00+00:00,47.62900161743164,48.59400177001953,47.608001708984375,48.0880012512207,447792000,46.75880012512207,45.81307998657226,47.2059193924734,47.81510009765625,50.567737896056975,45.06246229925552
2023-12-14 00:00:00+00:00,48.38999938964844,48.66999816894531,47.422000885009766,48.349998474121094,391232000,46.91679992675781,45.89925994873047,52.71778788286004,47.788199996948244,50.506998076990826,45.06940191690566
2023-12-15 00:00:00+00:00,48.194000244140625,49.40399932861328,48.119998931884766,48.88999938964844,479948000,47.12929992675781,45.9832999420166,53.04682127517763,47.75869998931885,50.41222675637396,45.10517322226374
2023-12-18 00:00:00+00:00,49.400001525878906,50.43299865722656,49.150001525878906,50.07699966430664,412587000,47.58600006103516,46.06959991455078,59.894727860141316,47.79764995574951,50.56666826062604,45.02863165087299
2023-12-19 00:00:00+00:00,49.42399978637695,49.70000076293945,48.89500045776367,49.604000091552734,464444000,47.88979988098144,46.156219940185544,56.33546452985738,47.75739994049072,50.386459995998635,45.12833988498281
2023-12-20 00:00:00+00:00,49.654998779296875,49.999000549316406,48.097999572753906,48.111000061035156,397894000,48.150600051879884,46.202479934692384,55.74204874848868,47.66574993133545,50.09398786111666,45.23751200155424
2023-12-21 00:00:00+00:00,48.81100082397461,49.095001220703125,48.41899871826172,48.9900016784668,300425000,48.39000015258789,46.24615997314453,58.86383481962802,47.679450035095215,50.1355692168748,45.22333085331563
2023-12-22 00:00:00+00:00,49.19499969482422,49.382999420166016,48.46699905395508,48.83000183105469,252507000,48.522400283813475,46.28386001586914,64.49022268470344,47.732150077819824,50.24164272008735,45.2226574355523
2023-12-26 00:00:00+00:00,48.96799850463867,49.599998474121094,48.959999084472656,49.27899932861328,244200000,48.78760032653808,46.36022003173828,62.50343705806114,47.78400001525879,50.379234718268506,45.188765312249075
2023-12-27 00:00:00+00:00,49.51100158691406,49.68000030517578,49.084999084472656,49.41699981689453,233648000,48.963600158691406,46.42666000366211,69.71987124440423,47.863800048828125,50.56001039268222,45.16758970497403
2023-12-28 00:00:00+00:00,49.643001556396484,49.88399887084961,49.4119987487793,49.52199935913086,246587000,49.10699996948242,46.53833999633789,66.37196966171885,47.93290004730225,50.72794100239204,45.13785909221245
2023-12-29 00:00:00+00:00,49.8129997253418,49.99700164794922,48.750999450683594,49.52199935913086,389293000,49.224200057983396,46.68486000061035,62.55917390378561,48.07049999237061,50.895293696541536,45.24570628819968
2024-01-02 00:00:00+00:00,49.24399948120117,49.29499816894531,47.595001220703125,48.167999267578125,411254000,49.15200004577637,46.80619995117188,59.063642311416814,48.14064998626709,50.89781047602814,45.383489496506044
2024-01-03 00:00:00+00:00,47.48500061035156,48.183998107910156,47.31999969482422,47.569000244140625,320896000,48.90120010375976,46.92983993530274,49.45476272523624,48.243600082397464,50.72738612032903,45.7598140444659
2024-01-04 00:00:00+00:00,47.766998291015625,48.5,47.507999420166016,47.99800109863281,306535000,48.740600204467775,47.03029998779297,49.44223979740678,48.31520004272461,50.67482174420174,45.95557834124748
2024-01-05 00:00:00+00:00,48.46200180053711,49.547000885009766,48.305999755859375,49.09700012207031,415039000,48.83920021057129,47.138980026245115,54.19428270830263,48.494900131225585,50.46862275908975,46.52117750336142
2024-01-08 00:00:00+00:00,49.512001037597656,52.275001525878906,49.479000091552734,52.25299835205078,642510000,49.16549987792969,47.348460006713864,64.59508767747404,48.77775001525879,51.1804420031678,46.37505802734978
2024-01-09 00:00:00+00:00,52.4010009765625,54.32500076293945,51.689998626708984,53.13999938964844,773100000,49.596499633789065,47.60473999023438,63.64851877449629,49.05944995880127,52.0768098157623,46.04209010184023
2024-01-10 00:00:00+00:00,53.61600112915039,54.599998474121094,53.48899841308594,54.349998474121094,533796000,50.103599548339844,47.881739959716796,69.84445485828545,49.44559993743896,53.0682490620874,45.82295081279052
2024-01-11 00:00:00+00:00,54.999000549316406,55.34600067138672,53.560001373291016,54.821998596191406,596759000,50.644099426269534,48.15495994567871,80.6802629027285,49.80384979248047,54.045913731788374,45.561785853172566
2024-01-12 00:00:00+00:00,54.619998931884766,54.970001220703125,54.33000183105469,54.709999084472656,352994000,51.16289939880371,48.43355995178223,78.12193009535248,50.134949684143066,54.82335369051723,45.4465456777689
2024-01-16 00:00:00+00:00,55.018001556396484,56.834999084472656,54.900001525878906,56.38199996948242,449580000,51.84889945983887,48.71469993591309,82.32323710596222,50.536549758911136,55.90751089307864,45.165588624743634
2024-01-17 00:00:00+00:00,56.34700012207031,56.47100067138672,54.7400016784668,56.053001403808594,474394000,52.637399673461914,48.965639953613284,79.29425769439389,50.89469985961914,56.73789639624429,45.05150332299399
2024-01-18 00:00:00+00:00,57.2599983215332,57.599998474121094,56.106998443603516,57.106998443603516,491650000,53.591199493408205,49.20767990112304,80.81424480538399,51.24619979858399,57.69652771080426,44.79587188636371
2024-01-19 00:00:00+00:00,57.98899841308594,59.5,57.224998474121094,59.49100112915039,543501000,54.74049949645996,49.482479934692385,83.77720528437946,51.740549850463864,59.110820972505586,44.37027872842214
2024-01-22 00:00:00+00:00,60.04899978637695,60.33100128173828,59.06999969482422,59.65399932861328,452955000,55.79619941711426,49.756459884643554,83.95443633863582,52.31769981384277,60.27563219968303,44.35976742800251
2024-01-23 00:00:00+00:00,59.56999969482422,59.90999984741211,58.584999084472656,59.87300109863281,294654000,56.55819969177246,50.022439880371095,92.45558650606837,52.861849784851074,61.33345295293931,44.39024661676284
2024-01-24 00:00:00+00:00,60.30400085449219,62.8489990234375,59.9379997253418,61.36199951171875,560271000,57.38039970397949,50.31067985534668,96.99490143131125,53.48844966888428,62.53851492356789,44.43838441420067
2024-01-25 00:00:00+00:00,62.349998474121094,62.71900177001953,60.849998474121094,61.617000579833984,482777000,58.10709991455078,50.57631988525391,96.95884276871185,54.105349731445315,63.61750305778012,44.59319640511051
2024-01-26 00:00:00+00:00,60.959999084472656,61.78300094604492,60.573001861572266,61.03099822998047,390309000,58.72799987792969,50.82453987121582,92.65798896606643,54.68604965209961,64.4087823580573,44.96331694614194
2024-01-29 00:00:00+00:00,61.231998443603516,62.48899841308594,60.90700149536133,62.46500015258789,348733000,59.50349998474121,51.08071990966797,91.62726068035698,55.333199691772464,65.32786527448138,45.338534109063545
2024-01-30 00:00:00+00:00,62.900001525878906,63.49300003051758,62.2599983215332,62.77399826049805,410735000,60.142699813842775,51.3584398651123,91.21320626814045,55.99579963684082,66.12452923779117,45.867070035890485
2024-01-31 00:00:00+00:00,61.439998626708984,62.26900100708008,60.70000076293945,61.527000427246094,453795000,60.69009971618652,51.5993798828125,80.60555602188677,56.66374969482422,66.37217906291347,46.95532032673496
2024-02-01 00:00:00+00:00,62.099998474121094,63.191001892089844,61.650001525878906,63.027000427246094,369146000,61.282099914550784,51.873959884643554,82.1689127707574,57.43664970397949,66.53880222680856,48.33449718115042
2024-02-02 00:00:00+00:00,63.9739990234375,66.5999984741211,63.689998626708984,66.16000366210938,476578000,61.94900016784668,52.188979949951175,86.29391109197931,58.34474983215332,67.09929160121692,49.59020806308972
2024-02-05 00:00:00+00:00,68.2249984741211,69.49700164794922,67.20500183105469,69.33200073242188,680078000,62.916800308227536,52.5767399597168,87.4840861034279,59.3564998626709,68.28634989612482,50.42664982921699
2024-02-06 00:00:00+00:00,69.62999725341797,69.75399780273438,66.30000305175781,68.2229995727539,683111000,63.75180015563965,52.96687995910644,83.70443556259492,60.15499992370606,69.26460837497096,51.04539147244116
2024-02-07 00:00:00+00:00,68.31900024414062,70.22000122070312,67.5999984741211,70.0989990234375,495575000,64.62550010681153,53.413339920043946,84.41406636028108,61.00294990539551,70.51162839364903,51.494271417141995
2024-02-08 00:00:00+00:00,70.0739974975586,70.79399871826172,69.45500183105469,69.64099884033203,414422000,65.42789993286132,53.84131988525391,79.94099485049651,61.767499923706055,71.48058912130153,52.05441072611057
2024-02-09 00:00:00+00:00,70.53299713134766,72.18499755859375,70.21199798583984,72.13300323486328,436637000,66.53810043334961,54.32755996704102,82.36422896010903,62.63305015563965,72.81409145782911,52.4520088534502
2024-02-12 00:00:00+00:00,72.5999984741211,74.61100006103516,71.25,72.24800109863281,613710000,67.5164005279541,54.809720001220704,82.26857374310967,63.50995025634766,73.8377163786193,53.18218413407601
2024-02-13 00:00:00+00:00,70.4000015258789,73.44999694824219,69.62000274658203,72.12799835205078,602580000,68.45180053710938,55.316879959106444,80.23136688477373,64.29725017547608,74.73719705522862,53.85730329572354
2024-02-14 00:00:00+00:00,73.2020034790039,74.23600006103516,71.93800354003906,73.9000015258789,504917000,69.68910064697266,55.859580001831056,81.78335380880247,65.18960018157959,75.71309526406723,54.66610509909195
2024-02-15 00:00:00+00:00,73.86900329589844,73.9749984741211,72.4000015258789,72.65799713134766,420122000,70.6522003173828,56.40253997802734,79.098033405265,65.9671501159668,76.27188158623588,55.66241864569773
2024-02-16 00:00:00+00:00,74.0999984741211,74.4020004272461,72.5009994506836,72.61299896240234,495327000,71.29749984741211,56.923479919433596,77.29422959050606,66.6232500076294,76.86257606004651,56.38392395521228
2024-02-20 00:00:00+00:00,71.9469985961914,71.95600128173828,67.73400115966797,69.4520034790039,704833000,71.30950012207032,57.40246002197266,65.5722498186676,67.11315021514892,76.87493809544932,57.35136233484852
2024-02-21 00:00:00+00:00,68.00599670410156,68.88800048828125,66.24800109863281,67.47200012207031,690298000,71.23440017700196,57.81998001098633,63.40472791717114,67.4931001663208,76.64056069586901,58.34563963677259
2024-02-22 00:00:00+00:00,75.0250015258789,78.57499694824219,74.22000122070312,78.53800201416016,865100000,72.07830047607422,58.440620040893556,74.43369056220642,68.35190029144287,78.26849850545972,58.43530207742603
2024-02-23 00:00:00+00:00,80.79000091552734,82.39399719238281,77.56999969482422,78.81700134277344,829388000,72.99590072631835,59.08442008972168,71.9077679980181,69.21190032958984,79.63936745135427,58.784433207825394
2024-02-26 00:00:00+00:00,79.69999694824219,80.64600372314453,78.50499725341797,79.09200286865234,503973000,73.69180068969726,59.7131201171875,68.7764471110618,70.11495056152344,80.68657701433631,59.54332410871058
2024-02-27 00:00:00+00:00,79.38099670410156,79.4800033569336,77.16200256347656,78.70099639892578,391705000,74.33710021972657,60.3253800201416,70.730431275423,70.92675037384033,81.51845190189228,60.33504884578839
2024-02-28 00:00:00+00:00,77.62000274658203,78.93299865722656,77.125,77.66300201416016,393110000,74.8906005859375,60.911640090942385,65.4784293460188,71.67120056152343,81.93816617160286,61.404234951444
2024-02-29 00:00:00+00:00,79.09400177001953,79.98999786376953,78.3499984741211,79.11199951171875,507289000,75.41180038452148,61.51608009338379,68.62536222729615,72.55045051574707,82.14978548718665,62.95111554430749
2024-03-01 00:00:00+00:00,80.0,82.30000305175781,79.43499755859375,82.27899932861328,479135000,76.37390060424805,62.16012008666992,69.43676958064648,73.51305046081544,82.95111380840486,64.07498711322602
2024-03-04 00:00:00+00:00,84.12999725341797,87.69499969482422,83.71900177001953,85.23699951171875,615616000,77.63630065917968,62.872780075073244,72.43892242181474,74.4669002532959,84.60596524101014,64.32783526558167
2024-03-05 00:00:00+00:00,85.2699966430664,86.09700012207031,83.41699981689453,85.96399688720703,520639000,79.2875,63.62984001159668,73.41116261633212,75.29850006103516,86.3513673483247,64.24563277374561
2024-03-06 00:00:00+00:00,88.02200317382812,89.7239990234375,87.02999877929688,88.69999694824219,582520000,81.4102996826172,64.42403991699219,74.2511559480349,76.32234992980958,88.36490559594563,64.27979426367352
2024-03-07 00:00:00+00:00,90.15799713134766,92.76699829101562,89.60199737548828,92.66899871826172,608119000,82.82339935302734,65.30081985473633,80.09988147710195,77.45084991455079,91.15350070623779,63.74819912286378
2024-03-08 00:00:00+00:00,95.13800048828125,97.4000015258789,86.50599670410156,87.52799987792969,1142269000,83.69449920654297,66.06579986572265,69.452489369455,78.34519996643067,92.23522267257613,64.45517726028521
2024-03-11 00:00:00+00:00,86.42900085449219,88.7969970703125,84.16600036621094,85.77400207519531,678364000,84.36269912719726,66.79293991088868,72.09856276917476,79.02724990844726,92.97242331427417,65.08207650262035
2024-03-12 00:00:00+00:00,88.04900360107422,91.95999908447266,86.1500015258789,91.91300201416016,668075000,85.6838996887207,67.64075996398925,79.74154121988252,80.01049995422363,94.69648411469296,65.3245157937543
2024-03-13 00:00:00+00:00,91.05500030517578,91.50399780273438,88.43499755859375,90.88800048828125,635713000,87.00639953613282,68.46807998657226,69.88855942084612,80.94850006103516,95.90851992782459,65.98848019424574
2024-03-14 00:00:00+00:00,89.5770034790039,90.64600372314453,86.5999984741211,87.94400024414062,602318000,87.889599609375,69.26360000610352,63.536320700275866,81.65069999694825,96.53590579035117,66.76549420354533
2024-03-15 00:00:00+00:00,86.93000030517578,89.5459976196289,86.25700378417969,87.83699798583984,642086000,88.44539947509766,70.0689599609375,63.03472290137622,82.40965003967285,96.90709732359613,67.91220275574958
2024-03-18 00:00:00+00:00,90.38800048828125,92.40499877929688,87.08499908447266,88.45500183105469,668976000,88.76719970703125,70.87809997558594,64.44096695336765,83.20175018310547,97.16681446976773,69.23668589644322
2024-03-19 00:00:00+00:00,86.69999694824219,90.54399871826172,85.01000213623047,89.39800262451172,672171000,89.11060028076172,71.68412002563477,67.422870103885,84.19905014038086,96.81320437337556,71.58489590738617
2024-03-20 00:00:00+00:00,89.7969970703125,90.41000366210938,88.2229995727539,90.37200164794922,479063000,89.27780075073242,72.44650009155274,66.95681127096894,85.3440502166748,95.47888683230184,75.20921360104776
2024-03-21 00:00:00+00:00,92.30000305175781,92.64800262451172,90.40499877929688,91.43499755859375,480372000,89.15440063476562,73.21240005493163,64.72120129232103,85.98889999389648,95.93990164148879,76.03789834630417
2024-03-22 00:00:00+00:00,91.14099884033203,94.77799987792969,90.83399963378906,94.28900146484375,586719000,89.83050079345703,74.0111801147461,64.60282795143615,86.7625,96.77136949062259,76.75363050937742
2024-03-25 00:00:00+00:00,93.94100189208984,96.76599884033203,93.51000213623047,95.00199890136719,552136000,90.75330047607422,74.8147801208496,64.58683188318211,87.55799980163575,97.52889843079986,77.58710117247163
2024-03-26 00:00:00+00:00,95.85099792480469,96.375,92.50199890136719,92.56099700927734,513648000,90.81809997558594,75.5718000793457,56.2913465997173,88.25099983215333,97.532763315176,78.96923634913065
2024-03-27 00:00:00+00:00,93.11199951171875,93.23999786376953,89.12300109863281,90.25,586067000,90.75429992675781,76.24916007995606,45.83319205798624,88.8803497314453,96.73677936646558,81.02392009642503
2024-03-28 00:00:00+00:00,90.0,91.30000305175781,89.19300079345703,90.35600280761719,435212000,90.99550018310546,76.93522010803223,55.89363623643741,89.44254989624024,95.82710472765203,83.05799506482845
2024-04-01 00:00:00+00:00,90.29900360107422,92.2249984741211,89.2040023803711,90.36299896240234,452441000,91.24810028076172,77.6003401184082,60.31466918544691,89.84674987792968,95.2734923169448,84.42000743891457
2024-04-02 00:00:00+00:00,88.447998046875,90.09400177001953,87.62000274658203,89.4520034790039,433064000,91.34780044555664,78.19956016540527,42.76899928803669,90.05750007629395,95.03963653369237,85.07536361889552
2024-04-03 00:00:00+00:00,88.48400115966797,90.3740005493164,88.4000015258789,88.96399688720703,370067000,91.30439987182618,78.78576011657715,44.16261162269504,90.20750007629394,94.83901633014784,85.57598382244004
2024-04-04 00:00:00+00:00,90.40599822998047,90.63400268554688,85.87999725341797,85.90499877929688,434965000,90.85769958496094,79.30640007019043,43.856579346616776,90.06775016784668,95.04644856755533,85.08905176813803
2024-04-05 00:00:00+00:00,86.86599731445312,88.48100280761719,85.9260025024414,88.00800323486328,399678000,90.51500015258789,79.83932014465331,50.45991398414287,89.83470039367675,94.73647555654168,84.93292523081183
2024-04-08 00:00:00+00:00,88.69999694824219,88.83000183105469,86.73200225830078,87.13300323486328,283220000,89.79940032958984,80.3496401977539,46.49300024894301,89.81495056152343,94.75886011508992,84.87104100795695
2024-04-09 00:00:00+00:00,87.44200134277344,87.63500213623047,83.02200317382812,85.35399627685547,503547000,88.83460006713867,80.83610015869141,39.72768449261286,89.79395027160645,94.81312772923364,84.77477281397925
2024-04-10 00:00:00+00:00,83.9260025024414,87.4000015258789,83.70899963378906,87.03900146484375,431929000,88.28240051269532,81.32758018493652,41.828883946858,89.55025024414063,94.60935864781275,84.4911418404685
2024-04-11 00:00:00+00:00,87.41999816894531,90.73899841308594,86.9260025024414,90.61599731445312,431637000,88.31900024414062,81.88442016601563,48.2124932977657,89.53665008544922,94.58206043454986,84.49123973634859
2024-04-12 00:00:00+00:00,89.6989974975586,90.17500305175781,87.52999877929688,88.18599700927734,426805000,88.10199966430665,82.41760009765625,36.42872533002166,89.54874992370605,94.5792168613255,84.5182829860866
2024-04-15 00:00:00+00:00,89.0979995727539,90.61299896240234,85.92900085449219,86.0009994506836,443077000,87.66579971313476,82.877080078125,31.2142665838241,89.45694999694824,94.6821819553508,84.23171803854568
2024-04-16 00:00:00+00:00,86.43299865722656,88.11799621582031,86.06400299072266,87.41500091552734,370453000,87.46209945678712,83.30218002319336,38.77890468151199,89.40494995117187,94.69249357885388,84.11740632348986
2024-04-17 00:00:00+00:00,88.33999633789062,88.7750015258789,83.94999694824219,84.03500366210938,495400000,86.96920013427734,83.59624008178712,37.05155585678781,89.13680000305176,94.94422257943171,83.32937742667181
2024-04-18 00:00:00+00:00,84.97000122070312,86.19000244140625,82.4020004272461,84.6709976196289,447260000,86.84580001831054,83.92520004272461,38.41166508297655,88.85174980163575,94.95596475845917,82.74753484481232
2024-04-19 00:00:00+00:00,83.1500015258789,84.3239974975586,75.60600280761719,76.19999694824219,875198000,85.66499938964844,84.04722000122071,28.536355645873854,88.08999977111816,96.28216882063589,79.89783072160043
2024-04-22 00:00:00+00:00,78.10399627685547,80.072998046875,76.4000015258789,79.51799774169922,596341000,84.90349884033203,84.24475997924804,35.96892207890171,87.35144958496093,95.84817006052656,78.85472910939531
2024-04-23 00:00:00+00:00,80.76899719238281,82.76899719238281,80.26399993896484,82.4229965209961,438559000,84.61039886474609,84.4505598449707,41.35177283502294,86.72249946594238,94.67988477052023,78.76511416136452
2024-04-24 00:00:00+00:00,83.94999694824219,84.08200073242188,79.18299865722656,79.677001953125,512208000,83.87419891357422,84.59913986206055,41.69688941039001,86.07829971313477,94.13103412176132,78.02556530450822
2024-04-25 00:00:00+00:00,78.86799621582031,83.322998046875,78.2229995727539,82.63200378417969,424641000,83.07579956054687,84.80921997070313,42.991969800674184,85.69739990234375,93.63920406492426,77.75559573976324
2024-04-26 00:00:00+00:00,83.81800079345703,88.33100128173828,83.38700103759766,87.73500061035156,551011000,83.0306999206543,85.08591995239257,50.70683530025339,85.56634979248047,93.26732657857795,77.86537300638298
2024-04-29 00:00:00+00:00,87.59500122070312,87.99199676513672,85.26599884033203,87.75700378417969,388971000,83.2063003540039,85.38790008544922,52.942915473415205,85.43605003356933,92.87917497921934,77.99292508791932
2024-04-30 00:00:00+00:00,87.23999786376953,88.81900024414062,86.30000305175781,86.4020004272461,363709000,83.10500030517578,85.6636801147461,49.213520443871644,85.28354988098144,92.50180990896469,78.06528985299819
2024-05-01 00:00:00+00:00,85.0770034790039,86.0,81.25499725341797,83.04100036621094,559863000,83.00559997558594,85.93546005249023,40.59730553382666,84.98740005493164,92.05429565076116,77.92050445910212
2024-05-02 00:00:00+00:00,84.4489974975586,86.23699951171875,83.19999694824219,85.81700134277344,377898000,83.1202003479004,86.3023600769043,47.08445593393203,84.98300018310547,92.04759950755896,77.91840085865199
2024-05-03 00:00:00+00:00,87.78900146484375,89.28099822998047,87.04000091552734,88.78900146484375,398341000,84.37910079956055,86.50738006591797,53.36601442647352,85.0220500946045,92.16524975439522,77.87885043481377
2024-05-06 00:00:00+00:00,89.38999938964844,92.22000122070312,89.05500030517578,92.13999938964844,376203000,85.64130096435547,86.77384002685547,55.449700735696176,85.27239990234375,93.04990809530508,77.49489170938242
2024-05-07 00:00:00+00:00,91.0979995727539,91.78099822998047,89.01100158691406,90.55400085449219,437342000,86.45440139770508,87.00307998657226,57.84344215615395,85.53240013122559,93.6611329036238,77.40366735882738
2024-05-08 00:00:00+00:00,89.48300170898438,91.19400024414062,89.41999816894531,90.41200256347656,325721000,87.52790145874023,87.23730010986328,56.99048476192582,85.70105018615723,94.0969667851492,77.30513358716526
2024-05-09 00:00:00+00:00,90.52899932861328,91.0719985961914,88.23100280761719,88.74700164794922,378013000,88.13940124511718,87.45898010253906,68.31305442400036,85.60760040283203,93.81261403822167,77.4025867674424
2024-05-10 00:00:00+00:00,90.30500030517578,91.4010009765625,89.22699737548828,89.87799835205078,335325000,88.35370101928712,87.6743000793457,66.1521720822614,85.6922004699707,94.04275302342212,77.34164791651928
2024-05-13 00:00:00+00:00,90.47799682617188,90.99800109863281,88.52899932861328,90.39900207519531,289680000,88.61790084838867,87.83670013427735,63.433952633806754,85.91210060119629,94.52441994085187,77.2997812615407
2024-05-14 00:00:00+00:00,89.5989990234375,91.6510009765625,88.93399810791016,91.35600280761719,296507000,89.11330108642578,87.95908020019532,70.93235746814727,86.10915069580078,95.04067968639373,77.17762170520783
2024-05-15 00:00:00+00:00,92.47200012207031,94.86199951171875,91.5989990234375,94.62999725341797,417735000,90.27220077514649,88.13240020751954,71.26097827477128,86.6389003753662,96.28100151898195,76.99679923175046
2024-05-16 00:00:00+00:00,94.91000366210938,95.81900024414062,94.10299682617188,94.35900115966797,323952000,91.12640075683593,88.24558029174804,64.1635347882389,87.12330055236816,97.30731783371124,76.93928327102509
2024-05-17 00:00:00+00:00,94.36900329589844,94.73999786376953,91.80599975585938,92.47899627685547,359691000,91.4954002380371,88.24178024291992,59.35344484949308,87.93725051879883,96.98399593004017,78.8905051075575
2024-05-20 00:00:00+00:00,93.75,95.19999694824219,93.44000244140625,94.77999877929688,318764000,91.75940017700195,88.38682022094727,65.99587532516264,88.70035057067871,97.32162248433131,80.0790786570261
2024-05-21 00:00:00+00:00,93.5989990234375,95.4000015258789,93.18000030517578,95.38600158691406,328946000,92.24260025024414,88.57906021118164,76.34106159711664,89.3485008239746,97.9317261449102,80.765275503039
2024-05-22 00:00:00+00:00,95.45899963378906,96.0199966430664,93.2490005493164,94.94999694824219,548648000,92.6963996887207,88.63980010986329,71.64934955015043,90.11215057373047,97.73643994441325,82.4878612030477
2024-05-23 00:00:00+00:00,102.02799987792969,106.31999969482422,101.5199966430664,103.79900360107422,835065000,94.2015998840332,88.89802017211915,77.8272102535408,91.17050056457519,100.17449676128244,82.16650436786794
2024-05-24 00:00:00+00:00,104.4489974975586,106.4749984741211,103.0,106.46900177001953,429494000,95.86070022583007,89.26852020263672,77.25283849422753,92.1072006225586,103.25014826149147,80.96425298362571
2024-05-28 00:00:00+00:00,110.24400329589844,114.93900299072266,109.88300323486328,113.9010009765625,652728000,98.2109001159668,89.78980026245117,86.3264245014245,93.41440048217774,108.00823610783809,78.8205648565174
2024-05-29 00:00:00+00:00,113.05000305175781,115.49199676513672,110.9010009765625,114.82499694824219,557442000,100.5577995300293,90.31720016479493,87.08264553605078,94.83555030822754,111.88348107766254,77.78761953879254
2024-05-30 00:00:00+00:00,114.6500015258789,115.81900024414062,109.66300201416016,110.5,487350000,102.1447998046875,90.73924011230469,80.57171237719405,96.208500289917,113.67465085839962,78.74234972143438
2024-05-31 00:00:00+00:00,112.5199966430664,112.71700286865234,106.94000244140625,109.63300323486328,613263000,103.67220001220703,91.12446014404297,77.97128947189896,97.39930038452148,115.12789403627949,79.67070673276348
2024-06-03 00:00:00+00:00,113.62100219726562,115.0,112.00299835205078,115.0,438392000,105.92430038452149,91.5957601928711,80.6294977696382,98.7098503112793,117.59585718011479,79.8238434424438
2024-06-04 00:00:00+00:00,115.71600341796875,116.5999984741211,114.04499816894531,116.43699645996094,403324000,108.09000015258789,92.03872009277343,80.85828686558904,99.92470016479493,120.11228118043084,79.73711914915901
2024-06-05 00:00:00+00:00,118.37100219726562,122.4489974975586,117.46800231933594,122.44000244140625,528402000,110.7954002380371,92.58748016357421,82.06281442794236,101.51900024414063,123.54339105682413,79.49460943145712
2024-06-06 00:00:00+00:00,124.0479965209961,125.58699798583984,118.31999969482422,120.99800109863281,664696000,113.40020065307617,93.15622024536133,79.90524540251947,103.04830017089844,126.05123553128935,80.04536481050754
2024-06-07 00:00:00+00:00,119.7699966430664,121.69200134277344,118.02200317382812,120.88800048828125,412386000,115.10910034179688,93.76898025512695,83.21214081296596,104.65535011291504,127.94061536494145,81.37008486088864
2024-06-10 00:00:00+00:00,120.37000274658203,123.0999984741211,117.01000213623047,121.79000091552734,314162700,116.64120025634766,94.39766021728515,82.64442874428141,106.25095024108887,129.64584096761698,82.85605951456077
2024-06-11 00:00:00+00:00,121.7699966430664,122.87000274658203,118.73999786376953,120.91000366210938,222551200,117.34210052490235,95.0086003112793,80.64547569399025,107.77650032043456,130.79517401288982,84.75782662797931
2024-06-12 00:00:00+00:00,123.05999755859375,126.87999725341797,122.56999969482422,125.19999694824219,299595000,118.37960052490234,95.72356018066407,83.24322982832935,109.46870002746581,132.38046008464798,86.55693997028365
2024-06-13 00:00:00+00:00,129.38999938964844,129.8000030517578,127.16000366210938,129.61000061035156,260704500,120.2906005859375,96.53648025512695,81.4316079189354,111.2177001953125,134.69360683559745,87.74179355502757
2024-06-14 00:00:00+00:00,129.9600067138672,132.83999633789062,128.32000732421875,131.8800048828125,309320400,122.51530075073242,97.45598037719726,81.24893629597383,113.09375038146973,136.8917389323671,89.29576183057236
2024-06-17 00:00:00+00:00,132.99000549316406,133.72999572753906,129.5800018310547,130.97999572753906,288504400,124.11330032348633,98.31542022705078,75.02270240687989,115.0188003540039,138.01064590354852,92.02695480445928
2024-06-18 00:00:00+00:00,131.13999938964844,136.3300018310547,130.69000244140625,135.5800018310547,294335100,126.0276008605957,99.28436019897461,77.45152490980675,117.0588005065918,139.72753841855177,94.3900625946318
2024-06-20 00:00:00+00:00,139.8000030517578,140.75999450683594,129.52000427246094,130.77999877929688,517768400,126.86160049438476,100.19288024902343,76.4904001773109,118.82850036621093,139.83884764227446,97.81815309014739
2024-06-21 00:00:00+00:00,127.12000274658203,130.6300048828125,124.30000305175781,126.56999969482422,655484700,127.4188003540039,100.98350021362305,70.34668719697179,120.40950050354004,138.39529283688813,102.42370817019196
2024-06-24 00:00:00+00:00,123.23999786376953,124.45999908447266,118.04000091552734,118.11000061035156,476060900,127.14100036621093,101.53338027954102,53.4776571486682,121.1250503540039,137.384203620421,104.86589708758679
2024-06-25 00:00:00+00:00,121.19999694824219,126.5,119.31999969482422,126.08999633789062,425787500,127.57099990844726,102.29146026611328,59.4162712328604,122.10610008239746,136.94780565614207,107.26439450865284
2024-06-26 00:00:00+00:00,126.12999725341797,128.1199951171875,122.5999984741211,126.4000015258789,362975900,128.11999969482423,103.09944030761719,54.34553320427912,122.73105010986328,137.1650359775616,108.29706424216496
2024-06-27 00:00:00+00:00,124.0999984741211,126.41000366210938,122.91999816894531,123.98999786376953,252571700,127.99899978637696,103.83094024658203,53.214986936479406,123.18930015563964,137.140298338384,109.23830197289527
2024-06-28 00:00:00+00:00,124.58000183105469,127.70999908447266,122.75,123.54000091552734,315516700,127.39199981689453,104.6210401916504,52.8289804901321,123.84130020141602,136.44954090919515,111.23305949363689
2024-07-01 00:00:00+00:00,123.47000122070312,124.83999633789062,118.83000183105469,124.30000305175781,284885500,126.63399963378906,105.41362030029296,52.68564213174308,124.57465019226075,135.26331016168027,113.88599022284123
2024-07-02 00:00:00+00:00,121.12999725341797,123.41000366210938,121.02999877929688,122.66999816894531,218374000,125.8029998779297,106.34302032470703,51.85340515372707,124.95815010070801,134.70967064237433,115.20662955904169
2024-07-03 00:00:00+00:00,121.66000366210938,128.27999877929688,121.36000061035156,128.27999877929688,215749000,125.0729995727539,107.31826034545898,53.155737410178794,125.5503002166748,134.5309754958389,116.56962493751068
2024-07-05 00:00:00+00:00,127.37999725341797,128.85000610351562,125.68000030517578,125.83000183105469,214176700,124.57799987792968,108.18640045166016,45.964990806943206,125.71980018615723,134.58046650517522,116.85913386713924
2024-07-08 00:00:00+00:00,127.48999786376953,130.77000427246094,127.04000091552734,128.1999969482422,237677300,124.74099960327149,109.1568603515625,46.08009528450284,126.0798999786377,134.71510013571174,117.44469982156366
2024-07-09 00:00:00+00:00,130.35000610351562,133.82000732421875,128.64999389648438,131.3800048828125,285366600,126.06800003051758,110.13182037353516,50.40634805093991,126.60450019836426,135.1862792090237,118.02272118770485
2024-07-10 00:00:00+00:00,134.02999877929688,135.10000610351562,132.4199981689453,134.91000366210938,248978600,126.95000076293945,111.07532043457032,49.30425956225188,127.26050033569337,136.28698980928806,118.23401086209866
2024-07-11 00:00:00+00:00,135.75,136.14999389648438,127.05000305175781,127.4000015258789,374782700,127.05000076293945,111.8681803894043,46.67715620740249,127.58500022888184,136.10250952626913,119.06749093149455
2024-07-12 00:00:00+00:00,128.25999450683594,131.9199981689453,127.22000122070312,129.24000549316406,252680500,127.5750015258789,112.72494049072266,52.75315021218018,127.78700065612793,136.25784912318946,119.31615218906641
2024-07-15 00:00:00+00:00,130.55999755859375,131.38999938964844,127.18000030517578,128.44000244140625,208326200,128.06500167846679,113.63292053222656,62.650009193388534,127.72850074768067,136.1624195850062,119.29458191035513
2024-07-16 00:00:00+00:00,128.44000244140625,129.0399932861328,124.58000183105469,126.36000061035156,214769500,128.27100143432617,114.44378051757812,50.38649311935222,127.45250053405762,135.6729688485155,119.23203221959974
2024-07-17 00:00:00+00:00,121.3499984741211,121.8499984741211,116.72000122070312,117.98999786376953,390086200,127.8030014038086,115.02780044555664,40.21865596363165,126.80300064086914,135.86007352619407,117.74592775554423
2024-07-18 00:00:00+00:00,121.8499984741211,122.4000015258789,116.55999755859375,121.08999633789062,320979500,127.08400115966796,115.60680038452148,46.680402366578654,126.07850036621093,134.47335918451728,117.68364154790459
2024-07-19 00:00:00+00:00,120.3499984741211,121.5999984741211,117.37000274658203,117.93000030517578,217223800,126.29400100708008,116.15432037353516,43.953439492457115,125.43600044250488,134.27118968038948,116.60081120462029
2024-07-22 00:00:00+00:00,120.3499984741211,124.06999969482422,119.86000061035156,123.54000091552734,258068900,125.8280014038086,116.81688034057618,49.25838998673492,125.28450050354004,134.1417011709811,116.42729983609898
2024-07-23 00:00:00+00:00,122.77999877929688,124.69000244140625,122.0999984741211,122.58999633789062,173911000,124.94900054931641,117.493740234375,49.92088428523184,125.508500289917,133.81095272780564,117.20604785202836
2024-07-24 00:00:00+00:00,119.16999816894531,119.94999694824219,113.44000244140625,114.25,327776900,122.88300018310547,117.98118026733398,36.83618265188491,124.91650047302247,134.61541325806513,115.2175876879798
2024-07-25 00:00:00+00:00,113.04000091552734,116.62999725341797,106.30000305175781,112.27999877929688,460067000,121.37099990844726,118.41880020141602,37.170990567059924,124.21050033569335,135.39638424599354,113.02461642539316
2024-07-26 00:00:00+00:00,116.19000244140625,116.19999694824219,111.58000183105469,113.05999755859375,293399100,119.75299911499023,118.85288009643554,35.22062229742714,123.66400032043457,135.9127453910063,111.41525524986284
2024-07-29 00:00:00+00:00,113.69000244140625,116.27999877929688,111.30000305175781,111.58999633789062,248152100,118.06799850463867,119.192080078125,30.014133870498483,123.06650009155274,136.4536652402756,109.67933494282987
2024-07-30 00:00:00+00:00,111.5199966430664,111.98999786376953,102.54000091552734,103.7300033569336,486833300,115.80499877929688,119.37950012207031,21.043835431251352,122.03800010681152,137.94893139027664,106.1270688233464
2024-07-31 00:00:00+00:00,112.9000015258789,118.33999633789062,110.87999725341797,117.0199966430664,473174200,115.70799865722657,119.87032012939453,41.294862686243235,121.75550003051758,137.8190845378071,105.69191552322806
2024-08-01 00:00:00+00:00,117.52999877929688,120.16000366210938,106.80999755859375,109.20999908447266,523462300,114.51999893188477,120.15892013549805,34.73089658719758,120.80200004577637,137.48682652756304,104.1171735639897
2024-08-02 00:00:00+00:00,103.76000213623047,108.72000122070312,101.37000274658203,107.2699966430664,482027500,113.45399856567383,120.3966000366211,34.1375621353299,119.87399978637696,137.42352033441836,102.32447923833556
2024-08-05 00:00:00+00:00,92.05999755859375,103.41000366210938,90.69000244140625,100.44999694824219,552842400,111.1449981689453,120.5066000366211,31.87350723986664,118.48649978637695,137.58402496073884,99.38897461201506
2024-08-06 00:00:00+00:00,103.83999633789062,107.70999908447266,100.55000305175781,104.25,409012100,109.31099853515624,120.51561996459961,39.73094119263769,117.12999954223633,136.22550502736206,98.03449405711059
2024-08-07 00:00:00+00:00,107.80999755859375,108.80000305175781,98.69000244140625,98.91000366210938,411440400,107.7769989013672,120.36444000244141,33.960082610228994,115.32999954223632,134.15367874856614,96.50632033590651
2024-08-08 00:00:00+00:00,102.0,105.5,97.5199966430664,104.97000122070312,391910000,107.0459991455078,120.18582000732422,41.00499606827695,114.20849952697753,132.67360825298687,95.7433908009682
2024-08-09 00:00:00+00:00,105.63999938964844,106.5999984741211,103.43000030517578,104.75,290844200,106.21499938964844,119.98432006835938,35.903972402762975,112.98399925231934,130.47438858016673,95.49360992447195
2024-08-12 00:00:00+00:00,106.31999969482422,111.06999969482422,106.26000213623047,109.0199966430664,325559900,105.95799942016602,119.9547200012207,40.30298420964541,112.01299896240235,127.98045675915881,96.04554116564589
2024-08-13 00:00:00+00:00,112.44000244140625,116.2300033569336,111.58000183105469,116.13999938964844,312646700,107.1989990234375,120.0848599243164,51.37454531572828,111.50199890136719,126.13456438730242,96.86943341543196
2024-08-14 00:00:00+00:00,118.52999877929688,118.5999984741211,114.06999969482422,118.08000183105469,339246400,107.30499954223633,120.1464599609375,54.22002636538101,111.50649909973144,126.1475190332643,96.86547916619858
2024-08-15 00:00:00+00:00,118.76000213623047,123.23999786376953,117.47000122070312,122.86000061035156,318086700,108.66999969482421,120.27492004394531,56.738177216432916,111.59499931335449,126.49896832749458,96.6910302992144
2024-08-16 00:00:00+00:00,121.94000244140625,125.0,121.18000030517578,124.58000183105469,302589900,110.40100021362305,120.31772003173828,58.900923661917695,111.92749938964843,127.69806701673362,96.15693176256325
2024-08-19 00:00:00+00:00,124.27999877929688,130.0,123.41999816894531,130.0,318333600,113.35600051879882,120.49776000976563,68.62328083044342,112.25049934387206,129.23999964813905,95.26099903960508
2024-08-20 00:00:00+00:00,128.39999389648438,129.8800048828125,125.88999938964844,127.25,300087400,115.65600051879883,120.625,58.526424171713394,112.48349952697754,130.18303186057673,94.78396719337834
2024-08-21 00:00:00+00:00,127.31999969482422,129.35000610351562,126.66000366210938,128.5,257883600,118.6150001525879,120.75919998168945,68.05165712647275,113.19599952697754,132.2874884072681,94.10451064668699
2024-08-22 00:00:00+00:00,130.02000427246094,130.75,123.0999984741211,123.73999786376953,376189100,120.49199981689453,120.81579986572265,64.64000108506944,113.76899948120118,133.42431222768775,94.1136867347146
2024-08-23 00:00:00+00:00,125.86000061035156,129.60000610351562,125.22000122070312,129.3699951171875,323230300,122.95399932861328,120.89919982910156,76.26225885514182,114.58449935913086,135.43313352421492,93.7358651940468
2024-08-26 00:00:00+00:00,129.57000732421875,131.25999450683594,124.37000274658203,126.45999908447266,331964700,124.6979995727539,120.83619979858399,70.50027964123107,115.32799949645997,136.7788782290845,93.8771207638354
2024-08-27 00:00:00+00:00,125.05000305175781,129.1999969482422,123.87999725341797,128.3000030517578,303134600,125.91399993896485,120.76459976196288,79.00138193379787,116.55649948120117,138.0249147633112,95.08808419909116
2024-08-28 00:00:00+00:00,128.1199951171875,128.3300018310547,122.63999938964844,125.61000061035156,448101100,126.66699981689453,120.65719985961914,71.81817976529855,116.98599967956542,138.83381158789336,95.1381877712375
2024-08-29 00:00:00+00:00,121.36000061035156,124.43000030517578,116.70999908447266,117.58999633789062,453023300,126.13999938964844,120.29739974975585,61.6515380359199,117.40499954223633,138.94414438976295,95.86585469470971
2024-08-30 00:00:00+00:00,119.52999877929688,121.75,117.22000122070312,119.37000274658203,333751600,125.61899948120117,120.06919982910156,59.836535812172805,118.0099998474121,139.02384270379022,96.99615699103398
2024-09-03 00:00:00+00:00,116.01000213623047,116.20999908447266,107.29000091552734,108.0,477155100,123.41899948120117,119.69779983520507,42.84207077220829,118.3875,138.31636733458137,98.45863266541863
2024-09-04 00:00:00+00:00,105.41000366210938,113.2699966430664,104.12000274658203,106.20999908447266,372470300,121.31499938964843,119.4597998046875,39.534473863175435,118.48549995422363,138.13902177797397,98.83197813047329
2024-09-05 00:00:00+00:00,104.98999786376953,109.6500015258789,104.76000213623047,107.20999908447266,306850700,119.18599929809571,119.08219985961914,35.21632635175952,118.9004997253418,137.11114865707003,100.68985079361357
2024-09-06 00:00:00+00:00,108.04000091552734,108.1500015258789,100.94999694824219,102.83000183105469,413638100,117.09499969482422,118.61079986572265,30.43713306105957,118.79349975585937,137.3702530445534,100.21674646716534
2024-09-09 00:00:00+00:00,104.87999725341797,106.55000305175781,103.69000244140625,106.47000122070312,273912000,114.80500030517578,118.26039993286133,28.13604053658976,118.87949981689454,137.19662257188148,100.5623770619076
2024-09-10 00:00:00+00:00,107.80999755859375,109.4000015258789,104.94999694824219,108.0999984741211,268283700,112.96900024414063,117.9515998840332,31.827673310228434,118.83349990844727,137.25917541635897,100.40782440053556
2024-09-11 00:00:00+00:00,109.38999938964844,117.19000244140625,107.41999816894531,116.91000366210938,441422400,111.83000030517579,117.80379989624024,40.381748213582476,118.87200012207032,137.27718507556986,100.46681516857079
2024-09-12 00:00:00+00:00,116.83999633789062,120.79000091552734,115.37999725341797,119.13999938964844,367100500,111.18300018310546,117.7331999206543,46.01524794801438,118.925,137.32668665120121,100.52331334879878
2024-09-13 00:00:00+00:00,119.08000183105469,119.95999908447266,117.5999984741211,119.0999984741211,238358300,111.33400039672851,117.54959991455078,40.14963151921215,118.73699989318848,137.04601035253387,100.42798943384308
2024-09-16 00:00:00+00:00,116.79000091552734,118.18000030517578,114.36000061035156,116.77999877929688,248772300,111.075,117.36859985351562,40.609238196165386,118.34699974060058,136.4632415568359,100.23075792436528
2024-09-17 00:00:00+00:00,118.16999816894531,118.80000305175781,114.83000183105469,115.58999633789062,231925900,111.83399963378906,117.11639984130859,37.51227838931519,117.62649955749512,134.9188329714702,100.33416614352004
2024-09-18 00:00:00+00:00,115.88999938964844,117.69999694824219,113.22000122070312,113.37000274658203,310318900,112.55,116.75619979858398,37.861963054184585,116.93249969482422,133.70491479206402,100.16008459758443
2024-09-19 00:00:00+00:00,117.3499984741211,119.66000366210938,117.25,117.87000274658203,293506400,113.61600036621094,116.41539978027343,50.29851428526809,116.40099983215332,132.27990388092846,100.52209578337818
2024-09-20 00:00:00+00:00,117.05999755859375,118.62000274658203,115.38999938964844,116.0,382462400,114.93300018310546,116.18739974975585,46.414127580562855,116.01399993896484,131.51250649461824,100.51549338331144
2024-09-23 00:00:00+00:00,116.55000305175781,116.98999786376953,114.86000061035156,116.26000213623047,206228500,115.9120002746582,115.92779968261719,61.510594716452516,115.35850028991699,129.53076315567415,101.18623742415983
2024-09-24 00:00:00+00:00,116.5199966430664,121.80000305175781,115.37999725341797,120.87000274658203,354966800,117.18900070190429,115.7763996887207,68.9405747004526,115.07900047302246,128.53163000183864,101.6263709442063
2024-09-25 00:00:00+00:00,122.0199966430664,124.94000244140625,121.61000061035156,123.51000213623047,284692900,117.8490005493164,115.71939971923828,70.20327780303678,114.8395004272461,127.44495096352762,102.23404989096457
2024-09-26 00:00:00+00:00,126.80000305175781,127.66999816894531,121.80000305175781,124.04000091552734,302582900,118.3390007019043,115.84039978027344,79.06275736663142,114.76100044250488,127.10079367114055,102.42120721386921
2024-09-27 00:00:00+00:00,123.97000122070312,124.02999877929688,119.26000213623047,121.4000015258789,271009200,118.56900100708008,115.8465998840332,71.03409580705735,114.9515007019043,127.58922344003905,102.31377796376954
2024-09-30 00:00:00+00:00,118.30999755859375,121.5,118.1500015258789,121.44000244140625,226553700,119.03500137329101,115.91679992675782,69.67552119002346,115.05500068664551,127.87764037379935,102.23236099949168
2024-10-01 00:00:00+00:00,121.7699966430664,122.44000244140625,115.79000091552734,117.0,302094500,119.17600173950196,115.78599990844727,50.1523812082812,115.5050006866455,127.91005405623815,103.09994731705285
2024-10-02 00:00:00+00:00,116.44000244140625,119.37999725341797,115.13999938964844,118.8499984741211,221845900,119.72400131225587,115.71119995117188,49.50257135446479,116.13700065612792,127.81476976915816,104.45923154309769
2024-10-03 00:00:00+00:00,120.91999816894531,124.36000061035156,120.33999633789062,122.8499984741211,277118000,120.22200088500976,115.88319992065429,55.662941605062365,116.91900062561035,128.1664694685432,105.6715317826775
2024-10-04 00:00:00+00:00,124.94000244140625,125.04000091552734,121.83000183105469,124.91999816894531,243678100,121.1140007019043,116.13599990844726,62.38587832996596,118.02350044250488,127.67008768485834,108.37691320015142
2024-10-07 00:00:00+00:00,124.98999786376953,130.63999938964844,124.94999694824219,127.72000122070312,346250200,122.26000061035157,116.42919998168945,67.5950166133546,119.08600044250488,128.03003372366675,110.14196716134302
2024-10-08 00:00:00+00:00,130.25999450683594,133.47999572753906,129.4199981689453,132.88999938964844,285722500,123.46200027465821,116.8552000427246,76.08230039869798,120.32550048828125,129.71878660407847,110.93221437248403
2024-10-09 00:00:00+00:00,134.11000061035156,134.52000427246094,131.3800048828125,132.64999389648438,246191600,124.3759994506836,117.43359985351563,72.28586567714649,121.1125,131.84318221525916,110.38181778474082
2024-10-10 00:00:00+00:00,131.91000366210938,135.0,131.0,134.80999755859375,242311300,125.45299911499023,117.78939987182618,78.11657801822842,121.89599990844727,134.19408754242974,109.59791227446479
2024-10-11 00:00:00+00:00,134.00999450683594,135.77999877929688,133.66000366210938,134.8000030517578,170209500,126.79299926757812,118.30119995117188,77.92168427593494,122.68100013732911,136.17388499383742,109.1881152808208
2024-10-14 00:00:00+00:00,136.47000122070312,139.60000610351562,136.3000030517578,138.07000732421875,232347700,128.45599975585938,118.91720016479492,76.9930949926424,123.7455005645752,138.57159225453503,108.91940887461534
2024-10-15 00:00:00+00:00,137.8699951171875,138.57000732421875,128.74000549316406,131.60000610351562,377831000,129.91600036621094,119.5402003479004,61.33370928060323,124.54600105285644,139.2463534491389,109.845648656574
2024-10-16 00:00:00+00:00,133.97999572753906,136.6199951171875,131.5800018310547,135.72000122070312,264879700,131.60300064086914,120.16960037231445,64.86761507069328,125.6635009765625,140.1835845833266,111.14341736979841
2024-10-17 00:00:00+00:00,139.33999633789062,140.88999938964844,136.8699951171875,136.92999267578125,306435900,133.01100006103516,120.9300001525879,70.5151806816063,126.61650047302246,141.48070680900065,111.75229413704426
2024-10-18 00:00:00+00:00,138.6699981689453,138.89999389648438,137.27999877929688,138.0,176090200,134.31900024414062,121.59060012817383,71.29629048209604,127.71650047302246,142.52873561250695,112.90426533353798
2024-10-21 00:00:00+00:00,138.1300048828125,143.7100067138672,138.0,143.7100067138672,264554500,135.91800079345703,122.36980026245118,83.26276540880814,129.0890007019043,144.50619357800315,113.67180782580544
2024-10-22 00:00:00+00:00,142.91000366210938,144.4199981689453,141.77999877929688,143.58999633789062,226311600,136.98800048828124,123.06120025634766,82.1967520879052,130.22500038146973,146.42080076925905,114.0291999936804
2024-10-23 00:00:00+00:00,142.02999877929688,142.42999267578125,137.4600067138672,139.55999755859375,285930000,137.6790008544922,123.52960021972656,71.7295064548216,131.0275001525879,147.41179697777844,114.64320332739734
2024-10-24 00:00:00+00:00,140.82000732421875,141.35000610351562,138.4600067138672,140.41000366210938,172354900,138.23900146484374,123.97620025634765,70.80310847913465,131.846000289917,148.395269592838,115.29673098699598
2024-10-25 00:00:00+00:00,140.92999267578125,144.1300048828125,140.8000030517578,141.5399932861328,205122100,138.91300048828126,124.34980010986328,69.43192784603562,132.85299987792968,149.17538128516253,116.53061847069684
2024-10-28 00:00:00+00:00,143.0,143.13999938964844,140.0500030517578,140.52000427246094,173586700,139.15800018310546,124.6686001586914,62.145819791827584,133.80699996948243,149.54043578872205,118.07356415024283
2024-10-29 00:00:00+00:00,140.2899932861328,142.25999450683594,138.89999389648438,141.25,157593600,140.1229995727539,124.89360015869141,63.47963597018652,135.0194999694824,148.9315518382852,121.10744810067963
2024-10-30 00:00:00+00:00,139.5399932861328,140.3300018310547,136.80999755859375,139.33999633789062,179418100,140.48499908447266,125.13540008544922,57.15639755589346,136.0439998626709,147.7918914884214,124.29610823692036
2024-10-31 00:00:00+00:00,137.60000610351562,137.61000061035156,132.11000061035156,132.75999450683594,270039600,140.06799926757813,125.22059997558594,47.3312290950205,136.53949966430665,146.66870877051326,126.41029055810003
2024-11-01 00:00:00+00:00,134.6999969482422,137.30999755859375,134.57000732421875,135.39999389648438,207127800,139.80799865722656,125.45379989624024,46.44850533672039,137.0634994506836,145.62471320106556,128.50228570030163
2024-11-04 00:00:00+00:00,137.2100067138672,138.9600067138672,135.57000732421875,136.0500030517578,187528200,139.04199829101563,125.58740005493163,57.003456641174516,137.47999954223633,144.85570758575656,130.1042914987161
2024-11-05 00:00:00+00:00,137.4499969482422,140.3699951171875,137.3300018310547,139.91000366210938,160537400,138.6739990234375,125.85640014648438,56.648684771239296,137.83099975585938,144.95069629068456,130.7113032210342
2024-11-06 00:00:00+00:00,142.9600067138672,146.49000549316406,141.9600067138672,145.61000061035156,242043900,139.27899932861328,126.20260009765624,62.05556146597905,138.47900009155273,145.963015590301,130.99498459280446
2024-11-07 00:00:00+00:00,146.38999938964844,148.92999267578125,146.1699981689453,148.8800048828125,207323300,140.1259994506836,126.66800018310546,64.24083953670817,139.18250045776367,147.7771240367585,130.58787687876884
2024-11-08 00:00:00+00:00,148.77000427246094,149.77000427246094,146.25999450683594,147.6300048828125,175665800,140.73500061035156,127.2688003540039,55.80912497145196,139.8240005493164,148.94072299655866,130.70727810207413
2024-11-11 00:00:00+00:00,148.67999267578125,148.85000610351562,143.57000732421875,145.25999450683594,182325600,141.20899963378906,127.78660018920898,52.32008601563358,140.18349990844726,149.57199484016172,130.7950049767328
2024-11-12 00:00:00+00:00,146.77999877929688,149.64999389648438,146.00999450683594,148.2899932861328,198634700,141.91299896240236,128.59240005493163,62.474984791363674,141.01799926757812,150.15778288264653,131.8782156525097
2024-11-13 00:00:00+00:00,149.07000732421875,149.3300018310547,145.89999389648438,146.27000427246094,191903300,142.6059997558594,129.3936001586914,58.10287954878531,141.545499420166,150.6153332440463,132.47566559628572
2024-11-14 00:00:00+00:00,147.63999938964844,149.0,145.5500030517578,146.75999450683594,194463300,144.00599975585936,130.18460006713866,57.347976964032725,142.03699951171876,151.11908791364982,132.9549111097877
2024-11-15 00:00:00+00:00,144.8699951171875,145.24000549316406,140.0800018310547,141.97999572753906,250132900,144.66399993896485,130.96759994506837,51.85844131931037,142.2359992980957,151.11784870652482,133.35414988966656
2024-11-18 00:00:00+00:00,139.5,141.5500030517578,137.14999389648438,140.14999389648438,221866000,145.0739990234375,131.64119979858398,48.637932181152564,142.05799865722656,150.9581402108302,133.15785710362292
2024-11-19 00:00:00+00:00,141.32000732421875,147.1300048828125,140.99000549316406,147.00999450683594,227834900,145.78399810791015,132.41939971923827,58.460178534220525,142.22899856567383,151.3809312931545,133.07706583819316
2024-11-20 00:00:00+00:00,147.41000366210938,147.55999755859375,142.72999572753906,145.88999938964844,309871700,145.81199798583984,132.99899963378905,66.46602268726176,142.54549865722657,151.7464804077947,133.34451690665844
2024-11-21 00:00:00+00:00,149.35000610351562,152.88999938964844,140.6999969482422,146.6699981689453,400946600,145.59099731445312,133.549599609375,64.82505380319651,142.85849838256837,152.17873771047115,133.5382590546656
2024-11-22 00:00:00+00:00,145.92999267578125,147.16000366210938,141.10000610351562,141.9499969482422,236406200,145.0229965209961,134.00659957885742,57.01045125852415,142.87899856567384,152.18882477674083,133.56917235460685
2024-11-25 00:00:00+00:00,141.99000549316406,142.0500030517578,135.82000732421875,136.02000427246094,344941900,144.0989974975586,134.3913996887207,45.59456254603128,142.65399856567382,152.41066487532777,132.89733225601987
2024-11-26 00:00:00+00:00,137.6999969482422,139.3000030517578,135.6699981689453,136.9199981689453,190287700,142.96199798583984,134.8179997253418,38.95805866203409,142.4374984741211,152.51232019963925,132.36267674860295
2024-11-27 00:00:00+00:00,135.00999450683594,137.22000122070312,131.8000030517578,135.33999633789062,226370900,141.8689971923828,135.25739959716796,32.02334280356746,142.23749847412108,152.72171892697773,131.75327802126444
2024-11-29 00:00:00+00:00,136.77999877929688,139.35000610351562,136.0500030517578,138.25,141863200,141.01799774169922,135.66499954223633,38.07221462904278,142.5119987487793,152.2093638549352,132.8146336426234
2024-12-02 00:00:00+00:00,138.8300018310547,140.4499969482422,137.82000732421875,138.6300048828125,171682800,140.68299865722656,136.11759963989257,41.1197499077237,142.6734992980957,151.971516543641,133.37548205255038
2024-12-03 00:00:00+00:00,138.25999450683594,140.5399932861328,137.9499969482422,140.25999450683594,164414000,140.69399871826172,136.59759948730468,38.825483945766486,142.8839988708496,151.73029388797121,134.037703853728
2024-12-04 00:00:00+00:00,142.0,145.7899932861328,140.2899932861328,145.13999938964844,231224300,140.50699920654296,137.082999420166,48.543431911696445,143.14549865722657,151.93062594373782,134.3603713707153
2024-12-05 00:00:00+00:00,145.11000061035156,146.5399932861328,143.9499969482422,145.05999755859375,172621200,140.4239990234375,137.5139993286133,47.7853082232491,143.11799850463868,151.87403825881623,134.36195875046113
2024-12-06 00:00:00+00:00,144.60000610351562,145.6999969482422,141.30999755859375,142.44000244140625,188505600,140.0009994506836,137.88199935913087,50.63501779701252,142.79599838256837,151.12299167865234,134.4690050864844
2024-12-09 00:00:00+00:00,138.97000122070312,139.9499969482422,137.1300048828125,138.80999755859375,189308600,139.68699951171874,138.23019927978515,48.23777390176419,142.35499801635743,150.53701089045143,134.17298514226343
2024-12-10 00:00:00+00:00,139.00999450683594,141.82000732421875,133.7899932861328,135.07000732421875,210020900,139.59199981689454,138.50279937744142,32.89399070044006,141.84549865722656,150.5200911096828,133.17090620477032
2024-12-11 00:00:00+00:00,137.36000061035156,140.1699981689453,135.2100067138672,139.30999755859375,184905200,139.83099975585938,138.94899932861327,41.346651271412796,141.3964988708496,149.58244152193828,133.21055621976092
2024-12-12 00:00:00+00:00,137.0800018310547,138.44000244140625,135.8000030517578,137.33999633789062,159211400,140.03099975585937,139.31879928588867,38.10251530841569,140.9499984741211,148.98954254312125,132.91045440512093
2024-12-13 00:00:00+00:00,138.94000244140625,139.60000610351562,132.5399932861328,134.25,231514900,139.63099975585936,139.54679931640624,39.75518517029723,140.3244987487793,148.40725107446949,132.2417464230891
2024-12-16 00:00:00+00:00,134.17999267578125,134.39999389648438,130.4199981689453,132.0,237951100,138.96799926757814,139.68839935302734,44.07078642227983,139.82549896240235,148.67391003520666,130.97708788959804
2024-12-17 00:00:00+00:00,129.08999633789062,131.58999633789062,126.86000061035156,130.38999938964844,259410300,137.9809997558594,139.74179931640626,40.56630808570673,139.33749923706054,149.13608966764176,129.53890880647933
2024-12-18 00:00:00+00:00,133.86000061035156,136.6999969482422,128.27999877929688,128.91000366210938,277444500,136.35800018310547,139.66219940185547,40.683864760444386,138.43249969482423,148.58443780791129,128.28056158173717
2024-12-19 00:00:00+00:00,131.75999450683594,134.02999877929688,129.5500030517578,130.67999267578125,209719200,134.9199996948242,139.6227993774414,38.657453768609386,137.67199935913087,147.75025760011647,127.59374111814526
2024-12-20 00:00:00+00:00,129.80999755859375,135.27999877929688,128.22000122070312,134.6999969482422,306528600,134.1459991455078,139.62059936523437,44.69060827009856,137.0734992980957,146.28640092518702,127.86059767100436
2024-12-23 00:00:00+00:00,136.27999877929688,139.7899932861328,135.1199951171875,139.6699981689453,176053500,134.23199920654298,139.71799926757814,49.26890124551123,136.95949935913086,145.97258984128314,127.94640887697857
2024-12-24 00:00:00+00:00,140.0,141.89999389648438,138.64999389648438,140.22000122070312,105157000,134.74699859619142,139.7609991455078,43.170458420616754,137.16949920654298,146.28554951518032,128.05344889790564
2024-12-26 00:00:00+00:00,139.6999969482422,140.85000610351562,137.72999572753906,139.92999267578125,116205600,134.80899810791016,139.9275988769531,42.92022129678298,137.31999893188475,146.51772568673272,128.1222721770368
2024-12-27 00:00:00+00:00,138.5500030517578,139.02000427246094,134.7100067138672,137.00999450683594,170582600,134.7759979248047,139.95339874267577,42.56773831895938,137.40349884033202,146.55575011008304,128.251247570581
2024-12-30 00:00:00+00:00,134.8300018310547,140.27000427246094,134.02000427246094,137.49000549316406,167734700,135.0999984741211,139.96459899902345,48.0227793952343,137.36549911499023,146.50925891178778,128.22173931819268
2024-12-31 00:00:00+00:00,138.02999877929688,138.07000732421875,133.8300018310547,134.2899932861328,155659200,135.32899780273436,139.8903988647461,48.81240291924135,137.14849853515625,146.3715543883262,127.92544268198631
